{
    "type": "FeatureCollection",
    "licence": "Data © OpenStreetMap contributors, ODbL 1.0. http://osm.org/copyright",
    "features": [
        {
            "type": "Feature",
            "properties": {
                "place_id": 308312125,
                "osm_type": "relation",
                "osm_id": 4046923,
                "place_rank": 12,
                "category": "boundary",
                "type": "administrative",
                "importance": 0.4192649767660532,
                "addresstype": "town",
                "name": "Jamundí",
                "display_name": "Jamundí, Sur, Valle del Cauca, RAP Pacífico, Colombia"
            },
            "bbox": [
                -76.7834790,
                3.0907597,
                -76.4593095,
                3.3584786
            ],
            "geometry": {
                "type": "Polygon",
                "coordinates": [
                    [
                        [
                            -76.783479,
                            3.2289701
                        ],
                        [
                            -76.7834334,
                            3.2290124
                        ],
                        [
                            -76.7833668,
                            3.2290375
                        ],
                        [
                            -76.7832753,
                            3.2290291
                        ],
                        [
                            -76.7831921,
                            3.229004
                        ],
                        [
                            -76.7830756,
                            3.2289956
                        ],
                        [
                            -76.7829508,
                            3.2290123
                        ],
                        [
                            -76.7828094,
                            3.2290624
                        ],
                        [
                            -76.7827178,
                            3.2290707
                        ],
                        [
                            -76.7825514,
                            3.2291878
                        ],
                        [
                            -76.7824734,
                            3.2292264
                        ],
                        [
                            -76.7824297,
                            3.229264
                        ],
                        [
                            -76.7824172,
                            3.2293644
                        ],
                        [
                            -76.7824172,
                            3.2294648
                        ],
                        [
                            -76.7823984,
                            3.2295087
                        ],
                        [
                            -76.7822299,
                            3.2296529
                        ],
                        [
                            -76.7821987,
                            3.2297093
                        ],
                        [
                            -76.7821674,
                            3.2298034
                        ],
                        [
                            -76.7821362,
                            3.2298724
                        ],
                        [
                            -76.78213,
                            3.2299225
                        ],
                        [
                            -76.782105,
                            3.2299978
                        ],
                        [
                            -76.7820613,
                            3.230048
                        ],
                        [
                            -76.7819926,
                            3.2300793
                        ],
                        [
                            -76.7819739,
                            3.2301107
                        ],
                        [
                            -76.7819302,
                            3.2303114
                        ],
                        [
                            -76.7819177,
                            3.2303992
                        ],
                        [
                            -76.7818989,
                            3.2304493
                        ],
                        [
                            -76.7818629,
                            3.2304753
                        ],
                        [
                            -76.7816833,
                            3.2306048
                        ],
                        [
                            -76.7814995,
                            3.2306603
                        ],
                        [
                            -76.7814596,
                            3.2306556
                        ],
                        [
                            -76.7813131,
                            3.2305635
                        ],
                        [
                            -76.780892,
                            3.2306002
                        ],
                        [
                            -76.7807455,
                            3.2306738
                        ],
                        [
                            -76.7805746,
                            3.2307412
                        ],
                        [
                            -76.780129,
                            3.2308331
                        ],
                        [
                            -76.7799459,
                            3.2308269
                        ],
                        [
                            -76.7797201,
                            3.2307962
                        ],
                        [
                            -76.7795248,
                            3.2308084
                        ],
                        [
                            -76.7794271,
                            3.2308881
                        ],
                        [
                            -76.7792501,
                            3.2309249
                        ],
                        [
                            -76.779012,
                            3.2309186
                        ],
                        [
                            -76.7787923,
                            3.2309799
                        ],
                        [
                            -76.778658,
                            3.2309799
                        ],
                        [
                            -76.7785055,
                            3.2309492
                        ],
                        [
                            -76.7784383,
                            3.2308939
                        ],
                        [
                            -76.7782309,
                            3.2307466
                        ],
                        [
                            -76.7781027,
                            3.2307098
                        ],
                        [
                            -76.7779013,
                            3.2308324
                        ],
                        [
                            -76.777712,
                            3.2309735
                        ],
                        [
                            -76.7775289,
                            3.2309918
                        ],
                        [
                            -76.7773702,
                            3.2309795
                        ],
                        [
                            -76.7772359,
                            3.2309979
                        ],
                        [
                            -76.77712,
                            3.2309488
                        ],
                        [
                            -76.7770083,
                            3.2309436
                        ],
                        [
                            -76.7769857,
                            3.2309426
                        ],
                        [
                            -76.7769446,
                            3.2309695
                        ],
                        [
                            -76.7767232,
                            3.2311143
                        ],
                        [
                            -76.7765401,
                            3.231243
                        ],
                        [
                            -76.7764138,
                            3.2312664
                        ],
                        [
                            -76.7763249,
                            3.2312788
                        ],
                        [
                            -76.7762994,
                            3.2312824
                        ],
                        [
                            -76.7762436,
                            3.2312749
                        ],
                        [
                            -76.7761729,
                            3.2312711
                        ],
                        [
                            -76.776091,
                            3.2312898
                        ],
                        [
                            -76.776024,
                            3.2314169
                        ],
                        [
                            -76.775996,
                            3.2314573
                        ],
                        [
                            -76.7759645,
                            3.2315029
                        ],
                        [
                            -76.7759417,
                            3.2315818
                        ],
                        [
                            -76.7758869,
                            3.2317029
                        ],
                        [
                            -76.7758197,
                            3.2318134
                        ],
                        [
                            -76.7757098,
                            3.2319483
                        ],
                        [
                            -76.77549,
                            3.2321016
                        ],
                        [
                            -76.7752031,
                            3.2323162
                        ],
                        [
                            -76.7751298,
                            3.2324389
                        ],
                        [
                            -76.7749589,
                            3.2325186
                        ],
                        [
                            -76.7745439,
                            3.2326289
                        ],
                        [
                            -76.7744458,
                            3.2326711
                        ],
                        [
                            -76.7743302,
                            3.2327208
                        ],
                        [
                            -76.7741593,
                            3.2328435
                        ],
                        [
                            -76.7740464,
                            3.232916
                        ],
                        [
                            -76.7739487,
                            3.2330387
                        ],
                        [
                            -76.7738266,
                            3.2330632
                        ],
                        [
                            -76.7736231,
                            3.2331122
                        ],
                        [
                            -76.7734766,
                            3.2331285
                        ],
                        [
                            -76.7733627,
                            3.233243
                        ],
                        [
                            -76.773208,
                            3.2334474
                        ],
                        [
                            -76.7731411,
                            3.2335269
                        ],
                        [
                            -76.7731185,
                            3.2335537
                        ],
                        [
                            -76.7730914,
                            3.2336942
                        ],
                        [
                            -76.77303,
                            3.2337588
                        ],
                        [
                            -76.7729685,
                            3.233756
                        ],
                        [
                            -76.7728429,
                            3.2337188
                        ],
                        [
                            -76.7727986,
                            3.2336817
                        ],
                        [
                            -76.7727247,
                            3.2336371
                        ],
                        [
                            -76.772636,
                            3.2335628
                        ],
                        [
                            -76.7725412,
                            3.2335008
                        ],
                        [
                            -76.7724883,
                            3.2334662
                        ],
                        [
                            -76.772274,
                            3.2333696
                        ],
                        [
                            -76.7721853,
                            3.2333547
                        ],
                        [
                            -76.772104,
                            3.2333324
                        ],
                        [
                            -76.7720636,
                            3.2333134
                        ],
                        [
                            -76.7719931,
                            3.233313
                        ],
                        [
                            -76.7718642,
                            3.2332837
                        ],
                        [
                            -76.7717853,
                            3.2332755
                        ],
                        [
                            -76.7716231,
                            3.2332585
                        ],
                        [
                            -76.7714693,
                            3.2332167
                        ],
                        [
                            -76.771431,
                            3.2330592
                        ],
                        [
                            -76.7714042,
                            3.2329949
                        ],
                        [
                            -76.7713612,
                            3.2328985
                        ],
                        [
                            -76.7712861,
                            3.2327593
                        ],
                        [
                            -76.77127,
                            3.2325182
                        ],
                        [
                            -76.7712647,
                            3.2323736
                        ],
                        [
                            -76.7712164,
                            3.2322558
                        ],
                        [
                            -76.7711288,
                            3.2321345
                        ],
                        [
                            -76.7711009,
                            3.2320937
                        ],
                        [
                            -76.7710403,
                            3.2320545
                        ],
                        [
                            -76.7709516,
                            3.2319727
                        ],
                        [
                            -76.7708999,
                            3.2318985
                        ],
                        [
                            -76.7708901,
                            3.2318688
                        ],
                        [
                            -76.7706752,
                            3.2317351
                        ],
                        [
                            -76.7706017,
                            3.2317005
                        ],
                        [
                            -76.7704305,
                            3.2316303
                        ],
                        [
                            -76.7703925,
                            3.2316193
                        ],
                        [
                            -76.7702135,
                            3.2315834
                        ],
                        [
                            -76.7700201,
                            3.2316988
                        ],
                        [
                            -76.7697358,
                            3.231672
                        ],
                        [
                            -76.7695856,
                            3.2316506
                        ],
                        [
                            -76.7694569,
                            3.2315917
                        ],
                        [
                            -76.7693174,
                            3.231522
                        ],
                        [
                            -76.7692852,
                            3.2314899
                        ],
                        [
                            -76.7692262,
                            3.2314631
                        ],
                        [
                            -76.7690706,
                            3.2313881
                        ],
                        [
                            -76.768899,
                            3.2312435
                        ],
                        [
                            -76.7688024,
                            3.2310882
                        ],
                        [
                            -76.7687434,
                            3.2309972
                        ],
                        [
                            -76.7687059,
                            3.2309383
                        ],
                        [
                            -76.7686629,
                            3.2308954
                        ],
                        [
                            -76.7686401,
                            3.2308342
                        ],
                        [
                            -76.7685685,
                            3.2307862
                        ],
                        [
                            -76.7685387,
                            3.2307082
                        ],
                        [
                            -76.7685149,
                            3.2305702
                        ],
                        [
                            -76.7684851,
                            3.2304682
                        ],
                        [
                            -76.7684672,
                            3.2303242
                        ],
                        [
                            -76.7684613,
                            3.2301742
                        ],
                        [
                            -76.7683837,
                            3.2300722
                        ],
                        [
                            -76.7682942,
                            3.2300242
                        ],
                        [
                            -76.768151,
                            3.2299702
                        ],
                        [
                            -76.7680734,
                            3.2299102
                        ],
                        [
                            -76.7680233,
                            3.2298182
                        ],
                        [
                            -76.767969,
                            3.2297825
                        ],
                        [
                            -76.767927,
                            3.229667
                        ],
                        [
                            -76.76793,
                            3.2296311
                        ],
                        [
                            -76.767906,
                            3.2295412
                        ],
                        [
                            -76.767906,
                            3.2293519
                        ],
                        [
                            -76.7679139,
                            3.2291311
                        ],
                        [
                            -76.7679611,
                            3.2289497
                        ],
                        [
                            -76.7680239,
                            3.2288315
                        ],
                        [
                            -76.7680945,
                            3.2287132
                        ],
                        [
                            -76.7681417,
                            3.2285397
                        ],
                        [
                            -76.7681576,
                            3.2283815
                        ],
                        [
                            -76.7681276,
                            3.2283384
                        ],
                        [
                            -76.7680025,
                            3.2282011
                        ],
                        [
                            -76.7679954,
                            3.2281886
                        ],
                        [
                            -76.7679311,
                            3.2281435
                        ],
                        [
                            -76.7677966,
                            3.2280901
                        ],
                        [
                            -76.7676946,
                            3.2280269
                        ],
                        [
                            -76.7675298,
                            3.2278691
                        ],
                        [
                            -76.767373,
                            3.2276956
                        ],
                        [
                            -76.7673181,
                            3.2276167
                        ],
                        [
                            -76.7673181,
                            3.2275142
                        ],
                        [
                            -76.7672397,
                            3.2274353
                        ],
                        [
                            -76.7671063,
                            3.227317
                        ],
                        [
                            -76.7670122,
                            3.2272617
                        ],
                        [
                            -76.7667925,
                            3.2271039
                        ],
                        [
                            -76.7666591,
                            3.2270408
                        ],
                        [
                            -76.7666121,
                            3.2269934
                        ],
                        [
                            -76.7665023,
                            3.2268988
                        ],
                        [
                            -76.7664944,
                            3.2268278
                        ],
                        [
                            -76.7665102,
                            3.2266543
                        ],
                        [
                            -76.7665103,
                            3.2266538
                        ],
                        [
                            -76.7665494,
                            3.2265439
                        ],
                        [
                            -76.7666436,
                            3.2264256
                        ],
                        [
                            -76.7667143,
                            3.2262995
                        ],
                        [
                            -76.7667065,
                            3.2261575
                        ],
                        [
                            -76.7665967,
                            3.2260944
                        ],
                        [
                            -76.7665732,
                            3.2260755
                        ],
                        [
                            -76.7665692,
                            3.2260654
                        ],
                        [
                            -76.7664899,
                            3.2259743
                        ],
                        [
                            -76.7662408,
                            3.2257806
                        ],
                        [
                            -76.7659913,
                            3.2255576
                        ],
                        [
                            -76.7658331,
                            3.2254162
                        ],
                        [
                            -76.7656632,
                            3.225234
                        ],
                        [
                            -76.7656066,
                            3.2250973
                        ],
                        [
                            -76.7655841,
                            3.224881
                        ],
                        [
                            -76.7655026,
                            3.2247923
                        ],
                        [
                            -76.7655156,
                            3.2247168
                        ],
                        [
                            -76.7654994,
                            3.2246114
                        ],
                        [
                            -76.7654957,
                            3.2245874
                        ],
                        [
                            -76.7654927,
                            3.2245679
                        ],
                        [
                            -76.7654565,
                            3.2244323
                        ],
                        [
                            -76.7654143,
                            3.2243284
                        ],
                        [
                            -76.7654298,
                            3.2242424
                        ],
                        [
                            -76.7654298,
                            3.2241393
                        ],
                        [
                            -76.7654494,
                            3.2238251
                        ],
                        [
                            -76.7654397,
                            3.2237515
                        ],
                        [
                            -76.7654397,
                            3.2236729
                        ],
                        [
                            -76.7654348,
                            3.2235845
                        ],
                        [
                            -76.7654056,
                            3.2235158
                        ],
                        [
                            -76.7653665,
                            3.2234372
                        ],
                        [
                            -76.7653128,
                            3.2233832
                        ],
                        [
                            -76.765264,
                            3.2233145
                        ],
                        [
                            -76.7651712,
                            3.2230935
                        ],
                        [
                            -76.7651664,
                            3.2230248
                        ],
                        [
                            -76.7651371,
                            3.2229069
                        ],
                        [
                            -76.7650834,
                            3.2227793
                        ],
                        [
                            -76.765059,
                            3.222686
                        ],
                        [
                            -76.7649809,
                            3.2225043
                        ],
                        [
                            -76.764893,
                            3.2224012
                        ],
                        [
                            -76.7648247,
                            3.222303
                        ],
                        [
                            -76.764771,
                            3.2221999
                        ],
                        [
                            -76.7646831,
                            3.2220869
                        ],
                        [
                            -76.7645708,
                            3.221969
                        ],
                        [
                            -76.7644536,
                            3.2218708
                        ],
                        [
                            -76.7642876,
                            3.221748
                        ],
                        [
                            -76.7641362,
                            3.2216793
                        ],
                        [
                            -76.7640043,
                            3.2215908
                        ],
                        [
                            -76.763892,
                            3.2215221
                        ],
                        [
                            -76.7637894,
                            3.2214435
                        ],
                        [
                            -76.7636673,
                            3.221414
                        ],
                        [
                            -76.7635208,
                            3.2213599
                        ],
                        [
                            -76.7634329,
                            3.2212814
                        ],
                        [
                            -76.7632962,
                            3.2212077
                        ],
                        [
                            -76.7631839,
                            3.2211095
                        ],
                        [
                            -76.7631399,
                            3.2210554
                        ],
                        [
                            -76.7630813,
                            3.2209965
                        ],
                        [
                            -76.7630374,
                            3.2209327
                        ],
                        [
                            -76.7629042,
                            3.2206658
                        ],
                        [
                            -76.7628864,
                            3.2206464
                        ],
                        [
                            -76.7628327,
                            3.2206022
                        ],
                        [
                            -76.7626618,
                            3.2205334
                        ],
                        [
                            -76.762569,
                            3.2204745
                        ],
                        [
                            -76.7625479,
                            3.220451
                        ],
                        [
                            -76.7625182,
                            3.220445
                        ],
                        [
                            -76.7624732,
                            3.2204018
                        ],
                        [
                            -76.7624195,
                            3.2204344
                        ],
                        [
                            -76.7623712,
                            3.2204506
                        ],
                        [
                            -76.7622745,
                            3.2204246
                        ],
                        [
                            -76.7620486,
                            3.2198676
                        ],
                        [
                            -76.7620325,
                            3.2198247
                        ],
                        [
                            -76.7619199,
                            3.2195194
                        ],
                        [
                            -76.7617482,
                            3.2192891
                        ],
                        [
                            -76.7616195,
                            3.2192195
                        ],
                        [
                            -76.7613673,
                            3.2191659
                        ],
                        [
                            -76.761083,
                            3.219016
                        ],
                        [
                            -76.7608094,
                            3.218775
                        ],
                        [
                            -76.7605197,
                            3.2184857
                        ],
                        [
                            -76.7602032,
                            3.2182286
                        ],
                        [
                            -76.7598814,
                            3.2179608
                        ],
                        [
                            -76.7593986,
                            3.2176127
                        ],
                        [
                            -76.7589963,
                            3.2173235
                        ],
                        [
                            -76.7585778,
                            3.2170664
                        ],
                        [
                            -76.7583633,
                            3.2169004
                        ],
                        [
                            -76.7579448,
                            3.2164183
                        ],
                        [
                            -76.7576873,
                            3.2159202
                        ],
                        [
                            -76.7578214,
                            3.21539
                        ],
                        [
                            -76.7580038,
                            3.2151168
                        ],
                        [
                            -76.7583847,
                            3.2149561
                        ],
                        [
                            -76.7587656,
                            3.2149079
                        ],
                        [
                            -76.7590982,
                            3.2148919
                        ],
                        [
                            -76.7594844,
                            3.214849
                        ],
                        [
                            -76.7596936,
                            3.2144634
                        ],
                        [
                            -76.75964,
                            3.2141956
                        ],
                        [
                            -76.7595112,
                            3.2138528
                        ],
                        [
                            -76.759361,
                            3.2134404
                        ],
                        [
                            -76.7591411,
                            3.2131512
                        ],
                        [
                            -76.7588139,
                            3.2128405
                        ],
                        [
                            -76.7585135,
                            3.2126745
                        ],
                        [
                            -76.7581701,
                            3.2126691
                        ],
                        [
                            -76.7576659,
                            3.2127173
                        ],
                        [
                            -76.757049,
                            3.2127334
                        ],
                        [
                            -76.7567968,
                            3.2126477
                        ],
                        [
                            -76.7564482,
                            3.212471
                        ],
                        [
                            -76.7560458,
                            3.2122621
                        ],
                        [
                            -76.7557079,
                            3.2121175
                        ],
                        [
                            -76.7555255,
                            3.2120157
                        ],
                        [
                            -76.7544043,
                            3.2114694
                        ],
                        [
                            -76.7542756,
                            3.2113891
                        ],
                        [
                            -76.7538464,
                            3.2109659
                        ],
                        [
                            -76.7537016,
                            3.2107356
                        ],
                        [
                            -76.7534065,
                            3.2104464
                        ],
                        [
                            -76.7530364,
                            3.2102589
                        ],
                        [
                            -76.7528111,
                            3.2100822
                        ],
                        [
                            -76.7527252,
                            3.2096966
                        ],
                        [
                            -76.7527843,
                            3.2093163
                        ],
                        [
                            -76.7529881,
                            3.2089146
                        ],
                        [
                            -76.7530471,
                            3.2088396
                        ],
                        [
                            -76.7539752,
                            3.2084808
                        ],
                        [
                            -76.7542702,
                            3.2083469
                        ],
                        [
                            -76.7545331,
                            3.2081915
                        ],
                        [
                            -76.7548335,
                            3.2080148
                        ],
                        [
                            -76.7553109,
                            3.2078487
                        ],
                        [
                            -76.7556489,
                            3.2076613
                        ],
                        [
                            -76.7558473,
                            3.2074417
                        ],
                        [
                            -76.7558259,
                            3.2071792
                        ],
                        [
                            -76.7555416,
                            3.2069061
                        ],
                        [
                            -76.7551822,
                            3.2066918
                        ],
                        [
                            -76.7548066,
                            3.2064722
                        ],
                        [
                            -76.7543882,
                            3.2061723
                        ],
                        [
                            -76.7539537,
                            3.2058188
                        ],
                        [
                            -76.7533529,
                            3.2054225
                        ],
                        [
                            -76.75309,
                            3.2049029
                        ],
                        [
                            -76.7531544,
                            3.2045869
                        ],
                        [
                            -76.7534763,
                            3.2042763
                        ],
                        [
                            -76.753884,
                            3.2040781
                        ],
                        [
                            -76.7543507,
                            3.2039496
                        ],
                        [
                            -76.7547584,
                            3.2038049
                        ],
                        [
                            -76.7554718,
                            3.2037353
                        ],
                        [
                            -76.7562658,
                            3.203355
                        ],
                        [
                            -76.7568237,
                            3.2030444
                        ],
                        [
                            -76.7574996,
                            3.2027873
                        ],
                        [
                            -76.7579556,
                            3.2026213
                        ],
                        [
                            -76.7584115,
                            3.202407
                        ],
                        [
                            -76.7589212,
                            3.2020857
                        ],
                        [
                            -76.7591357,
                            3.2018286
                        ],
                        [
                            -76.7591089,
                            3.2016572
                        ],
                        [
                            -76.7589641,
                            3.2013465
                        ],
                        [
                            -76.7587388,
                            3.2008216
                        ],
                        [
                            -76.7585939,
                            3.2005324
                        ],
                        [
                            -76.7583901,
                            3.2002325
                        ],
                        [
                            -76.758095,
                            3.200045
                        ],
                        [
                            -76.7577785,
                            3.1999379
                        ],
                        [
                            -76.7572743,
                            3.1997718
                        ],
                        [
                            -76.7570436,
                            3.1996112
                        ],
                        [
                            -76.7566896,
                            3.1993326
                        ],
                        [
                            -76.7560136,
                            3.1989363
                        ],
                        [
                            -76.7557561,
                            3.198781
                        ],
                        [
                            -76.7553324,
                            3.1987596
                        ],
                        [
                            -76.7547369,
                            3.1988185
                        ],
                        [
                            -76.7538786,
                            3.1989256
                        ],
                        [
                            -76.7534226,
                            3.1989631
                        ],
                        [
                            -76.7530417,
                            3.1989684
                        ],
                        [
                            -76.7524785,
                            3.1989042
                        ],
                        [
                            -76.7517811,
                            3.1988185
                        ],
                        [
                            -76.7515183,
                            3.1987917
                        ],
                        [
                            -76.7510998,
                            3.198706
                        ],
                        [
                            -76.750735,
                            3.198481
                        ],
                        [
                            -76.7505312,
                            3.1982829
                        ],
                        [
                            -76.7503059,
                            3.1980097
                        ],
                        [
                            -76.7500591,
                            3.1977365
                        ],
                        [
                            -76.7496729,
                            3.1977365
                        ],
                        [
                            -76.7492813,
                            3.1976348
                        ],
                        [
                            -76.7490774,
                            3.1972331
                        ],
                        [
                            -76.7491955,
                            3.1967082
                        ],
                        [
                            -76.7492384,
                            3.196585
                        ],
                        [
                            -76.749174,
                            3.1963815
                        ],
                        [
                            -76.7490023,
                            3.1961886
                        ],
                        [
                            -76.7485625,
                            3.1960119
                        ],
                        [
                            -76.7483103,
                            3.1959423
                        ],
                        [
                            -76.7481172,
                            3.1959262
                        ],
                        [
                            -76.7479295,
                            3.1959262
                        ],
                        [
                            -76.7474628,
                            3.1958887
                        ],
                        [
                            -76.7471677,
                            3.1957976
                        ],
                        [
                            -76.7468137,
                            3.1956637
                        ],
                        [
                            -76.7464542,
                            3.1953692
                        ],
                        [
                            -76.7462128,
                            3.1951496
                        ],
                        [
                            -76.7461807,
                            3.1946032
                        ],
                        [
                            -76.746127,
                            3.194148
                        ],
                        [
                            -76.746068,
                            3.1938855
                        ],
                        [
                            -76.7459714,
                            3.1937409
                        ],
                        [
                            -76.7458803,
                            3.1936873
                        ],
                        [
                            -76.7453545,
                            3.1935213
                        ],
                        [
                            -76.7452043,
                            3.193457
                        ],
                        [
                            -76.7450059,
                            3.1932696
                        ],
                        [
                            -76.7447805,
                            3.1926161
                        ],
                        [
                            -76.7448825,
                            3.192343
                        ],
                        [
                            -76.7453063,
                            3.1923269
                        ],
                        [
                            -76.7456979,
                            3.1921234
                        ],
                        [
                            -76.7458312,
                            3.1918491
                        ],
                        [
                            -76.7457837,
                            3.191577
                        ],
                        [
                            -76.7455101,
                            3.1911753
                        ],
                        [
                            -76.7455316,
                            3.1910575
                        ],
                        [
                            -76.7457032,
                            3.190854
                        ],
                        [
                            -76.746127,
                            3.1906183
                        ],
                        [
                            -76.7464596,
                            3.1906183
                        ],
                        [
                            -76.7468834,
                            3.190854
                        ],
                        [
                            -76.7471731,
                            3.1910789
                        ],
                        [
                            -76.7475218,
                            3.1911646
                        ],
                        [
                            -76.7478758,
                            3.1911164
                        ],
                        [
                            -76.7480421,
                            3.1909397
                        ],
                        [
                            -76.748026,
                            3.1904148
                        ],
                        [
                            -76.7479026,
                            3.1897935
                        ],
                        [
                            -76.7477846,
                            3.1893757
                        ],
                        [
                            -76.7475218,
                            3.1888722
                        ],
                        [
                            -76.7472643,
                            3.1889044
                        ],
                        [
                            -76.7468995,
                            3.1890061
                        ],
                        [
                            -76.7466259,
                            3.1890008
                        ],
                        [
                            -76.7464113,
                            3.1889418
                        ],
                        [
                            -76.7462128,
                            3.1888133
                        ],
                        [
                            -76.7457193,
                            3.1883955
                        ],
                        [
                            -76.7454672,
                            3.1881599
                        ],
                        [
                            -76.7451775,
                            3.1879135
                        ],
                        [
                            -76.7448749,
                            3.1877033
                        ],
                        [
                            -76.7447966,
                            3.1875493
                        ],
                        [
                            -76.7449093,
                            3.1872172
                        ],
                        [
                            -76.7449361,
                            3.187169
                        ],
                        [
                            -76.7449576,
                            3.1870993
                        ],
                        [
                            -76.7449737,
                            3.1869333
                        ],
                        [
                            -76.7448825,
                            3.1867673
                        ],
                        [
                            -76.7446303,
                            3.1868637
                        ],
                        [
                            -76.7444962,
                            3.1869547
                        ],
                        [
                            -76.744405,
                            3.1869976
                        ],
                        [
                            -76.7440993,
                            3.1869762
                        ],
                        [
                            -76.7438901,
                            3.1869172
                        ],
                        [
                            -76.7436755,
                            3.1869922
                        ],
                        [
                            -76.743198,
                            3.1872654
                        ],
                        [
                            -76.7428923,
                            3.1873136
                        ],
                        [
                            -76.7426723,
                            3.1872279
                        ],
                        [
                            -76.742506,
                            3.1871529
                        ],
                        [
                            -76.7423451,
                            3.1871502
                        ],
                        [
                            -76.7422378,
                            3.1872332
                        ],
                        [
                            -76.7420876,
                            3.1873939
                        ],
                        [
                            -76.7418945,
                            3.1874368
                        ],
                        [
                            -76.741704,
                            3.1873645
                        ],
                        [
                            -76.7416269,
                            3.1873026
                        ],
                        [
                            -76.7414251,
                            3.1870859
                        ],
                        [
                            -76.7412454,
                            3.1869467
                        ],
                        [
                            -76.7410818,
                            3.1868074
                        ],
                        [
                            -76.740725,
                            3.1866816
                        ],
                        [
                            -76.7404541,
                            3.1864861
                        ],
                        [
                            -76.7401564,
                            3.1863414
                        ],
                        [
                            -76.7400008,
                            3.1862718
                        ],
                        [
                            -76.7397997,
                            3.1862584
                        ],
                        [
                            -76.7396173,
                            3.1862236
                        ],
                        [
                            -76.7394912,
                            3.1861727
                        ],
                        [
                            -76.7394295,
                            3.1860201
                        ],
                        [
                            -76.7395127,
                            3.1858433
                        ],
                        [
                            -76.7396495,
                            3.1857148
                        ],
                        [
                            -76.7396227,
                            3.1855648
                        ],
                        [
                            -76.7395717,
                            3.1854202
                        ],
                        [
                            -76.7395046,
                            3.1852756
                        ],
                        [
                            -76.7394108,
                            3.1851095
                        ],
                        [
                            -76.7393866,
                            3.1848417
                        ],
                        [
                            -76.7393437,
                            3.184665
                        ],
                        [
                            -76.7392901,
                            3.1845284
                        ],
                        [
                            -76.739282,
                            3.1844641
                        ],
                        [
                            -76.7393088,
                            3.1842204
                        ],
                        [
                            -76.7393491,
                            3.1840249
                        ],
                        [
                            -76.7393625,
                            3.1839553
                        ],
                        [
                            -76.7393866,
                            3.1838455
                        ],
                        [
                            -76.7394483,
                            3.1836714
                        ],
                        [
                            -76.7394671,
                            3.183492
                        ],
                        [
                            -76.7394698,
                            3.1833393
                        ],
                        [
                            -76.7395502,
                            3.1831572
                        ],
                        [
                            -76.739687,
                            3.1830769
                        ],
                        [
                            -76.7397299,
                            3.1830501
                        ],
                        [
                            -76.7398587,
                            3.1829671
                        ],
                        [
                            -76.7399713,
                            3.1828921
                        ],
                        [
                            -76.7401028,
                            3.1828225
                        ],
                        [
                            -76.7402852,
                            3.1827127
                        ],
                        [
                            -76.7404836,
                            3.182702
                        ],
                        [
                            -76.7407358,
                            3.182702
                        ],
                        [
                            -76.7409879,
                            3.1826912
                        ],
                        [
                            -76.74124,
                            3.1827073
                        ],
                        [
                            -76.7413607,
                            3.1827582
                        ],
                        [
                            -76.7414734,
                            3.1828064
                        ],
                        [
                            -76.7416316,
                            3.1828385
                        ],
                        [
                            -76.7418543,
                            3.1827689
                        ],
                        [
                            -76.7420393,
                            3.182702
                        ],
                        [
                            -76.7424122,
                            3.1826163
                        ],
                        [
                            -76.7426884,
                            3.1825118
                        ],
                        [
                            -76.7428789,
                            3.1824261
                        ],
                        [
                            -76.743123,
                            3.1822854
                        ],
                        [
                            -76.7434126,
                            3.1822574
                        ],
                        [
                            -76.7435458,
                            3.1822854
                        ],
                        [
                            -76.7436808,
                            3.1824583
                        ],
                        [
                            -76.7437479,
                            3.1825922
                        ],
                        [
                            -76.7437881,
                            3.1826698
                        ],
                        [
                            -76.7439008,
                            3.1826966
                        ],
                        [
                            -76.7440832,
                            3.1826029
                        ],
                        [
                            -76.7441797,
                            3.1825493
                        ],
                        [
                            -76.7444935,
                            3.1823431
                        ],
                        [
                            -76.7446062,
                            3.1822681
                        ],
                        [
                            -76.7447269,
                            3.1821047
                        ],
                        [
                            -76.7447832,
                            3.1819869
                        ],
                        [
                            -76.7447644,
                            3.1817887
                        ],
                        [
                            -76.7446572,
                            3.1814915
                        ],
                        [
                            -76.7446223,
                            3.1811996
                        ],
                        [
                            -76.7445472,
                            3.1809184
                        ],
                        [
                            -76.7444935,
                            3.1806613
                        ],
                        [
                            -76.7444131,
                            3.1804658
                        ],
                        [
                            -76.744279,
                            3.1802783
                        ],
                        [
                            -76.7440939,
                            3.1801819
                        ],
                        [
                            -76.743874,
                            3.1801283
                        ],
                        [
                            -76.7434689,
                            3.1801364
                        ],
                        [
                            -76.7432651,
                            3.1801015
                        ],
                        [
                            -76.7428386,
                            3.1800989
                        ],
                        [
                            -76.7425516,
                            3.1801364
                        ],
                        [
                            -76.7423746,
                            3.1800962
                        ],
                        [
                            -76.7420688,
                            3.1799757
                        ],
                        [
                            -76.7417926,
                            3.1799034
                        ],
                        [
                            -76.7416021,
                            3.179807
                        ],
                        [
                            -76.7414627,
                            3.1797132
                        ],
                        [
                            -76.7414036,
                            3.1796168
                        ],
                        [
                            -76.7413554,
                            3.1793624
                        ],
                        [
                            -76.7413607,
                            3.1792285
                        ],
                        [
                            -76.74135,
                            3.1790383
                        ],
                        [
                            -76.7413205,
                            3.17895
                        ],
                        [
                            -76.7411193,
                            3.1787946
                        ],
                        [
                            -76.7408189,
                            3.1785349
                        ],
                        [
                            -76.7407492,
                            3.1783501
                        ],
                        [
                            -76.7407385,
                            3.1781171
                        ],
                        [
                            -76.7406902,
                            3.177935
                        ],
                        [
                            -76.7406446,
                            3.1777609
                        ],
                        [
                            -76.7406231,
                            3.1776404
                        ],
                        [
                            -76.7405748,
                            3.177469
                        ],
                        [
                            -76.7406365,
                            3.1772869
                        ],
                        [
                            -76.7409235,
                            3.1771101
                        ],
                        [
                            -76.7410603,
                            3.1770753
                        ],
                        [
                            -76.7411676,
                            3.1770378
                        ],
                        [
                            -76.7412803,
                            3.1769468
                        ],
                        [
                            -76.7412937,
                            3.1767861
                        ],
                        [
                            -76.7413205,
                            3.1765906
                        ],
                        [
                            -76.7412561,
                            3.1763495
                        ],
                        [
                            -76.7412132,
                            3.1760228
                        ],
                        [
                            -76.7412213,
                            3.1758621
                        ],
                        [
                            -76.7412722,
                            3.1757122
                        ],
                        [
                            -76.741358,
                            3.1755488
                        ],
                        [
                            -76.7413741,
                            3.1753694
                        ],
                        [
                            -76.7413822,
                            3.1750507
                        ],
                        [
                            -76.7413956,
                            3.1748659
                        ],
                        [
                            -76.7413956,
                            3.1746891
                        ],
                        [
                            -76.7413473,
                            3.1745927
                        ],
                        [
                            -76.7413124,
                            3.1745124
                        ],
                        [
                            -76.7412695,
                            3.1743758
                        ],
                        [
                            -76.7412695,
                            3.1742446
                        ],
                        [
                            -76.7412454,
                            3.1741508
                        ],
                        [
                            -76.7412668,
                            3.1740035
                        ],
                        [
                            -76.7413956,
                            3.1738321
                        ],
                        [
                            -76.7414975,
                            3.1737786
                        ],
                        [
                            -76.7416424,
                            3.1736848
                        ],
                        [
                            -76.7416558,
                            3.1735563
                        ],
                        [
                            -76.7416155,
                            3.1733795
                        ],
                        [
                            -76.7415968,
                            3.1732724
                        ],
                        [
                            -76.741637,
                            3.173184
                        ],
                        [
                            -76.7417014,
                            3.1731198
                        ],
                        [
                            -76.7417792,
                            3.1730448
                        ],
                        [
                            -76.7418811,
                            3.173018
                        ],
                        [
                            -76.7420313,
                            3.1730448
                        ],
                        [
                            -76.7421278,
                            3.1730314
                        ],
                        [
                            -76.7421922,
                            3.1729269
                        ],
                        [
                            -76.742211,
                            3.1728171
                        ],
                        [
                            -76.7421627,
                            3.1727127
                        ],
                        [
                            -76.7420474,
                            3.172544
                        ],
                        [
                            -76.7418891,
                            3.172402
                        ],
                        [
                            -76.741645,
                            3.1722012
                        ],
                        [
                            -76.7415324,
                            3.1721074
                        ],
                        [
                            -76.74135,
                            3.1719682
                        ],
                        [
                            -76.7411327,
                            3.1718316
                        ],
                        [
                            -76.7408431,
                            3.1717486
                        ],
                        [
                            -76.7405668,
                            3.1717379
                        ],
                        [
                            -76.7404729,
                            3.1717191
                        ],
                        [
                            -76.7404246,
                            3.1716548
                        ],
                        [
                            -76.7403603,
                            3.1715504
                        ],
                        [
                            -76.7403093,
                            3.1714513
                        ],
                        [
                            -76.7402664,
                            3.1712826
                        ],
                        [
                            -76.7402449,
                            3.1711166
                        ],
                        [
                            -76.7402664,
                            3.1709344
                        ],
                        [
                            -76.7402798,
                            3.1708862
                        ],
                        [
                            -76.7403361,
                            3.1707443
                        ],
                        [
                            -76.7403951,
                            3.1705783
                        ],
                        [
                            -76.740438,
                            3.1703854
                        ],
                        [
                            -76.74043,
                            3.1701926
                        ],
                        [
                            -76.7403924,
                            3.1700426
                        ],
                        [
                            -76.7403361,
                            3.1699168
                        ],
                        [
                            -76.7403764,
                            3.1697748
                        ],
                        [
                            -76.7403871,
                            3.1696088
                        ],
                        [
                            -76.7404032,
                            3.1695204
                        ],
                        [
                            -76.7404273,
                            3.1694374
                        ],
                        [
                            -76.7404595,
                            3.1693008
                        ],
                        [
                            -76.740489,
                            3.1690785
                        ],
                        [
                            -76.7404971,
                            3.1688937
                        ],
                        [
                            -76.7405131,
                            3.1686313
                        ],
                        [
                            -76.74054,
                            3.1685482
                        ],
                        [
                            -76.7406017,
                            3.1684706
                        ],
                        [
                            -76.7406634,
                            3.1683608
                        ],
                        [
                            -76.7408001,
                            3.1682804
                        ],
                        [
                            -76.7409825,
                            3.1682162
                        ],
                        [
                            -76.7411917,
                            3.1681921
                        ],
                        [
                            -76.741299,
                            3.1682001
                        ],
                        [
                            -76.7414036,
                            3.1682483
                        ],
                        [
                            -76.741586,
                            3.1683126
                        ],
                        [
                            -76.7417631,
                            3.1683179
                        ],
                        [
                            -76.7419481,
                            3.168267
                        ],
                        [
                            -76.7423156,
                            3.1680796
                        ],
                        [
                            -76.7423934,
                            3.1679992
                        ],
                        [
                            -76.7425543,
                            3.1678787
                        ],
                        [
                            -76.7427313,
                            3.1677609
                        ],
                        [
                            -76.7430854,
                            3.1675922
                        ],
                        [
                            -76.7432812,
                            3.1673618
                        ],
                        [
                            -76.7433617,
                            3.1672494
                        ],
                        [
                            -76.7433858,
                            3.1671931
                        ],
                        [
                            -76.7434046,
                            3.1670485
                        ],
                        [
                            -76.7433697,
                            3.1669226
                        ],
                        [
                            -76.7432785,
                            3.1668182
                        ],
                        [
                            -76.7432624,
                            3.1666709
                        ],
                        [
                            -76.7432329,
                            3.1662611
                        ],
                        [
                            -76.7432061,
                            3.1661594
                        ],
                        [
                            -76.7431444,
                            3.1660121
                        ],
                        [
                            -76.7430425,
                            3.1658808
                        ],
                        [
                            -76.7429647,
                            3.1657175
                        ],
                        [
                            -76.7428842,
                            3.1655836
                        ],
                        [
                            -76.7428118,
                            3.1654845
                        ],
                        [
                            -76.7428359,
                            3.1652033
                        ],
                        [
                            -76.7428091,
                            3.1650399
                        ],
                        [
                            -76.7428118,
                            3.1648578
                        ],
                        [
                            -76.742852,
                            3.16474
                        ],
                        [
                            -76.7429271,
                            3.1645766
                        ],
                        [
                            -76.7430022,
                            3.1644266
                        ],
                        [
                            -76.7431149,
                            3.1643597
                        ],
                        [
                            -76.7432168,
                            3.1643222
                        ],
                        [
                            -76.7432919,
                            3.164207
                        ],
                        [
                            -76.7433536,
                            3.164049
                        ],
                        [
                            -76.7434341,
                            3.1640276
                        ],
                        [
                            -76.7434582,
                            3.1640088
                        ],
                        [
                            -76.7434877,
                            3.1639526
                        ],
                        [
                            -76.743485,
                            3.1638776
                        ],
                        [
                            -76.7434716,
                            3.1638053
                        ],
                        [
                            -76.7434931,
                            3.1637035
                        ],
                        [
                            -76.7435655,
                            3.1636714
                        ],
                        [
                            -76.743654,
                            3.1636687
                        ],
                        [
                            -76.7437694,
                            3.1636286
                        ],
                        [
                            -76.7438552,
                            3.1635482
                        ],
                        [
                            -76.7439705,
                            3.1634545
                        ],
                        [
                            -76.7441958,
                            3.1633902
                        ],
                        [
                            -76.7444828,
                            3.1633848
                        ],
                        [
                            -76.7446035,
                            3.1633875
                        ],
                        [
                            -76.7447162,
                            3.1633607
                        ],
                        [
                            -76.7448932,
                            3.1633099
                        ],
                        [
                            -76.7450783,
                            3.1632724
                        ],
                        [
                            -76.7454001,
                            3.1630929
                        ],
                        [
                            -76.7455235,
                            3.1629135
                        ],
                        [
                            -76.7456576,
                            3.1627742
                        ],
                        [
                            -76.7457837,
                            3.1625948
                        ],
                        [
                            -76.7457622,
                            3.1623645
                        ],
                        [
                            -76.7457354,
                            3.1623056
                        ],
                        [
                            -76.7457354,
                            3.1621395
                        ],
                        [
                            -76.7457837,
                            3.1619199
                        ],
                        [
                            -76.7458695,
                            3.1617057
                        ],
                        [
                            -76.7459124,
                            3.1614807
                        ],
                        [
                            -76.7459232,
                            3.1612879
                        ],
                        [
                            -76.745891,
                            3.161095
                        ],
                        [
                            -76.74592,
                            3.1608202
                        ],
                        [
                            -76.7459822,
                            3.1607308
                        ],
                        [
                            -76.7460948,
                            3.1607897
                        ],
                        [
                            -76.7462075,
                            3.1608326
                        ],
                        [
                            -76.7463094,
                            3.1608165
                        ],
                        [
                            -76.7464221,
                            3.1607522
                        ],
                        [
                            -76.7466313,
                            3.160613
                        ],
                        [
                            -76.7467976,
                            3.1605862
                        ],
                        [
                            -76.7470175,
                            3.1606398
                        ],
                        [
                            -76.7473018,
                            3.1606558
                        ],
                        [
                            -76.7474896,
                            3.1606773
                        ],
                        [
                            -76.7476773,
                            3.1606291
                        ],
                        [
                            -76.7477953,
                            3.1605755
                        ],
                        [
                            -76.7480099,
                            3.1604737
                        ],
                        [
                            -76.7481333,
                            3.1601523
                        ],
                        [
                            -76.7482728,
                            3.1600077
                        ],
                        [
                            -76.7483586,
                            3.1599488
                        ],
                        [
                            -76.7484659,
                            3.1598738
                        ],
                        [
                            -76.748541,
                            3.1597453
                        ],
                        [
                            -76.7484927,
                            3.1595364
                        ],
                        [
                            -76.7483801,
                            3.1593007
                        ],
                        [
                            -76.7482835,
                            3.1591561
                        ],
                        [
                            -76.7481977,
                            3.1589847
                        ],
                        [
                            -76.7481709,
                            3.1588079
                        ],
                        [
                            -76.7481762,
                            3.1587008
                        ],
                        [
                            -76.7482406,
                            3.1585026
                        ],
                        [
                            -76.748305,
                            3.1583098
                        ],
                        [
                            -76.7483425,
                            3.1580848
                        ],
                        [
                            -76.7483318,
                            3.1577902
                        ],
                        [
                            -76.7481816,
                            3.1575599
                        ],
                        [
                            -76.7481601,
                            3.157351
                        ],
                        [
                            -76.7481762,
                            3.1572278
                        ],
                        [
                            -76.7481279,
                            3.1570671
                        ],
                        [
                            -76.747908,
                            3.1567993
                        ],
                        [
                            -76.7479026,
                            3.1566011
                        ],
                        [
                            -76.748026,
                            3.1562101
                        ],
                        [
                            -76.7482728,
                            3.155878
                        ],
                        [
                            -76.7484569,
                            3.1556405
                        ],
                        [
                            -76.7486322,
                            3.155562
                        ],
                        [
                            -76.7486966,
                            3.1554763
                        ],
                        [
                            -76.748777,
                            3.1553371
                        ],
                        [
                            -76.7488736,
                            3.1551549
                        ],
                        [
                            -76.7489541,
                            3.1549568
                        ],
                        [
                            -76.7490882,
                            3.1547479
                        ],
                        [
                            -76.7493028,
                            3.1546032
                        ],
                        [
                            -76.7495978,
                            3.1544747
                        ],
                        [
                            -76.7498177,
                            3.1544265
                        ],
                        [
                            -76.750086,
                            3.1543783
                        ],
                        [
                            -76.7502415,
                            3.154314
                        ],
                        [
                            -76.7504507,
                            3.154089
                        ],
                        [
                            -76.750558,
                            3.1539766
                        ],
                        [
                            -76.7505527,
                            3.1537837
                        ],
                        [
                            -76.7504615,
                            3.1536177
                        ],
                        [
                            -76.7503059,
                            3.1533659
                        ],
                        [
                            -76.749866,
                            3.152991
                        ],
                        [
                            -76.7495576,
                            3.1527928
                        ],
                        [
                            -76.749292,
                            3.1527044
                        ],
                        [
                            -76.7491204,
                            3.1526669
                        ],
                        [
                            -76.7490748,
                            3.1525732
                        ],
                        [
                            -76.7490694,
                            3.1524929
                        ],
                        [
                            -76.7490801,
                            3.1523831
                        ],
                        [
                            -76.7491069,
                            3.1522438
                        ],
                        [
                            -76.7491901,
                            3.1520804
                        ],
                        [
                            -76.7493187,
                            3.1519709
                        ],
                        [
                            -76.7493081,
                            3.1519331
                        ],
                        [
                            -76.7499042,
                            3.1515812
                        ],
                        [
                            -76.7500055,
                            3.1514645
                        ],
                        [
                            -76.7500109,
                            3.1513654
                        ],
                        [
                            -76.7500001,
                            3.151202
                        ],
                        [
                            -76.749984,
                            3.151044
                        ],
                        [
                            -76.7499518,
                            3.1509449
                        ],
                        [
                            -76.7499036,
                            3.1508271
                        ],
                        [
                            -76.7498365,
                            3.1506824
                        ],
                        [
                            -76.749815,
                            3.1505164
                        ],
                        [
                            -76.749799,
                            3.1503744
                        ],
                        [
                            -76.7497695,
                            3.150187
                        ],
                        [
                            -76.7496928,
                            3.1498925
                        ],
                        [
                            -76.7495066,
                            3.1497719
                        ],
                        [
                            -76.7493832,
                            3.1497531
                        ],
                        [
                            -76.7493323,
                            3.1497692
                        ],
                        [
                            -76.7492893,
                            3.1498013
                        ],
                        [
                            -76.7491874,
                            3.1498549
                        ],
                        [
                            -76.7490935,
                            3.1498602
                        ],
                        [
                            -76.7490211,
                            3.1498067
                        ],
                        [
                            -76.7489728,
                            3.1497237
                        ],
                        [
                            -76.7489541,
                            3.149579
                        ],
                        [
                            -76.7489541,
                            3.1494451
                        ],
                        [
                            -76.7489862,
                            3.1493032
                        ],
                        [
                            -76.7490238,
                            3.149172
                        ],
                        [
                            -76.7490882,
                            3.1490568
                        ],
                        [
                            -76.7492008,
                            3.1489604
                        ],
                        [
                            -76.7493054,
                            3.1488907
                        ],
                        [
                            -76.7494234,
                            3.1488907
                        ],
                        [
                            -76.7495441,
                            3.1489015
                        ],
                        [
                            -76.7497292,
                            3.1489282
                        ],
                        [
                            -76.7499116,
                            3.1489523
                        ],
                        [
                            -76.7500296,
                            3.1488881
                        ],
                        [
                            -76.7501423,
                            3.1487006
                        ],
                        [
                            -76.7501611,
                            3.148564
                        ],
                        [
                            -76.7501771,
                            3.1485051
                        ],
                        [
                            -76.7501932,
                            3.1483417
                        ],
                        [
                            -76.7501825,
                            3.1481328
                        ],
                        [
                            -76.7501181,
                            3.1480096
                        ],
                        [
                            -76.7500645,
                            3.1479079
                        ],
                        [
                            -76.7500189,
                            3.1477766
                        ],
                        [
                            -76.7499679,
                            3.1476749
                        ],
                        [
                            -76.7498526,
                            3.147557
                        ],
                        [
                            -76.7497319,
                            3.1473776
                        ],
                        [
                            -76.7496783,
                            3.1472678
                        ],
                        [
                            -76.7496809,
                            3.1471848
                        ],
                        [
                            -76.7497051,
                            3.1470803
                        ],
                        [
                            -76.7498526,
                            3.1469625
                        ],
                        [
                            -76.7499948,
                            3.1468661
                        ],
                        [
                            -76.7500699,
                            3.1468125
                        ],
                        [
                            -76.7501825,
                            3.1467321
                        ],
                        [
                            -76.7502415,
                            3.146609
                        ],
                        [
                            -76.7502415,
                            3.1464858
                        ],
                        [
                            -76.7501798,
                            3.1463304
                        ],
                        [
                            -76.7500645,
                            3.146159
                        ],
                        [
                            -76.7500511,
                            3.1460814
                        ],
                        [
                            -76.7500261,
                            3.1460037
                        ],
                        [
                            -76.7500216,
                            3.1458698
                        ],
                        [
                            -76.7500564,
                            3.1457466
                        ],
                        [
                            -76.7501423,
                            3.1456502
                        ],
                        [
                            -76.750204,
                            3.1455082
                        ],
                        [
                            -76.7501771,
                            3.1452806
                        ],
                        [
                            -76.7500806,
                            3.1452109
                        ],
                        [
                            -76.7499492,
                            3.1450878
                        ],
                        [
                            -76.7497614,
                            3.1449512
                        ],
                        [
                            -76.7495468,
                            3.1447289
                        ],
                        [
                            -76.749335,
                            3.1444611
                        ],
                        [
                            -76.7492813,
                            3.1443432
                        ],
                        [
                            -76.7492437,
                            3.1442709
                        ],
                        [
                            -76.7491874,
                            3.1441611
                        ],
                        [
                            -76.7490989,
                            3.1440727
                        ],
                        [
                            -76.748997,
                            3.144129
                        ],
                        [
                            -76.7489541,
                            3.144129
                        ],
                        [
                            -76.7488012,
                            3.1441932
                        ],
                        [
                            -76.7486644,
                            3.1442441
                        ],
                        [
                            -76.7486,
                            3.1442361
                        ],
                        [
                            -76.7484525,
                            3.1441986
                        ],
                        [
                            -76.7482621,
                            3.144129
                        ],
                        [
                            -76.7481548,
                            3.1440995
                        ],
                        [
                            -76.7480555,
                            3.1440727
                        ],
                        [
                            -76.7478839,
                            3.1440352
                        ],
                        [
                            -76.74757,
                            3.1440272
                        ],
                        [
                            -76.7472643,
                            3.1441049
                        ],
                        [
                            -76.7471758,
                            3.1440459
                        ],
                        [
                            -76.747047,
                            3.1439335
                        ],
                        [
                            -76.7469746,
                            3.1438156
                        ],
                        [
                            -76.7469236,
                            3.1436415
                        ],
                        [
                            -76.7468941,
                            3.1435532
                        ],
                        [
                            -76.7468539,
                            3.1435076
                        ],
                        [
                            -76.7467761,
                            3.1434059
                        ],
                        [
                            -76.7467225,
                            3.1432586
                        ],
                        [
                            -76.746668,
                            3.1430728
                        ],
                        [
                            -76.7466822,
                            3.1429372
                        ],
                        [
                            -76.7467654,
                            3.1426345
                        ],
                        [
                            -76.7468083,
                            3.1424765
                        ],
                        [
                            -76.7467868,
                            3.1422462
                        ],
                        [
                            -76.74676,
                            3.1420507
                        ],
                        [
                            -76.7467144,
                            3.1419222
                        ],
                        [
                            -76.7466474,
                            3.1417802
                        ],
                        [
                            -76.746532,
                            3.1415499
                        ],
                        [
                            -76.7464918,
                            3.1414803
                        ],
                        [
                            -76.7464301,
                            3.1413838
                        ],
                        [
                            -76.7462799,
                            3.1411776
                        ],
                        [
                            -76.7461565,
                            3.1409205
                        ],
                        [
                            -76.7461324,
                            3.140717
                        ],
                        [
                            -76.7460868,
                            3.1405723
                        ],
                        [
                            -76.7459366,
                            3.1401438
                        ],
                        [
                            -76.7457756,
                            3.139801
                        ],
                        [
                            -76.7454972,
                            3.1394519
                        ],
                        [
                            -76.7451319,
                            3.1392092
                        ],
                        [
                            -76.7450488,
                            3.1392011
                        ],
                        [
                            -76.7449388,
                            3.1392065
                        ],
                        [
                            -76.7447698,
                            3.1392118
                        ],
                        [
                            -76.7446411,
                            3.1391476
                        ],
                        [
                            -76.7445606,
                            3.1388771
                        ],
                        [
                            -76.7444962,
                            3.1386574
                        ],
                        [
                            -76.7444184,
                            3.13847
                        ],
                        [
                            -76.7443112,
                            3.1382905
                        ],
                        [
                            -76.7442468,
                            3.1381914
                        ],
                        [
                            -76.7442092,
                            3.1381111
                        ],
                        [
                            -76.7442602,
                            3.1377254
                        ],
                        [
                            -76.7444426,
                            3.1373585
                        ],
                        [
                            -76.7444989,
                            3.1371737
                        ],
                        [
                            -76.744507,
                            3.1369996
                        ],
                        [
                            -76.7445123,
                            3.1368818
                        ],
                        [
                            -76.7445365,
                            3.1367827
                        ],
                        [
                            -76.7445955,
                            3.1366917
                        ],
                        [
                            -76.7448315,
                            3.1364238
                        ],
                        [
                            -76.7448771,
                            3.1363114
                        ],
                        [
                            -76.7448444,
                            3.1361038
                        ],
                        [
                            -76.7447886,
                            3.1359444
                        ],
                        [
                            -76.7447349,
                            3.1358561
                        ],
                        [
                            -76.7445955,
                            3.1357168
                        ],
                        [
                            -76.7444319,
                            3.1356231
                        ],
                        [
                            -76.744279,
                            3.1354918
                        ],
                        [
                            -76.7441851,
                            3.1353445
                        ],
                        [
                            -76.7440429,
                            3.1352508
                        ],
                        [
                            -76.7438471,
                            3.1350901
                        ],
                        [
                            -76.7437345,
                            3.1350071
                        ],
                        [
                            -76.7436594,
                            3.1349508
                        ],
                        [
                            -76.743528,
                            3.1347901
                        ],
                        [
                            -76.7432866,
                            3.1345518
                        ],
                        [
                            -76.7431417,
                            3.1345384
                        ],
                        [
                            -76.7430371,
                            3.134517
                        ],
                        [
                            -76.7428467,
                            3.1345196
                        ],
                        [
                            -76.7426133,
                            3.1346053
                        ],
                        [
                            -76.7424095,
                            3.1346428
                        ],
                        [
                            -76.742329,
                            3.1345679
                        ],
                        [
                            -76.7422861,
                            3.1345116
                        ],
                        [
                            -76.7422217,
                            3.1343991
                        ],
                        [
                            -76.7421412,
                            3.134225
                        ],
                        [
                            -76.7421332,
                            3.1341099
                        ],
                        [
                            -76.7421305,
                            3.1339412
                        ],
                        [
                            -76.7421252,
                            3.1337805
                        ],
                        [
                            -76.7420366,
                            3.133601
                        ],
                        [
                            -76.7418757,
                            3.1334028
                        ],
                        [
                            -76.7416316,
                            3.1332662
                        ],
                        [
                            -76.741468,
                            3.1331618
                        ],
                        [
                            -76.7413393,
                            3.1330815
                        ],
                        [
                            -76.741181,
                            3.1329984
                        ],
                        [
                            -76.740886,
                            3.1328565
                        ],
                        [
                            -76.7407733,
                            3.1327601
                        ],
                        [
                            -76.740717,
                            3.1327038
                        ],
                        [
                            -76.7406365,
                            3.1325753
                        ],
                        [
                            -76.740548,
                            3.1324762
                        ],
                        [
                            -76.7403764,
                            3.1323583
                        ],
                        [
                            -76.7401328,
                            3.1322722
                        ],
                        [
                            -76.7399794,
                            3.1322191
                        ],
                        [
                            -76.739856,
                            3.1321601
                        ],
                        [
                            -76.7396629,
                            3.1320584
                        ],
                        [
                            -76.7395127,
                            3.1320048
                        ],
                        [
                            -76.7392954,
                            3.1319084
                        ],
                        [
                            -76.7392311,
                            3.1317986
                        ],
                        [
                            -76.7391667,
                            3.1316566
                        ],
                        [
                            -76.7391264,
                            3.131421
                        ],
                        [
                            -76.7390567,
                            3.131046
                        ],
                        [
                            -76.7390353,
                            3.1309094
                        ],
                        [
                            -76.7390138,
                            3.130738
                        ],
                        [
                            -76.7389011,
                            3.1304006
                        ],
                        [
                            -76.7387858,
                            3.1302961
                        ],
                        [
                            -76.7386329,
                            3.1302345
                        ],
                        [
                            -76.7382775,
                            3.1302077
                        ],
                        [
                            -76.7381796,
                            3.1301957
                        ],
                        [
                            -76.7380522,
                            3.130189
                        ],
                        [
                            -76.737906,
                            3.1301783
                        ],
                        [
                            -76.7377464,
                            3.1301354
                        ],
                        [
                            -76.7376687,
                            3.1301153
                        ],
                        [
                            -76.7374688,
                            3.1299747
                        ],
                        [
                            -76.7373267,
                            3.1298783
                        ],
                        [
                            -76.7370202,
                            3.1297017
                        ],
                        [
                            -76.7369136,
                            3.129648
                        ],
                        [
                            -76.7367822,
                            3.12964
                        ],
                        [
                            -76.7365837,
                            3.1296962
                        ],
                        [
                            -76.7364228,
                            3.1297792
                        ],
                        [
                            -76.736286,
                            3.1298542
                        ],
                        [
                            -76.7359668,
                            3.1298221
                        ],
                        [
                            -76.7358381,
                            3.1297632
                        ],
                        [
                            -76.7356369,
                            3.1296641
                        ],
                        [
                            -76.7355162,
                            3.1295676
                        ],
                        [
                            -76.7353177,
                            3.1292784
                        ],
                        [
                            -76.7350817,
                            3.1285714
                        ],
                        [
                            -76.7349851,
                            3.1283357
                        ],
                        [
                            -76.7349958,
                            3.1281107
                        ],
                        [
                            -76.7350243,
                            3.127955
                        ],
                        [
                            -76.7352587,
                            3.1274251
                        ],
                        [
                            -76.7353123,
                            3.1271787
                        ],
                        [
                            -76.7352158,
                            3.1269751
                        ],
                        [
                            -76.735087,
                            3.1267609
                        ],
                        [
                            -76.7347974,
                            3.1265788
                        ],
                        [
                            -76.734513,
                            3.1264877
                        ],
                        [
                            -76.7343427,
                            3.1263944
                        ],
                        [
                            -76.7342663,
                            3.1261717
                        ],
                        [
                            -76.7342019,
                            3.1258181
                        ],
                        [
                            -76.7341499,
                            3.1255076
                        ],
                        [
                            -76.7338747,
                            3.1252022
                        ],
                        [
                            -76.7326834,
                            3.1241671
                        ],
                        [
                            -76.732437,
                            3.1240345
                        ],
                        [
                            -76.731933,
                            3.1238646
                        ],
                        [
                            -76.7316109,
                            3.1237827
                        ],
                        [
                            -76.7310798,
                            3.1236274
                        ],
                        [
                            -76.7305595,
                            3.1234238
                        ],
                        [
                            -76.7303664,
                            3.1233435
                        ],
                        [
                            -76.7300445,
                            3.1231453
                        ],
                        [
                            -76.7298943,
                            3.1229417
                        ],
                        [
                            -76.7297709,
                            3.12269
                        ],
                        [
                            -76.7297229,
                            3.122524
                        ],
                        [
                            -76.7296475,
                            3.1222508
                        ],
                        [
                            -76.7293925,
                            3.1220016
                        ],
                        [
                            -76.7291057,
                            3.1218222
                        ],
                        [
                            -76.7289823,
                            3.121758
                        ],
                        [
                            -76.7287624,
                            3.1216776
                        ],
                        [
                            -76.7286176,
                            3.1214205
                        ],
                        [
                            -76.7285371,
                            3.121217
                        ],
                        [
                            -76.728462,
                            3.1210241
                        ],
                        [
                            -76.7283332,
                            3.1207563
                        ],
                        [
                            -76.7280436,
                            3.1204885
                        ],
                        [
                            -76.7278571,
                            3.120331
                        ],
                        [
                            -76.7276734,
                            3.1202528
                        ],
                        [
                            -76.7275286,
                            3.120135
                        ],
                        [
                            -76.727314,
                            3.1201296
                        ],
                        [
                            -76.7271745,
                            3.1202099
                        ],
                        [
                            -76.727019,
                            3.1202849
                        ],
                        [
                            -76.7268795,
                            3.1203224
                        ],
                        [
                            -76.7267668,
                            3.1202689
                        ],
                        [
                            -76.7264986,
                            3.1200064
                        ],
                        [
                            -76.7264128,
                            3.1199314
                        ],
                        [
                            -76.7262572,
                            3.1198511
                        ],
                        [
                            -76.726107,
                            3.1198082
                        ],
                        [
                            -76.7260319,
                            3.1197921
                        ],
                        [
                            -76.7259246,
                            3.1199046
                        ],
                        [
                            -76.7258602,
                            3.1199903
                        ],
                        [
                            -76.7257851,
                            3.1200921
                        ],
                        [
                            -76.7256671,
                            3.1201725
                        ],
                        [
                            -76.7254847,
                            3.1201885
                        ],
                        [
                            -76.7252409,
                            3.1201592
                        ],
                        [
                            -76.7250663,
                            3.1199903
                        ],
                        [
                            -76.7249483,
                            3.1198403
                        ],
                        [
                            -76.7248088,
                            3.1196368
                        ],
                        [
                            -76.724723,
                            3.1193315
                        ],
                        [
                            -76.724487,
                            3.1187905
                        ],
                        [
                            -76.7243475,
                            3.1185816
                        ],
                        [
                            -76.7242563,
                            3.1184905
                        ],
                        [
                            -76.7241168,
                            3.1184744
                        ],
                        [
                            -76.7240632,
                            3.118528
                        ],
                        [
                            -76.7239988,
                            3.1186834
                        ],
                        [
                            -76.7239237,
                            3.1187637
                        ],
                        [
                            -76.7237744,
                            3.1188461
                        ],
                        [
                            -76.7236394,
                            3.118828
                        ],
                        [
                            -76.7236018,
                            3.1187583
                        ],
                        [
                            -76.7235375,
                            3.118603
                        ],
                        [
                            -76.7233765,
                            3.1182763
                        ],
                        [
                            -76.7232102,
                            3.1180566
                        ],
                        [
                            -76.7230868,
                            3.1179334
                        ],
                        [
                            -76.7218423,
                            3.1173978
                        ],
                        [
                            -76.7214239,
                            3.117146
                        ],
                        [
                            -76.7210913,
                            3.1170925
                        ],
                        [
                            -76.7208897,
                            3.1170793
                        ],
                        [
                            -76.720764,
                            3.1170978
                        ],
                        [
                            -76.7205066,
                            3.1172907
                        ],
                        [
                            -76.7203389,
                            3.1173131
                        ],
                        [
                            -76.7201418,
                            3.117296
                        ],
                        [
                            -76.7196053,
                            3.1173014
                        ],
                        [
                            -76.7191869,
                            3.1173978
                        ],
                        [
                            -76.7188007,
                            3.1175692
                        ],
                        [
                            -76.7184681,
                            3.1177835
                        ],
                        [
                            -76.718393,
                            3.1179924
                        ],
                        [
                            -76.7184144,
                            3.1181852
                        ],
                        [
                            -76.7184112,
                            3.118358
                        ],
                        [
                            -76.7182642,
                            3.118437
                        ],
                        [
                            -76.7181194,
                            3.1184209
                        ],
                        [
                            -76.7179292,
                            3.118358
                        ],
                        [
                            -76.7175293,
                            3.1180727
                        ],
                        [
                            -76.7172958,
                            3.1180143
                        ],
                        [
                            -76.7171162,
                            3.1180566
                        ],
                        [
                            -76.7168139,
                            3.118358
                        ],
                        [
                            -76.7165476,
                            3.1187583
                        ],
                        [
                            -76.7163939,
                            3.118908
                        ],
                        [
                            -76.7161667,
                            3.1189619
                        ],
                        [
                            -76.716029,
                            3.1189355
                        ],
                        [
                            -76.715464,
                            3.1186887
                        ],
                        [
                            -76.7149651,
                            3.1184905
                        ],
                        [
                            -76.7144984,
                            3.1183405
                        ],
                        [
                            -76.7138878,
                            3.1183305
                        ],
                        [
                            -76.7135972,
                            3.1184102
                        ],
                        [
                            -76.7133451,
                            3.1184798
                        ],
                        [
                            -76.7131841,
                            3.1185655
                        ],
                        [
                            -76.7129105,
                            3.1187798
                        ],
                        [
                            -76.7128408,
                            3.119069
                        ],
                        [
                            -76.7128032,
                            3.1192726
                        ],
                        [
                            -76.7125619,
                            3.1194118
                        ],
                        [
                            -76.7123741,
                            3.1194118
                        ],
                        [
                            -76.7122024,
                            3.1193422
                        ],
                        [
                            -76.7120415,
                            3.1194225
                        ],
                        [
                            -76.7117518,
                            3.1195672
                        ],
                        [
                            -76.7115641,
                            3.1197225
                        ],
                        [
                            -76.7114461,
                            3.1198243
                        ],
                        [
                            -76.7112368,
                            3.1198403
                        ],
                        [
                            -76.7110652,
                            3.1197868
                        ],
                        [
                            -76.710636,
                            3.119519
                        ],
                        [
                            -76.7098689,
                            3.119144
                        ],
                        [
                            -76.7094127,
                            3.1189217
                        ],
                        [
                            -76.7091442,
                            3.1188393
                        ],
                        [
                            -76.7085064,
                            3.1186566
                        ],
                        [
                            -76.7079538,
                            3.1185119
                        ],
                        [
                            -76.7077285,
                            3.1184905
                        ],
                        [
                            -76.7075139,
                            3.1184744
                        ],
                        [
                            -76.7072994,
                            3.1185441
                        ],
                        [
                            -76.707176,
                            3.1186351
                        ],
                        [
                            -76.7070526,
                            3.1188333
                        ],
                        [
                            -76.7069882,
                            3.1189887
                        ],
                        [
                            -76.7068863,
                            3.1192136
                        ],
                        [
                            -76.7066395,
                            3.1193476
                        ],
                        [
                            -76.7064518,
                            3.1193904
                        ],
                        [
                            -76.7060816,
                            3.1194708
                        ],
                        [
                            -76.7057437,
                            3.1194975
                        ],
                        [
                            -76.7053467,
                            3.1194654
                        ],
                        [
                            -76.7048425,
                            3.1193208
                        ],
                        [
                            -76.7042041,
                            3.1190851
                        ],
                        [
                            -76.7032814,
                            3.1186834
                        ],
                        [
                            -76.7029113,
                            3.1186512
                        ],
                        [
                            -76.7023587,
                            3.1185869
                        ],
                        [
                            -76.7020637,
                            3.1186619
                        ],
                        [
                            -76.7017311,
                            3.1187905
                        ],
                        [
                            -76.7015648,
                            3.118978
                        ],
                        [
                            -76.7013556,
                            3.1190529
                        ],
                        [
                            -76.7009512,
                            3.1191142
                        ],
                        [
                            -76.7004436,
                            3.1190369
                        ],
                        [
                            -76.7002076,
                            3.1189565
                        ],
                        [
                            -76.6999608,
                            3.1190422
                        ],
                        [
                            -76.6995746,
                            3.1192029
                        ],
                        [
                            -76.6993332,
                            3.1193529
                        ],
                        [
                            -76.6990489,
                            3.1193047
                        ],
                        [
                            -76.6989952,
                            3.1191333
                        ],
                        [
                            -76.6990328,
                            3.1189565
                        ],
                        [
                            -76.6990703,
                            3.1184959
                        ],
                        [
                            -76.6990113,
                            3.1183566
                        ],
                        [
                            -76.6988772,
                            3.1181423
                        ],
                        [
                            -76.6985124,
                            3.1178424
                        ],
                        [
                            -76.6979277,
                            3.1176603
                        ],
                        [
                            -76.6973645,
                            3.1176174
                        ],
                        [
                            -76.6970158,
                            3.1178799
                        ],
                        [
                            -76.6968763,
                            3.1180941
                        ],
                        [
                            -76.6967744,
                            3.118137
                        ],
                        [
                            -76.6966778,
                            3.1181798
                        ],
                        [
                            -76.696313,
                            3.1185816
                        ],
                        [
                            -76.6961896,
                            3.1186834
                        ],
                        [
                            -76.6960824,
                            3.1187155
                        ],
                        [
                            -76.6959536,
                            3.1186834
                        ],
                        [
                            -76.6959322,
                            3.1185918
                        ],
                        [
                            -76.6957927,
                            3.1184905
                        ],
                        [
                            -76.6956961,
                            3.1183513
                        ],
                        [
                            -76.6956586,
                            3.1182655
                        ],
                        [
                            -76.6956639,
                            3.1180566
                        ],
                        [
                            -76.695822,
                            3.1169831
                        ],
                        [
                            -76.6956912,
                            3.1162956
                        ],
                        [
                            -76.6956264,
                            3.115989
                        ],
                        [
                            -76.6956747,
                            3.1156248
                        ],
                        [
                            -76.6960073,
                            3.1152766
                        ],
                        [
                            -76.6962218,
                            3.1151534
                        ],
                        [
                            -76.6966564,
                            3.1149445
                        ],
                        [
                            -76.6967261,
                            3.1148053
                        ],
                        [
                            -76.6967315,
                            3.1146339
                        ],
                        [
                            -76.6966456,
                            3.114441
                        ],
                        [
                            -76.6957601,
                            3.1134426
                        ],
                        [
                            -76.6952241,
                            3.113043
                        ],
                        [
                            -76.69487,
                            3.1128341
                        ],
                        [
                            -76.6946018,
                            3.1126412
                        ],
                        [
                            -76.6943067,
                            3.112593
                        ],
                        [
                            -76.6937435,
                            3.112577
                        ],
                        [
                            -76.6934216,
                            3.1126198
                        ],
                        [
                            -76.6932746,
                            3.1127414
                        ],
                        [
                            -76.6928154,
                            3.1129251
                        ],
                        [
                            -76.6925311,
                            3.1129091
                        ],
                        [
                            -76.6922683,
                            3.1128394
                        ],
                        [
                            -76.6921288,
                            3.1126037
                        ],
                        [
                            -76.6920322,
                            3.112277
                        ],
                        [
                            -76.6917425,
                            3.1117038
                        ],
                        [
                            -76.6914743,
                            3.1115699
                        ],
                        [
                            -76.6912705,
                            3.1114521
                        ],
                        [
                            -76.6909754,
                            3.1115217
                        ],
                        [
                            -76.690793,
                            3.1115967
                        ],
                        [
                            -76.6905731,
                            3.1118003
                        ],
                        [
                            -76.6903853,
                            3.1119985
                        ],
                        [
                            -76.6902935,
                            3.1121983
                        ],
                        [
                            -76.6900796,
                            3.1123948
                        ],
                        [
                            -76.6898666,
                            3.1125489
                        ],
                        [
                            -76.6891231,
                            3.1126727
                        ],
                        [
                            -76.6886741,
                            3.1126734
                        ],
                        [
                            -76.6881645,
                            3.1125662
                        ],
                        [
                            -76.687848,
                            3.112443
                        ],
                        [
                            -76.687671,
                            3.1122288
                        ],
                        [
                            -76.6874296,
                            3.1118806
                        ],
                        [
                            -76.6872793,
                            3.1115646
                        ],
                        [
                            -76.6871828,
                            3.1113128
                        ],
                        [
                            -76.6871828,
                            3.1109754
                        ],
                        [
                            -76.6872418,
                            3.1106754
                        ],
                        [
                            -76.6872579,
                            3.1101076
                        ],
                        [
                            -76.687054,
                            3.1090417
                        ],
                        [
                            -76.6869612,
                            3.1088572
                        ],
                        [
                            -76.6868126,
                            3.108822
                        ],
                        [
                            -76.6863835,
                            3.1087524
                        ],
                        [
                            -76.6861904,
                            3.1086721
                        ],
                        [
                            -76.686008,
                            3.1084632
                        ],
                        [
                            -76.6857357,
                            3.1083073
                        ],
                        [
                            -76.6853535,
                            3.1081525
                        ],
                        [
                            -76.6849244,
                            3.1081096
                        ],
                        [
                            -76.6846273,
                            3.1081629
                        ],
                        [
                            -76.6843236,
                            3.1082168
                        ],
                        [
                            -76.6840124,
                            3.1083614
                        ],
                        [
                            -76.6837657,
                            3.1084364
                        ],
                        [
                            -76.6833097,
                            3.1084417
                        ],
                        [
                            -76.6829985,
                            3.1084096
                        ],
                        [
                            -76.6827571,
                            3.1083935
                        ],
                        [
                            -76.6826177,
                            3.1083239
                        ],
                        [
                            -76.6824728,
                            3.1082275
                        ],
                        [
                            -76.6824031,
                            3.1080668
                        ],
                        [
                            -76.6824138,
                            3.1079221
                        ],
                        [
                            -76.6824836,
                            3.1078311
                        ],
                        [
                            -76.6827035,
                            3.1077186
                        ],
                        [
                            -76.6828097,
                            3.1076335
                        ],
                        [
                            -76.6830415,
                            3.1070972
                        ],
                        [
                            -76.6833043,
                            3.1067812
                        ],
                        [
                            -76.6835511,
                            3.1065402
                        ],
                        [
                            -76.6835725,
                            3.1062348
                        ],
                        [
                            -76.6833955,
                            3.1060259
                        ],
                        [
                            -76.6830988,
                            3.1058392
                        ],
                        [
                            -76.6828322,
                            3.1057313
                        ],
                        [
                            -76.6827518,
                            3.1053564
                        ],
                        [
                            -76.682784,
                            3.1050457
                        ],
                        [
                            -76.6828913,
                            3.1045636
                        ],
                        [
                            -76.6830415,
                            3.1043333
                        ],
                        [
                            -76.683209,
                            3.1040312
                        ],
                        [
                            -76.6832078,
                            3.1039155
                        ],
                        [
                            -76.6829234,
                            3.1037173
                        ],
                        [
                            -76.6826069,
                            3.1034762
                        ],
                        [
                            -76.6822589,
                            3.10289
                        ],
                        [
                            -76.6821402,
                            3.1027584
                        ],
                        [
                            -76.6820386,
                            3.1025256
                        ],
                        [
                            -76.681636,
                            3.1022389
                        ],
                        [
                            -76.6812283,
                            3.1020246
                        ],
                        [
                            -76.6805041,
                            3.1018639
                        ],
                        [
                            -76.6802485,
                            3.1018519
                        ],
                        [
                            -76.6799569,
                            3.1019067
                        ],
                        [
                            -76.6797155,
                            3.1018532
                        ],
                        [
                            -76.6795707,
                            3.1017514
                        ],
                        [
                            -76.6794912,
                            3.1016113
                        ],
                        [
                            -76.6790825,
                            3.1008676
                        ],
                        [
                            -76.6789197,
                            3.1005938
                        ],
                        [
                            -76.6787231,
                            3.1005087
                        ],
                        [
                            -76.6783315,
                            3.100348
                        ],
                        [
                            -76.6777629,
                            3.1000105
                        ],
                        [
                            -76.6775537,
                            3.0998712
                        ],
                        [
                            -76.6771138,
                            3.0995766
                        ],
                        [
                            -76.6767758,
                            3.099282
                        ],
                        [
                            -76.6764343,
                            3.0992395
                        ],
                        [
                            -76.6761643,
                            3.099266
                        ],
                        [
                            -76.6758424,
                            3.0994052
                        ],
                        [
                            -76.6756815,
                            3.0995284
                        ],
                        [
                            -76.6753542,
                            3.0996302
                        ],
                        [
                            -76.675027,
                            3.0998123
                        ],
                        [
                            -76.67485,
                            3.1000266
                        ],
                        [
                            -76.6746837,
                            3.1002087
                        ],
                        [
                            -76.6742975,
                            3.1004712
                        ],
                        [
                            -76.6740936,
                            3.100514
                        ],
                        [
                            -76.6738468,
                            3.1004926
                        ],
                        [
                            -76.6736913,
                            3.1004337
                        ],
                        [
                            -76.6734982,
                            3.100348
                        ],
                        [
                            -76.6733265,
                            3.1003855
                        ],
                        [
                            -76.673128,
                            3.100648
                        ],
                        [
                            -76.6731173,
                            3.1007658
                        ],
                        [
                            -76.6731012,
                            3.1008515
                        ],
                        [
                            -76.6731817,
                            3.101039
                        ],
                        [
                            -76.6732353,
                            3.1011836
                        ],
                        [
                            -76.6732568,
                            3.1014139
                        ],
                        [
                            -76.6731066,
                            3.1019924
                        ],
                        [
                            -76.6730315,
                            3.1020996
                        ],
                        [
                            -76.6729403,
                            3.1021371
                        ],
                        [
                            -76.6726881,
                            3.1021585
                        ],
                        [
                            -76.6712776,
                            3.1023675
                        ],
                        [
                            -76.670816,
                            3.1025495
                        ],
                        [
                            -76.670081,
                            3.1025817
                        ],
                        [
                            -76.6697216,
                            3.1026356
                        ],
                        [
                            -76.6693783,
                            3.1027638
                        ],
                        [
                            -76.6690457,
                            3.1030423
                        ],
                        [
                            -76.6687784,
                            3.10311
                        ],
                        [
                            -76.6684342,
                            3.1030745
                        ],
                        [
                            -76.6682345,
                            3.1028969
                        ],
                        [
                            -76.6679299,
                            3.1027102
                        ],
                        [
                            -76.6673808,
                            3.1022025
                        ],
                        [
                            -76.6671789,
                            3.1019925
                        ],
                        [
                            -76.666739,
                            3.1008783
                        ],
                        [
                            -76.6667175,
                            3.1000534
                        ],
                        [
                            -76.6668892,
                            3.0989392
                        ],
                        [
                            -76.6667551,
                            3.0985
                        ],
                        [
                            -76.6665684,
                            3.098332
                        ],
                        [
                            -76.6664976,
                            3.0982321
                        ],
                        [
                            -76.6663962,
                            3.0981739
                        ],
                        [
                            -76.666165,
                            3.0982429
                        ],
                        [
                            -76.6652327,
                            3.0987926
                        ],
                        [
                            -76.6637778,
                            3.0997213
                        ],
                        [
                            -76.6634238,
                            3.1001391
                        ],
                        [
                            -76.6630912,
                            3.1007176
                        ],
                        [
                            -76.6626715,
                            3.1013157
                        ],
                        [
                            -76.6624689,
                            3.1017032
                        ],
                        [
                            -76.6622973,
                            3.1020782
                        ],
                        [
                            -76.6619432,
                            3.1023567
                        ],
                        [
                            -76.6615999,
                            3.1024424
                        ],
                        [
                            -76.6613102,
                            3.1024103
                        ],
                        [
                            -76.6611385,
                            3.1023353
                        ],
                        [
                            -76.6609132,
                            3.1020996
                        ],
                        [
                            -76.6607523,
                            3.1016068
                        ],
                        [
                            -76.6606061,
                            3.1007519
                        ],
                        [
                            -76.6605806,
                            3.1002355
                        ],
                        [
                            -76.6602802,
                            3.0997748
                        ],
                        [
                            -76.6599906,
                            3.0996141
                        ],
                        [
                            -76.6597974,
                            3.099507
                        ],
                        [
                            -76.6593683,
                            3.0996034
                        ],
                        [
                            -76.6588642,
                            3.0998513
                        ],
                        [
                            -76.6579485,
                            3.1000713
                        ],
                        [
                            -76.6572119,
                            3.1003669
                        ],
                        [
                            -76.6566432,
                            3.1007712
                        ],
                        [
                            -76.6563749,
                            3.1009533
                        ],
                        [
                            -76.6558814,
                            3.1012961
                        ],
                        [
                            -76.6555703,
                            3.1014675
                        ],
                        [
                            -76.6554308,
                            3.1015532
                        ],
                        [
                            -76.655227,
                            3.1015854
                        ],
                        [
                            -76.6549158,
                            3.1017246
                        ],
                        [
                            -76.6547227,
                            3.101971
                        ],
                        [
                            -76.6548407,
                            3.1023996
                        ],
                        [
                            -76.6549192,
                            3.1026769
                        ],
                        [
                            -76.6547549,
                            3.1031173
                        ],
                        [
                            -76.6544759,
                            3.1034066
                        ],
                        [
                            -76.6540253,
                            3.1035994
                        ],
                        [
                            -76.6534528,
                            3.1035912
                        ],
                        [
                            -76.6529502,
                            3.1031856
                        ],
                        [
                            -76.6521033,
                            3.1020925
                        ],
                        [
                            -76.6518073,
                            3.1018175
                        ],
                        [
                            -76.6515684,
                            3.1018853
                        ],
                        [
                            -76.6511393,
                            3.1021317
                        ],
                        [
                            -76.6508434,
                            3.1026012
                        ],
                        [
                            -76.6504234,
                            3.10322
                        ],
                        [
                            -76.6501618,
                            3.1037493
                        ],
                        [
                            -76.6496801,
                            3.1040065
                        ],
                        [
                            -76.6491652,
                            3.1042315
                        ],
                        [
                            -76.6486334,
                            3.1044299
                        ],
                        [
                            -76.6477039,
                            3.1051586
                        ],
                        [
                            -76.6469466,
                            3.1058117
                        ],
                        [
                            -76.6463757,
                            3.1066955
                        ],
                        [
                            -76.6461825,
                            3.1072204
                        ],
                        [
                            -76.6460538,
                            3.1084524
                        ],
                        [
                            -76.6459827,
                            3.1088572
                        ],
                        [
                            -76.6457856,
                            3.1091381
                        ],
                        [
                            -76.6454637,
                            3.1096095
                        ],
                        [
                            -76.6449273,
                            3.1103487
                        ],
                        [
                            -76.6440274,
                            3.111174
                        ],
                        [
                            -76.6436398,
                            3.1113664
                        ],
                        [
                            -76.6431785,
                            3.1114735
                        ],
                        [
                            -76.6425026,
                            3.1114949
                        ],
                        [
                            -76.6420627,
                            3.1113878
                        ],
                        [
                            -76.641494,
                            3.1110236
                        ],
                        [
                            -76.6412427,
                            3.1110023
                        ],
                        [
                            -76.6410864,
                            3.1112164
                        ],
                        [
                            -76.6409254,
                            3.1115699
                        ],
                        [
                            -76.6406814,
                            3.1121915
                        ],
                        [
                            -76.6403246,
                            3.1134661
                        ],
                        [
                            -76.6403353,
                            3.1140125
                        ],
                        [
                            -76.6404426,
                            3.1145267
                        ],
                        [
                            -76.6409469,
                            3.1150624
                        ],
                        [
                            -76.6412528,
                            3.1154432
                        ],
                        [
                            -76.6416764,
                            3.1157694
                        ],
                        [
                            -76.642017,
                            3.1158488
                        ],
                        [
                            -76.6424382,
                            3.1159194
                        ],
                        [
                            -76.6429672,
                            3.1159244
                        ],
                        [
                            -76.6438973,
                            3.1157587
                        ],
                        [
                            -76.6442753,
                            3.115615
                        ],
                        [
                            -76.6446054,
                            3.115598
                        ],
                        [
                            -76.6448192,
                            3.1157044
                        ],
                        [
                            -76.6449058,
                            3.1161122
                        ],
                        [
                            -76.6448467,
                            3.1163575
                        ],
                        [
                            -76.6446591,
                            3.1166265
                        ],
                        [
                            -76.6440136,
                            3.1171618
                        ],
                        [
                            -76.6436419,
                            3.117918
                        ],
                        [
                            -76.6432839,
                            3.1184061
                        ],
                        [
                            -76.6428137,
                            3.1187905
                        ],
                        [
                            -76.6424275,
                            3.1187905
                        ],
                        [
                            -76.6421378,
                            3.1187048
                        ],
                        [
                            -76.641773,
                            3.1186191
                        ],
                        [
                            -76.6415906,
                            3.1184584
                        ],
                        [
                            -76.6413868,
                            3.1180192
                        ],
                        [
                            -76.6412473,
                            3.1175906
                        ],
                        [
                            -76.6410327,
                            3.1174942
                        ],
                        [
                            -76.6406572,
                            3.1174835
                        ],
                        [
                            -76.640389,
                            3.1175799
                        ],
                        [
                            -76.6400564,
                            3.1177728
                        ],
                        [
                            -76.6395092,
                            3.1181584
                        ],
                        [
                            -76.6391873,
                            3.1184155
                        ],
                        [
                            -76.6391015,
                            3.1187262
                        ],
                        [
                            -76.6391015,
                            3.1190262
                        ],
                        [
                            -76.6393376,
                            3.1193047
                        ],
                        [
                            -76.6396487,
                            3.119594
                        ],
                        [
                            -76.6397882,
                            3.120076
                        ],
                        [
                            -76.6398759,
                            3.1205579
                        ],
                        [
                            -76.6396487,
                            3.1211795
                        ],
                        [
                            -76.6394127,
                            3.1214044
                        ],
                        [
                            -76.6389728,
                            3.1215544
                        ],
                        [
                            -76.6383183,
                            3.121533
                        ],
                        [
                            -76.6377278,
                            3.1215754
                        ],
                        [
                            -76.6370523,
                            3.1213723
                        ],
                        [
                            -76.6367304,
                            3.1212973
                        ],
                        [
                            -76.6365051,
                            3.1214152
                        ],
                        [
                            -76.6357174,
                            3.122579
                        ],
                        [
                            -76.6350246,
                            3.1230757
                        ],
                        [
                            -76.6348293,
                            3.1233421
                        ],
                        [
                            -76.6345632,
                            3.1239755
                        ],
                        [
                            -76.6345539,
                            3.1242427
                        ],
                        [
                            -76.6344452,
                            3.1245005
                        ],
                        [
                            -76.6344506,
                            3.1255145
                        ],
                        [
                            -76.6342843,
                            3.125936
                        ],
                        [
                            -76.6337484,
                            3.1268894
                        ],
                        [
                            -76.6326468,
                            3.1279962
                        ],
                        [
                            -76.6324389,
                            3.1282178
                        ],
                        [
                            -76.6319239,
                            3.1285714
                        ],
                        [
                            -76.6316342,
                            3.1287321
                        ],
                        [
                            -76.6311528,
                            3.1288624
                        ],
                        [
                            -76.6307545,
                            3.1287749
                        ],
                        [
                            -76.6304023,
                            3.1285462
                        ],
                        [
                            -76.6302233,
                            3.1278312
                        ],
                        [
                            -76.6297889,
                            3.1269966
                        ],
                        [
                            -76.629645,
                            3.1266282
                        ],
                        [
                            -76.6291837,
                            3.1264357
                        ],
                        [
                            -76.6281992,
                            3.1261745
                        ],
                        [
                            -76.6274212,
                            3.1260026
                        ],
                        [
                            -76.6270745,
                            3.1258396
                        ],
                        [
                            -76.6267955,
                            3.1255075
                        ],
                        [
                            -76.6267189,
                            3.1252945
                        ],
                        [
                            -76.626817,
                            3.1250897
                        ],
                        [
                            -76.6267947,
                            3.1247995
                        ],
                        [
                            -76.6264737,
                            3.1245433
                        ],
                        [
                            -76.6262577,
                            3.124229
                        ],
                        [
                            -76.6260236,
                            3.1229709
                        ],
                        [
                            -76.6258515,
                            3.1210873
                        ],
                        [
                            -76.62528,
                            3.1194923
                        ],
                        [
                            -76.6251031,
                            3.118919
                        ],
                        [
                            -76.6250994,
                            3.1185219
                        ],
                        [
                            -76.6251138,
                            3.1180379
                        ],
                        [
                            -76.6251846,
                            3.1175575
                        ],
                        [
                            -76.6250974,
                            3.1172842
                        ],
                        [
                            -76.6248256,
                            3.1172375
                        ],
                        [
                            -76.6243024,
                            3.1173337
                        ],
                        [
                            -76.6238022,
                            3.1171889
                        ],
                        [
                            -76.6231424,
                            3.1169425
                        ],
                        [
                            -76.6220441,
                            3.1164469
                        ],
                        [
                            -76.6216173,
                            3.1160138
                        ],
                        [
                            -76.6215491,
                            3.1157373
                        ],
                        [
                            -76.6215553,
                            3.1153401
                        ],
                        [
                            -76.6216886,
                            3.1148588
                        ],
                        [
                            -76.6219202,
                            3.1145701
                        ],
                        [
                            -76.6223431,
                            3.1142803
                        ],
                        [
                            -76.6227615,
                            3.1140205
                        ],
                        [
                            -76.62307,
                            3.113892
                        ],
                        [
                            -76.6234804,
                            3.1138304
                        ],
                        [
                            -76.6237773,
                            3.1136963
                        ],
                        [
                            -76.6241853,
                            3.1133189
                        ],
                        [
                            -76.6245122,
                            3.1129117
                        ],
                        [
                            -76.6247509,
                            3.112335
                        ],
                        [
                            -76.6248,
                            3.1121163
                        ],
                        [
                            -76.6248532,
                            3.1114146
                        ],
                        [
                            -76.6250146,
                            3.1108629
                        ],
                        [
                            -76.625638,
                            3.1101772
                        ],
                        [
                            -76.6261888,
                            3.109476
                        ],
                        [
                            -76.6263557,
                            3.1092452
                        ],
                        [
                            -76.62642,
                            3.1089238
                        ],
                        [
                            -76.6263771,
                            3.1084417
                        ],
                        [
                            -76.6262591,
                            3.1081739
                        ],
                        [
                            -76.6258085,
                            3.1080561
                        ],
                        [
                            -76.6253471,
                            3.108281
                        ],
                        [
                            -76.6250184,
                            3.1085204
                        ],
                        [
                            -76.6246498,
                            3.1087631
                        ],
                        [
                            -76.6243386,
                            3.1089774
                        ],
                        [
                            -76.6239953,
                            3.1090417
                        ],
                        [
                            -76.6236758,
                            3.1089741
                        ],
                        [
                            -76.6236277,
                            3.1085204
                        ],
                        [
                            -76.6237309,
                            3.1076335
                        ],
                        [
                            -76.623786,
                            3.1069804
                        ],
                        [
                            -76.6239631,
                            3.1064812
                        ],
                        [
                            -76.6241884,
                            3.1061813
                        ],
                        [
                            -76.6247571,
                            3.1060956
                        ],
                        [
                            -76.6248876,
                            3.106073
                        ],
                        [
                            -76.6254384,
                            3.105633
                        ],
                        [
                            -76.6257334,
                            3.1050564
                        ],
                        [
                            -76.6257227,
                            3.1047886
                        ],
                        [
                            -76.6255773,
                            3.1044264
                        ],
                        [
                            -76.6251701,
                            3.1041083
                        ],
                        [
                            -76.6249289,
                            3.1029862
                        ],
                        [
                            -76.6244125,
                            3.1018656
                        ],
                        [
                            -76.6239631,
                            3.1014247
                        ],
                        [
                            -76.6234267,
                            3.1011461
                        ],
                        [
                            -76.6228581,
                            3.1011461
                        ],
                        [
                            -76.6223645,
                            3.1014354
                        ],
                        [
                            -76.6217744,
                            3.1017353
                        ],
                        [
                            -76.6215491,
                            3.1016496
                        ],
                        [
                            -76.6213989,
                            3.1014568
                        ],
                        [
                            -76.6213281,
                            3.10102
                        ],
                        [
                            -76.6212916,
                            3.1007283
                        ],
                        [
                            -76.621335,
                            3.1001813
                        ],
                        [
                            -76.6220304,
                            3.0993701
                        ],
                        [
                            -76.6222143,
                            3.0991428
                        ],
                        [
                            -76.6222782,
                            3.0987445
                        ],
                        [
                            -76.6222358,
                            3.0984357
                        ],
                        [
                            -76.6219615,
                            3.0981464
                        ],
                        [
                            -76.621635,
                            3.0980714
                        ],
                        [
                            -76.6209976,
                            3.0981533
                        ],
                        [
                            -76.6207223,
                            3.098662
                        ],
                        [
                            -76.6206691,
                            3.0986755
                        ],
                        [
                            -76.6197467,
                            3.0989097
                        ],
                        [
                            -76.6193175,
                            3.0988267
                        ],
                        [
                            -76.6191566,
                            3.0983821
                        ],
                        [
                            -76.6188884,
                            3.0981839
                        ],
                        [
                            -76.6184485,
                            3.0979911
                        ],
                        [
                            -76.6179818,
                            3.0977126
                        ],
                        [
                            -76.6175044,
                            3.0972787
                        ],
                        [
                            -76.6171235,
                            3.0968126
                        ],
                        [
                            -76.6168392,
                            3.0962877
                        ],
                        [
                            -76.6166622,
                            3.0957788
                        ],
                        [
                            -76.6164368,
                            3.0949003
                        ],
                        [
                            -76.6161472,
                            3.0941879
                        ],
                        [
                            -76.6158629,
                            3.0936469
                        ],
                        [
                            -76.6156536,
                            3.0928702
                        ],
                        [
                            -76.6152245,
                            3.0928916
                        ],
                        [
                            -76.6147953,
                            3.0929773
                        ],
                        [
                            -76.6142696,
                            3.0930898
                        ],
                        [
                            -76.6139102,
                            3.0931273
                        ],
                        [
                            -76.6135669,
                            3.0930523
                        ],
                        [
                            -76.6133094,
                            3.0928916
                        ],
                        [
                            -76.6129768,
                            3.092522
                        ],
                        [
                            -76.6126013,
                            3.0919864
                        ],
                        [
                            -76.6122633,
                            3.0915096
                        ],
                        [
                            -76.6117698,
                            3.0910811
                        ],
                        [
                            -76.6112173,
                            3.0908829
                        ],
                        [
                            -76.6105199,
                            3.0907597
                        ],
                        [
                            -76.6097474,
                            3.0907972
                        ],
                        [
                            -76.6086316,
                            3.0909257
                        ],
                        [
                            -76.607784,
                            3.0909043
                        ],
                        [
                            -76.6069526,
                            3.0909954
                        ],
                        [
                            -76.6063839,
                            3.0913168
                        ],
                        [
                            -76.6059709,
                            3.0917882
                        ],
                        [
                            -76.605531,
                            3.0925167
                        ],
                        [
                            -76.6053701,
                            3.0932023
                        ],
                        [
                            -76.6054291,
                            3.0940272
                        ],
                        [
                            -76.6055739,
                            3.0947825
                        ],
                        [
                            -76.6055417,
                            3.0957092
                        ],
                        [
                            -76.6053915,
                            3.0963252
                        ],
                        [
                            -76.6051555,
                            3.0967537
                        ],
                        [
                            -76.6047853,
                            3.0971287
                        ],
                        [
                            -76.604324,
                            3.0973697
                        ],
                        [
                            -76.6037768,
                            3.0974072
                        ],
                        [
                            -76.6031975,
                            3.097193
                        ],
                        [
                            -76.6027844,
                            3.0968716
                        ],
                        [
                            -76.6025698,
                            3.0966466
                        ],
                        [
                            -76.6022372,
                            3.0963252
                        ],
                        [
                            -76.6019636,
                            3.095827
                        ],
                        [
                            -76.6012788,
                            3.0944969
                        ],
                        [
                            -76.6008532,
                            3.0931862
                        ],
                        [
                            -76.6006279,
                            3.0928434
                        ],
                        [
                            -76.6000593,
                            3.0922542
                        ],
                        [
                            -76.5997741,
                            3.0921483
                        ],
                        [
                            -76.5985572,
                            3.0918792
                        ],
                        [
                            -76.5982723,
                            3.0918673
                        ],
                        [
                            -76.5978706,
                            3.0919756
                        ],
                        [
                            -76.597023,
                            3.0923078
                        ],
                        [
                            -76.5968486,
                            3.0924835
                        ],
                        [
                            -76.5965617,
                            3.0928863
                        ],
                        [
                            -76.5959931,
                            3.0934648
                        ],
                        [
                            -76.5956068,
                            3.0937647
                        ],
                        [
                            -76.5948236,
                            3.0938719
                        ],
                        [
                            -76.5937293,
                            3.0941611
                        ],
                        [
                            -76.5929568,
                            3.0945361
                        ],
                        [
                            -76.5924847,
                            3.0948789
                        ],
                        [
                            -76.5921199,
                            3.0951896
                        ],
                        [
                            -76.5917122,
                            3.0963466
                        ],
                        [
                            -76.5915585,
                            3.0968667
                        ],
                        [
                            -76.5915835,
                            3.0973001
                        ],
                        [
                            -76.5917447,
                            3.0976595
                        ],
                        [
                            -76.5924633,
                            3.09835
                        ],
                        [
                            -76.5928392,
                            3.0985301
                        ],
                        [
                            -76.5933108,
                            3.0986071
                        ],
                        [
                            -76.5945745,
                            3.0993566
                        ],
                        [
                            -76.5948022,
                            3.0994534
                        ],
                        [
                            -76.5957999,
                            3.1008247
                        ],
                        [
                            -76.5960521,
                            3.1010576
                        ],
                        [
                            -76.5974522,
                            3.1019817
                        ],
                        [
                            -76.5978356,
                            3.1021647
                        ],
                        [
                            -76.5986323,
                            3.1024103
                        ],
                        [
                            -76.5989864,
                            3.102571
                        ],
                        [
                            -76.599297,
                            3.10282
                        ],
                        [
                            -76.5995872,
                            3.1033102
                        ],
                        [
                            -76.5998232,
                            3.1038887
                        ],
                        [
                            -76.5999413,
                            3.1045529
                        ],
                        [
                            -76.5998925,
                            3.1050491
                        ],
                        [
                            -76.5996409,
                            3.105667
                        ],
                        [
                            -76.5993739,
                            3.1059178
                        ],
                        [
                            -76.5991151,
                            3.1062884
                        ],
                        [
                            -76.5986216,
                            3.1065562
                        ],
                        [
                            -76.5982568,
                            3.1067062
                        ],
                        [
                            -76.5970552,
                            3.1067491
                        ],
                        [
                            -76.5964544,
                            3.1067169
                        ],
                        [
                            -76.5946412,
                            3.1061706
                        ],
                        [
                            -76.5940849,
                            3.1058901
                        ],
                        [
                            -76.5932679,
                            3.1052921
                        ],
                        [
                            -76.5930071,
                            3.1049705
                        ],
                        [
                            -76.5927744,
                            3.1045957
                        ],
                        [
                            -76.591959,
                            3.1029031
                        ],
                        [
                            -76.5918597,
                            3.1026089
                        ],
                        [
                            -76.5916264,
                            3.1023996
                        ],
                        [
                            -76.5912616,
                            3.1022924
                        ],
                        [
                            -76.5911177,
                            3.1022637
                        ],
                        [
                            -76.5908647,
                            3.1024638
                        ],
                        [
                            -76.5877816,
                            3.1064695
                        ],
                        [
                            -76.5875495,
                            3.106899
                        ],
                        [
                            -76.5874422,
                            3.1073169
                        ],
                        [
                            -76.587436,
                            3.1076604
                        ],
                        [
                            -76.5877211,
                            3.108581
                        ],
                        [
                            -76.5880616,
                            3.1092286
                        ],
                        [
                            -76.5882683,
                            3.1096737
                        ],
                        [
                            -76.5896952,
                            3.1114628
                        ],
                        [
                            -76.5902746,
                            3.112127
                        ],
                        [
                            -76.5907681,
                            3.1124591
                        ],
                        [
                            -76.5915942,
                            3.1131233
                        ],
                        [
                            -76.5918257,
                            3.113376
                        ],
                        [
                            -76.5920556,
                            3.1138304
                        ],
                        [
                            -76.5921092,
                            3.1145053
                        ],
                        [
                            -76.5920234,
                            3.1152873
                        ],
                        [
                            -76.5919161,
                            3.1157373
                        ],
                        [
                            -76.5915406,
                            3.1160801
                        ],
                        [
                            -76.5907145,
                            3.11668
                        ],
                        [
                            -76.5903376,
                            3.1168343
                        ],
                        [
                            -76.5897811,
                            3.1170871
                        ],
                        [
                            -76.5890193,
                            3.1171514
                        ],
                        [
                            -76.5882361,
                            3.1170764
                        ],
                        [
                            -76.5878606,
                            3.1169586
                        ],
                        [
                            -76.5860689,
                            3.1163694
                        ],
                        [
                            -76.5854276,
                            3.1162121
                        ],
                        [
                            -76.5848672,
                            3.1161872
                        ],
                        [
                            -76.5834296,
                            3.1164765
                        ],
                        [
                            -76.5830939,
                            3.1166594
                        ],
                        [
                            -76.5827966,
                            3.1169479
                        ],
                        [
                            -76.5819275,
                            3.1183084
                        ],
                        [
                            -76.5818524,
                            3.1185977
                        ],
                        [
                            -76.5814018,
                            3.1194226
                        ],
                        [
                            -76.5810478,
                            3.1197118
                        ],
                        [
                            -76.5808439,
                            3.1199475
                        ],
                        [
                            -76.5802753,
                            3.120151
                        ],
                        [
                            -76.5800285,
                            3.1201939
                        ],
                        [
                            -76.57902,
                            3.120151
                        ],
                        [
                            -76.5787518,
                            3.1200332
                        ],
                        [
                            -76.5775502,
                            3.1192297
                        ],
                        [
                            -76.5773356,
                            3.1189619
                        ],
                        [
                            -76.5770996,
                            3.1182656
                        ],
                        [
                            -76.5770674,
                            3.1176228
                        ],
                        [
                            -76.5771747,
                            3.115823
                        ],
                        [
                            -76.577121,
                            3.1152766
                        ],
                        [
                            -76.5769279,
                            3.1148374
                        ],
                        [
                            -76.5765846,
                            3.1144303
                        ],
                        [
                            -76.5762198,
                            3.1142053
                        ],
                        [
                            -76.5757923,
                            3.1141392
                        ],
                        [
                            -76.5753508,
                            3.1140661
                        ],
                        [
                            -76.5748311,
                            3.1141392
                        ],
                        [
                            -76.5742672,
                            3.1142803
                        ],
                        [
                            -76.5739535,
                            3.1145148
                        ],
                        [
                            -76.5736878,
                            3.1148053
                        ],
                        [
                            -76.5734729,
                            3.1152659
                        ],
                        [
                            -76.5736342,
                            3.116123
                        ],
                        [
                            -76.5739117,
                            3.1166847
                        ],
                        [
                            -76.5743423,
                            3.1172933
                        ],
                        [
                            -76.5747714,
                            3.1176335
                        ],
                        [
                            -76.5750854,
                            3.1178826
                        ],
                        [
                            -76.5756619,
                            3.1196475
                        ],
                        [
                            -76.5758558,
                            3.1200762
                        ],
                        [
                            -76.5762627,
                            3.120526
                        ],
                        [
                            -76.5781939,
                            3.1221972
                        ],
                        [
                            -76.5785491,
                            3.1226767
                        ],
                        [
                            -76.5788966,
                            3.1231828
                        ],
                        [
                            -76.5791189,
                            3.1238584
                        ],
                        [
                            -76.5790951,
                            3.1249611
                        ],
                        [
                            -76.5789557,
                            3.1254646
                        ],
                        [
                            -76.578548,
                            3.1263217
                        ],
                        [
                            -76.5782789,
                            3.1265327
                        ],
                        [
                            -76.5779257,
                            3.126718
                        ],
                        [
                            -76.5770781,
                            3.1269162
                        ],
                        [
                            -76.5763968,
                            3.1269912
                        ],
                        [
                            -76.5758095,
                            3.1271679
                        ],
                        [
                            -76.5751737,
                            3.1273447
                        ],
                        [
                            -76.5744841,
                            3.1277645
                        ],
                        [
                            -76.5741867,
                            3.1280946
                        ],
                        [
                            -76.573956,
                            3.1284214
                        ],
                        [
                            -76.5727007,
                            3.1288927
                        ],
                        [
                            -76.572261,
                            3.1289321
                        ],
                        [
                            -76.5719283,
                            3.1288285
                        ],
                        [
                            -76.5714455,
                            3.1283892
                        ],
                        [
                            -76.5712231,
                            3.1279597
                        ],
                        [
                            -76.5694192,
                            3.1251556
                        ],
                        [
                            -76.5693071,
                            3.1246832
                        ],
                        [
                            -76.5691093,
                            3.124234
                        ],
                        [
                            -76.5690315,
                            3.1236434
                        ],
                        [
                            -76.5690208,
                            3.1236274
                        ],
                        [
                            -76.569061,
                            3.1233113
                        ],
                        [
                            -76.5692554,
                            3.1227128
                        ],
                        [
                            -76.5693748,
                            3.1223793
                        ],
                        [
                            -76.5694767,
                            3.1221436
                        ],
                        [
                            -76.5699112,
                            3.1215866
                        ],
                        [
                            -76.5705174,
                            3.1207938
                        ],
                        [
                            -76.5707293,
                            3.1200278
                        ],
                        [
                            -76.570673,
                            3.1189512
                        ],
                        [
                            -76.5705013,
                            3.1185923
                        ],
                        [
                            -76.5703619,
                            3.1183138
                        ],
                        [
                            -76.5701795,
                            3.1180513
                        ],
                        [
                            -76.5689993,
                            3.1179763
                        ],
                        [
                            -76.5667141,
                            3.1175906
                        ],
                        [
                            -76.5662849,
                            3.1179013
                        ],
                        [
                            -76.5658987,
                            3.1181691
                        ],
                        [
                            -76.5654105,
                            3.1183138
                        ],
                        [
                            -76.5648124,
                            3.1183512
                        ],
                        [
                            -76.5643403,
                            3.1181156
                        ],
                        [
                            -76.5640855,
                            3.117987
                        ],
                        [
                            -76.5638709,
                            3.1176335
                        ],
                        [
                            -76.5636563,
                            3.1170443
                        ],
                        [
                            -76.563431,
                            3.116123
                        ],
                        [
                            -76.5634954,
                            3.1153088
                        ],
                        [
                            -76.563592,
                            3.1147035
                        ],
                        [
                            -76.5639782,
                            3.1141946
                        ],
                        [
                            -76.5652549,
                            3.1130483
                        ],
                        [
                            -76.5657163,
                            3.1124056
                        ],
                        [
                            -76.5661454,
                            3.1113878
                        ],
                        [
                            -76.5661776,
                            3.1105843
                        ],
                        [
                            -76.5659738,
                            3.1095934
                        ],
                        [
                            -76.5655017,
                            3.1088381
                        ],
                        [
                            -76.5647292,
                            3.1079811
                        ],
                        [
                            -76.56371,
                            3.107499
                        ],
                        [
                            -76.5627873,
                            3.1067169
                        ],
                        [
                            -76.5615374,
                            3.1055653
                        ],
                        [
                            -76.5599871,
                            3.1048743
                        ],
                        [
                            -76.5597403,
                            3.1048529
                        ],
                        [
                            -76.5592361,
                            3.1049386
                        ],
                        [
                            -76.558882,
                            3.1051528
                        ],
                        [
                            -76.5583752,
                            3.1057672
                        ],
                        [
                            -76.5581095,
                            3.1060313
                        ],
                        [
                            -76.5574739,
                            3.1074343
                        ],
                        [
                            -76.5574014,
                            3.1080882
                        ],
                        [
                            -76.5571654,
                            3.108656
                        ],
                        [
                            -76.5569296,
                            3.1088858
                        ],
                        [
                            -76.5564251,
                            3.1092131
                        ],
                        [
                            -76.5558672,
                            3.1093845
                        ],
                        [
                            -76.5554792,
                            3.1093818
                        ],
                        [
                            -76.5550947,
                            3.1092988
                        ],
                        [
                            -76.5546334,
                            3.108956
                        ],
                        [
                            -76.5542824,
                            3.1086146
                        ],
                        [
                            -76.5540433,
                            3.1082703
                        ],
                        [
                            -76.5536619,
                            3.1069179
                        ],
                        [
                            -76.5530855,
                            3.1055792
                        ],
                        [
                            -76.5527451,
                            3.1051742
                        ],
                        [
                            -76.5523779,
                            3.1048919
                        ],
                        [
                            -76.5515794,
                            3.1047175
                        ],
                        [
                            -76.551168,
                            3.1048207
                        ],
                        [
                            -76.5508429,
                            3.1051272
                        ],
                        [
                            -76.5492356,
                            3.1092426
                        ],
                        [
                            -76.5488613,
                            3.1096737
                        ],
                        [
                            -76.5484139,
                            3.1098976
                        ],
                        [
                            -76.548003,
                            3.1099951
                        ],
                        [
                            -76.5474994,
                            3.1099704
                        ],
                        [
                            -76.5466909,
                            3.1095072
                        ],
                        [
                            -76.5463078,
                            3.1089988
                        ],
                        [
                            -76.5461542,
                            3.1084022
                        ],
                        [
                            -76.5460289,
                            3.1078632
                        ],
                        [
                            -76.546121,
                            3.1073038
                        ],
                        [
                            -76.5466909,
                            3.1063906
                        ],
                        [
                            -76.5473602,
                            3.1053385
                        ],
                        [
                            -76.5474773,
                            3.1048421
                        ],
                        [
                            -76.5475916,
                            3.1041444
                        ],
                        [
                            -76.5474558,
                            3.1036851
                        ],
                        [
                            -76.5470633,
                            3.103033
                        ],
                        [
                            -76.5467906,
                            3.1028067
                        ],
                        [
                            -76.5460838,
                            3.1025978
                        ],
                        [
                            -76.545471,
                            3.1027102
                        ],
                        [
                            -76.5447765,
                            3.1029929
                        ],
                        [
                            -76.5442693,
                            3.1034923
                        ],
                        [
                            -76.544033,
                            3.103833
                        ],
                        [
                            -76.5437543,
                            3.1044243
                        ],
                        [
                            -76.5436095,
                            3.1049084
                        ],
                        [
                            -76.5434218,
                            3.1056563
                        ],
                        [
                            -76.5433949,
                            3.1063686
                        ],
                        [
                            -76.5435827,
                            3.1070919
                        ],
                        [
                            -76.5436824,
                            3.1078927
                        ],
                        [
                            -76.5436149,
                            3.1085381
                        ],
                        [
                            -76.5433252,
                            3.1093845
                        ],
                        [
                            -76.5430711,
                            3.1098157
                        ],
                        [
                            -76.5415685,
                            3.1112343
                        ],
                        [
                            -76.5411151,
                            3.1115485
                        ],
                        [
                            -76.5404883,
                            3.1118033
                        ],
                        [
                            -76.5400314,
                            3.1118913
                        ],
                        [
                            -76.5395208,
                            3.111843
                        ],
                        [
                            -76.5390337,
                            3.1116235
                        ],
                        [
                            -76.5384937,
                            3.1111879
                        ],
                        [
                            -76.5367925,
                            3.1091099
                        ],
                        [
                            -76.5363515,
                            3.108956
                        ],
                        [
                            -76.5360746,
                            3.1089478
                        ],
                        [
                            -76.5357828,
                            3.108956
                        ],
                        [
                            -76.5352142,
                            3.1091595
                        ],
                        [
                            -76.5343188,
                            3.1104998
                        ],
                        [
                            -76.5336263,
                            3.1120199
                        ],
                        [
                            -76.5335697,
                            3.1124707
                        ],
                        [
                            -76.5337551,
                            3.113434
                        ],
                        [
                            -76.5339525,
                            3.1139513
                        ],
                        [
                            -76.5350677,
                            3.1160183
                        ],
                        [
                            -76.5365984,
                            3.1185658
                        ],
                        [
                            -76.5367162,
                            3.1190476
                        ],
                        [
                            -76.5366846,
                            3.1194128
                        ],
                        [
                            -76.5364695,
                            3.1199903
                        ],
                        [
                            -76.5362075,
                            3.1202796
                        ],
                        [
                            -76.5353644,
                            3.1209866
                        ],
                        [
                            -76.5346833,
                            3.1213251
                        ],
                        [
                            -76.5340126,
                            3.1215651
                        ],
                        [
                            -76.5333182,
                            3.1216294
                        ],
                        [
                            -76.5316417,
                            3.1213912
                        ],
                        [
                            -76.5310621,
                            3.1215651
                        ],
                        [
                            -76.5306532,
                            3.1218299
                        ],
                        [
                            -76.5303969,
                            3.1222615
                        ],
                        [
                            -76.5303327,
                            3.1226324
                        ],
                        [
                            -76.5305085,
                            3.123641
                        ],
                        [
                            -76.5308464,
                            3.1247394
                        ],
                        [
                            -76.5307832,
                            3.1253682
                        ],
                        [
                            -76.5306013,
                            3.1257716
                        ],
                        [
                            -76.5304506,
                            3.1262681
                        ],
                        [
                            -76.5301172,
                            3.1265968
                        ],
                        [
                            -76.529721,
                            3.1267502
                        ],
                        [
                            -76.5291133,
                            3.126768
                        ],
                        [
                            -76.5287554,
                            3.1265895
                        ],
                        [
                            -76.5283438,
                            3.1261629
                        ],
                        [
                            -76.5281117,
                            3.1255718
                        ],
                        [
                            -76.5279925,
                            3.1249644
                        ],
                        [
                            -76.5278379,
                            3.1222911
                        ],
                        [
                            -76.5276289,
                            3.1214473
                        ],
                        [
                            -76.5276076,
                            3.1207967
                        ],
                        [
                            -76.527822,
                            3.1199689
                        ],
                        [
                            -76.5281096,
                            3.119426
                        ],
                        [
                            -76.5286267,
                            3.1184691
                        ],
                        [
                            -76.5287524,
                            3.1179438
                        ],
                        [
                            -76.5288091,
                            3.1174835
                        ],
                        [
                            -76.5286729,
                            3.1167925
                        ],
                        [
                            -76.5284228,
                            3.1161658
                        ],
                        [
                            -76.5280632,
                            3.1155485
                        ],
                        [
                            -76.5278328,
                            3.1152873
                        ],
                        [
                            -76.5273285,
                            3.1149231
                        ],
                        [
                            -76.5269069,
                            3.1147456
                        ],
                        [
                            -76.5265989,
                            3.1147946
                        ],
                        [
                            -76.5260732,
                            3.1149552
                        ],
                        [
                            -76.5258304,
                            3.1151162
                        ],
                        [
                            -76.5245709,
                            3.116508
                        ],
                        [
                            -76.5231764,
                            3.1170978
                        ],
                        [
                            -76.522563,
                            3.1172689
                        ],
                        [
                            -76.5218783,
                            3.1176228
                        ],
                        [
                            -76.5214772,
                            3.1180653
                        ],
                        [
                            -76.5205684,
                            3.1202333
                        ],
                        [
                            -76.5201616,
                            3.1205581
                        ],
                        [
                            -76.519634,
                            3.1207362
                        ],
                        [
                            -76.5192711,
                            3.1208367
                        ],
                        [
                            -76.5187924,
                            3.1207626
                        ],
                        [
                            -76.5182412,
                            3.1206867
                        ],
                        [
                            -76.5178448,
                            3.1204384
                        ],
                        [
                            -76.5165791,
                            3.1188504
                        ],
                        [
                            -76.5162027,
                            3.1186084
                        ],
                        [
                            -76.5157375,
                            3.1184732
                        ],
                        [
                            -76.5155161,
                            3.1184798
                        ],
                        [
                            -76.5153995,
                            3.1186121
                        ],
                        [
                            -76.5136343,
                            3.1207693
                        ],
                        [
                            -76.5131343,
                            3.1214259
                        ],
                        [
                            -76.5129243,
                            3.121804
                        ],
                        [
                            -76.5128875,
                            3.1227328
                        ],
                        [
                            -76.5130139,
                            3.1231844
                        ],
                        [
                            -76.5133596,
                            3.1234935
                        ],
                        [
                            -76.5138555,
                            3.123727
                        ],
                        [
                            -76.5154658,
                            3.1239454
                        ],
                        [
                            -76.5171755,
                            3.1250636
                        ],
                        [
                            -76.5178657,
                            3.1252289
                        ],
                        [
                            -76.5184668,
                            3.1252038
                        ],
                        [
                            -76.5188849,
                            3.1249933
                        ],
                        [
                            -76.5195346,
                            3.1244549
                        ],
                        [
                            -76.5204084,
                            3.1231078
                        ],
                        [
                            -76.5207407,
                            3.1226882
                        ],
                        [
                            -76.5213204,
                            3.1225293
                        ],
                        [
                            -76.521758,
                            3.1225202
                        ],
                        [
                            -76.5225299,
                            3.1228933
                        ],
                        [
                            -76.523155,
                            3.1235149
                        ],
                        [
                            -76.5234709,
                            3.1240181
                        ],
                        [
                            -76.5237773,
                            3.1248647
                        ],
                        [
                            -76.5239149,
                            3.1255731
                        ],
                        [
                            -76.5239807,
                            3.1267221
                        ],
                        [
                            -76.5238405,
                            3.1285783
                        ],
                        [
                            -76.5236914,
                            3.1289463
                        ],
                        [
                            -76.5234232,
                            3.1291713
                        ],
                        [
                            -76.5222859,
                            3.130189
                        ],
                        [
                            -76.5221143,
                            3.1308425
                        ],
                        [
                            -76.5221978,
                            3.1312277
                        ],
                        [
                            -76.5227473,
                            3.1317424
                        ],
                        [
                            -76.5231508,
                            3.1319299
                        ],
                        [
                            -76.5255582,
                            3.1325458
                        ],
                        [
                            -76.5260083,
                            3.1326909
                        ],
                        [
                            -76.5262878,
                            3.132985
                        ],
                        [
                            -76.5279426,
                            3.1348518
                        ],
                        [
                            -76.5289915,
                            3.1353419
                        ],
                        [
                            -76.529338,
                            3.1353988
                        ],
                        [
                            -76.5299356,
                            3.135299
                        ],
                        [
                            -76.530299,
                            3.1351044
                        ],
                        [
                            -76.5305472,
                            3.1347419
                        ],
                        [
                            -76.530695,
                            3.1341152
                        ],
                        [
                            -76.5304323,
                            3.1319834
                        ],
                        [
                            -76.5306759,
                            3.1314638
                        ],
                        [
                            -76.5310451,
                            3.130989
                        ],
                        [
                            -76.531384,
                            3.1306497
                        ],
                        [
                            -76.5320835,
                            3.1303487
                        ],
                        [
                            -76.5326178,
                            3.1304568
                        ],
                        [
                            -76.5328745,
                            3.1306761
                        ],
                        [
                            -76.5332508,
                            3.1310782
                        ],
                        [
                            -76.5334199,
                            3.1315244
                        ],
                        [
                            -76.5334774,
                            3.1328821
                        ],
                        [
                            -76.5327779,
                            3.1360993
                        ],
                        [
                            -76.532135,
                            3.1370238
                        ],
                        [
                            -76.5315124,
                            3.1374846
                        ],
                        [
                            -76.5309227,
                            3.1376772
                        ],
                        [
                            -76.5301221,
                            3.1377172
                        ],
                        [
                            -76.5263913,
                            3.1363243
                        ],
                        [
                            -76.5246868,
                            3.1361139
                        ],
                        [
                            -76.5224652,
                            3.1364008
                        ],
                        [
                            -76.5216473,
                            3.1359896
                        ],
                        [
                            -76.5196467,
                            3.1336278
                        ],
                        [
                            -76.5193677,
                            3.1334243
                        ],
                        [
                            -76.5188191,
                            3.1330799
                        ],
                        [
                            -76.5182841,
                            3.1330493
                        ],
                        [
                            -76.5177825,
                            3.1332064
                        ],
                        [
                            -76.5174258,
                            3.133435
                        ],
                        [
                            -76.51689,
                            3.1341251
                        ],
                        [
                            -76.5165353,
                            3.1352669
                        ],
                        [
                            -76.5164292,
                            3.1358669
                        ],
                        [
                            -76.5164752,
                            3.1376736
                        ],
                        [
                            -76.5165889,
                            3.1380308
                        ],
                        [
                            -76.5174738,
                            3.1388237
                        ],
                        [
                            -76.5203354,
                            3.1409329
                        ],
                        [
                            -76.5214225,
                            3.1430456
                        ],
                        [
                            -76.5215135,
                            3.1439442
                        ],
                        [
                            -76.5214325,
                            3.1443511
                        ],
                        [
                            -76.5210629,
                            3.1447583
                        ],
                        [
                            -76.5207009,
                            3.1449777
                        ],
                        [
                            -76.5203548,
                            3.1451333
                        ],
                        [
                            -76.5187669,
                            3.1453797
                        ],
                        [
                            -76.5184777,
                            3.1453311
                        ],
                        [
                            -76.5148938,
                            3.1445548
                        ],
                        [
                            -76.5138102,
                            3.1443834
                        ],
                        [
                            -76.5135267,
                            3.1444445
                        ],
                        [
                            -76.5132845,
                            3.1446298
                        ],
                        [
                            -76.512866,
                            3.1450476
                        ],
                        [
                            -76.5126174,
                            3.1453502
                        ],
                        [
                            -76.5125549,
                            3.1456046
                        ],
                        [
                            -76.5126016,
                            3.1460417
                        ],
                        [
                            -76.5128338,
                            3.1462581
                        ],
                        [
                            -76.51346,
                            3.1464976
                        ],
                        [
                            -76.517501,
                            3.1476449
                        ],
                        [
                            -76.5189182,
                            3.1475493
                        ],
                        [
                            -76.5204503,
                            3.1470139
                        ],
                        [
                            -76.5214845,
                            3.1469948
                        ],
                        [
                            -76.5223655,
                            3.1474155
                        ],
                        [
                            -76.5226528,
                            3.1481039
                        ],
                        [
                            -76.5224421,
                            3.1486202
                        ],
                        [
                            -76.5221143,
                            3.148947
                        ],
                        [
                            -76.5211207,
                            3.1494425
                        ],
                        [
                            -76.5204513,
                            3.149654
                        ],
                        [
                            -76.5198567,
                            3.1496719
                        ],
                        [
                            -76.5172327,
                            3.1492791
                        ],
                        [
                            -76.5168116,
                            3.1491174
                        ],
                        [
                            -76.5153177,
                            3.1481804
                        ],
                        [
                            -76.5146091,
                            3.1480083
                        ],
                        [
                            -76.5131235,
                            3.1481221
                        ],
                        [
                            -76.5128472,
                            3.1482569
                        ],
                        [
                            -76.512394,
                            3.1485506
                        ],
                        [
                            -76.5117747,
                            3.14906
                        ],
                        [
                            -76.5106256,
                            3.1502265
                        ],
                        [
                            -76.5097255,
                            3.1504751
                        ],
                        [
                            -76.5083274,
                            3.1504942
                        ],
                        [
                            -76.5063931,
                            3.1499205
                        ],
                        [
                            -76.5053972,
                            3.1492512
                        ],
                        [
                            -76.5051198,
                            3.1488934
                        ],
                        [
                            -76.5048087,
                            3.1479507
                        ],
                        [
                            -76.5047443,
                            3.1473187
                        ],
                        [
                            -76.5047443,
                            3.1450476
                        ],
                        [
                            -76.5043473,
                            3.1439549
                        ],
                        [
                            -76.5042098,
                            3.1438778
                        ],
                        [
                            -76.5035864,
                            3.1431914
                        ],
                        [
                            -76.5027595,
                            3.1430122
                        ],
                        [
                            -76.5023202,
                            3.1430179
                        ],
                        [
                            -76.5010214,
                            3.143355
                        ],
                        [
                            -76.5005064,
                            3.1436121
                        ],
                        [
                            -76.4999592,
                            3.1441691
                        ],
                        [
                            -76.499757,
                            3.1446893
                        ],
                        [
                            -76.4995515,
                            3.1458296
                        ],
                        [
                            -76.4996169,
                            3.1462367
                        ],
                        [
                            -76.4999485,
                            3.1467938
                        ],
                        [
                            -76.5002156,
                            3.1470952
                        ],
                        [
                            -76.5013676,
                            3.1477536
                        ],
                        [
                            -76.5015257,
                            3.1479936
                        ],
                        [
                            -76.5019109,
                            3.1490256
                        ],
                        [
                            -76.5018261,
                            3.1496112
                        ],
                        [
                            -76.50159,
                            3.1499433
                        ],
                        [
                            -76.5010494,
                            3.1508904
                        ],
                        [
                            -76.5006459,
                            3.1517323
                        ],
                        [
                            -76.5005922,
                            3.1523105
                        ],
                        [
                            -76.5006995,
                            3.1526964
                        ],
                        [
                            -76.500957,
                            3.1529964
                        ],
                        [
                            -76.5012371,
                            3.1531848
                        ],
                        [
                            -76.5017402,
                            3.1532106
                        ],
                        [
                            -76.5024698,
                            3.1530499
                        ],
                        [
                            -76.5044954,
                            3.152607
                        ],
                        [
                            -76.505667,
                            3.1524072
                        ],
                        [
                            -76.506063,
                            3.1524099
                        ],
                        [
                            -76.5067399,
                            3.1527928
                        ],
                        [
                            -76.5071591,
                            3.1531406
                        ],
                        [
                            -76.5074909,
                            3.1536713
                        ],
                        [
                            -76.5088326,
                            3.156801
                        ],
                        [
                            -76.5089178,
                            3.1575599
                        ],
                        [
                            -76.5089715,
                            3.1584598
                        ],
                        [
                            -76.5088777,
                            3.1590955
                        ],
                        [
                            -76.508596,
                            3.1596596
                        ],
                        [
                            -76.5082097,
                            3.1600774
                        ],
                        [
                            -76.5077732,
                            3.1603666
                        ],
                        [
                            -76.5067828,
                            3.1605059
                        ],
                        [
                            -76.5057574,
                            3.1604366
                        ],
                        [
                            -76.5054846,
                            3.1604095
                        ],
                        [
                            -76.5039456,
                            3.1596819
                        ],
                        [
                            -76.5027497,
                            3.1587176
                        ],
                        [
                            -76.5021372,
                            3.1585133
                        ],
                        [
                            -76.5014074,
                            3.1585627
                        ],
                        [
                            -76.5007103,
                            3.1587597
                        ],
                        [
                            -76.500302,
                            3.1590569
                        ],
                        [
                            -76.5001738,
                            3.1594775
                        ],
                        [
                            -76.5002049,
                            3.1601129
                        ],
                        [
                            -76.5006137,
                            3.161545
                        ],
                        [
                            -76.5008801,
                            3.1620827
                        ],
                        [
                            -76.5027321,
                            3.1639524
                        ],
                        [
                            -76.5030921,
                            3.1645552
                        ],
                        [
                            -76.5032607,
                            3.165179
                        ],
                        [
                            -76.5031993,
                            3.1658835
                        ],
                        [
                            -76.5030706,
                            3.1665156
                        ],
                        [
                            -76.5029115,
                            3.1669427
                        ],
                        [
                            -76.5026951,
                            3.1672869
                        ],
                        [
                            -76.5022933,
                            3.167577
                        ],
                        [
                            -76.5017831,
                            3.1678011
                        ],
                        [
                            -76.5013007,
                            3.1678406
                        ],
                        [
                            -76.4971483,
                            3.1668477
                        ],
                        [
                            -76.4967433,
                            3.166676
                        ],
                        [
                            -76.495294,
                            3.1657647
                        ],
                        [
                            -76.4948952,
                            3.1656264
                        ],
                        [
                            -76.4943937,
                            3.1656074
                        ],
                        [
                            -76.4941871,
                            3.16568
                        ],
                        [
                            -76.4935258,
                            3.1660925
                        ],
                        [
                            -76.4932001,
                            3.1667298
                        ],
                        [
                            -76.4928986,
                            3.1675609
                        ],
                        [
                            -76.4929211,
                            3.1683581
                        ],
                        [
                            -76.4930958,
                            3.1689082
                        ],
                        [
                            -76.4938545,
                            3.1696329
                        ],
                        [
                            -76.49436,
                            3.1698885
                        ],
                        [
                            -76.4973874,
                            3.170147
                        ],
                        [
                            -76.4986405,
                            3.1705616
                        ],
                        [
                            -76.4989293,
                            3.1709934
                        ],
                        [
                            -76.4989293,
                            3.1713514
                        ],
                        [
                            -76.4988327,
                            3.1716682
                        ],
                        [
                            -76.4986501,
                            3.1718461
                        ],
                        [
                            -76.49665,
                            3.1738119
                        ],
                        [
                            -76.4949167,
                            3.1759853
                        ],
                        [
                            -76.494523,
                            3.1763042
                        ],
                        [
                            -76.4940691,
                            3.1764674
                        ],
                        [
                            -76.4937144,
                            3.176392
                        ],
                        [
                            -76.4933717,
                            3.1763817
                        ],
                        [
                            -76.4925242,
                            3.1762317
                        ],
                        [
                            -76.4922202,
                            3.176041
                        ],
                        [
                            -76.491036,
                            3.1747305
                        ],
                        [
                            -76.4907324,
                            3.1742285
                        ],
                        [
                            -76.4904097,
                            3.1733732
                        ],
                        [
                            -76.4900405,
                            3.1696172
                        ],
                        [
                            -76.4896703,
                            3.1684759
                        ],
                        [
                            -76.4893956,
                            3.1680128
                        ],
                        [
                            -76.4891982,
                            3.1678011
                        ],
                        [
                            -76.4884472,
                            3.1674047
                        ],
                        [
                            -76.4880926,
                            3.1673375
                        ],
                        [
                            -76.4877176,
                            3.167319
                        ],
                        [
                            -76.4873743,
                            3.1674797
                        ],
                        [
                            -76.4870173,
                            3.1677557
                        ],
                        [
                            -76.486795,
                            3.1684652
                        ],
                        [
                            -76.4867166,
                            3.1690745
                        ],
                        [
                            -76.4867735,
                            3.1696543
                        ],
                        [
                            -76.487363,
                            3.1712891
                        ],
                        [
                            -76.4878249,
                            3.1753533
                        ],
                        [
                            -76.4879135,
                            3.1759357
                        ],
                        [
                            -76.4882112,
                            3.1766067
                        ],
                        [
                            -76.4890147,
                            3.1779445
                        ],
                        [
                            -76.4908273,
                            3.1791068
                        ],
                        [
                            -76.4923128,
                            3.1796671
                        ],
                        [
                            -76.4929319,
                            3.1798632
                        ],
                        [
                            -76.4931808,
                            3.1800644
                        ],
                        [
                            -76.4933395,
                            3.1805274
                        ],
                        [
                            -76.4936596,
                            3.1822023
                        ],
                        [
                            -76.4936292,
                            3.1830662
                        ],
                        [
                            -76.4935303,
                            3.1834258
                        ],
                        [
                            -76.4932859,
                            3.1836768
                        ],
                        [
                            -76.4912656,
                            3.185275
                        ],
                        [
                            -76.4904857,
                            3.1864191
                        ],
                        [
                            -76.4902721,
                            3.1868906
                        ],
                        [
                            -76.4901209,
                            3.1875868
                        ],
                        [
                            -76.4899292,
                            3.1896543
                        ],
                        [
                            -76.4904238,
                            3.1920104
                        ],
                        [
                            -76.4916673,
                            3.1935056
                        ],
                        [
                            -76.492323,
                            3.1947585
                        ],
                        [
                            -76.4923749,
                            3.1964767
                        ],
                        [
                            -76.4915104,
                            3.1977202
                        ],
                        [
                            -76.4908773,
                            3.1987702
                        ],
                        [
                            -76.4909256,
                            3.1995094
                        ],
                        [
                            -76.4915231,
                            3.2001112
                        ],
                        [
                            -76.4922613,
                            3.2002057
                        ],
                        [
                            -76.492827,
                            3.2001516
                        ],
                        [
                            -76.4937312,
                            3.19982
                        ],
                        [
                            -76.4945623,
                            3.1995391
                        ],
                        [
                            -76.4966601,
                            3.1984007
                        ],
                        [
                            -76.4973682,
                            3.1978758
                        ],
                        [
                            -76.4979645,
                            3.1976304
                        ],
                        [
                            -76.4986235,
                            3.1976187
                        ],
                        [
                            -76.4989405,
                            3.1977835
                        ],
                        [
                            -76.4994174,
                            3.198232
                        ],
                        [
                            -76.4996645,
                            3.1986469
                        ],
                        [
                            -76.4997098,
                            3.1990997
                        ],
                        [
                            -76.4996105,
                            3.1997263
                        ],
                        [
                            -76.4995581,
                            3.2002556
                        ],
                        [
                            -76.4981287,
                            3.2024483
                        ],
                        [
                            -76.4971912,
                            3.2045762
                        ],
                        [
                            -76.4969432,
                            3.2048334
                        ],
                        [
                            -76.4963973,
                            3.2052832
                        ],
                        [
                            -76.4959913,
                            3.2054072
                        ],
                        [
                            -76.4955068,
                            3.2055617
                        ],
                        [
                            -76.4935485,
                            3.2053714
                        ],
                        [
                            -76.4925242,
                            3.2053047
                        ],
                        [
                            -76.491981,
                            3.2054928
                        ],
                        [
                            -76.49158,
                            3.2061402
                        ],
                        [
                            -76.4913869,
                            3.2072328
                        ],
                        [
                            -76.4924529,
                            3.2108051
                        ],
                        [
                            -76.4920398,
                            3.2132082
                        ],
                        [
                            -76.4911058,
                            3.2169203
                        ],
                        [
                            -76.4901359,
                            3.2177452
                        ],
                        [
                            -76.489148,
                            3.217799
                        ],
                        [
                            -76.4878368,
                            3.2170279
                        ],
                        [
                            -76.4871184,
                            3.2155933
                        ],
                        [
                            -76.486831,
                            3.2130647
                        ],
                        [
                            -76.4863101,
                            3.2119822
                        ],
                        [
                            -76.4854069,
                            3.2117854
                        ],
                        [
                            -76.4841806,
                            3.2121818
                        ],
                        [
                            -76.4834183,
                            3.2133875
                        ],
                        [
                            -76.4823945,
                            3.2157547
                        ],
                        [
                            -76.4803677,
                            3.2171023
                        ],
                        [
                            -76.4795242,
                            3.2188256
                        ],
                        [
                            -76.4792204,
                            3.2203121
                        ],
                        [
                            -76.4793491,
                            3.2209013
                        ],
                        [
                            -76.4806903,
                            3.2227009
                        ],
                        [
                            -76.4808297,
                            3.2229901
                        ],
                        [
                            -76.4809048,
                            3.2232579
                        ],
                        [
                            -76.4806903,
                            3.2236435
                        ],
                        [
                            -76.4803379,
                            3.2237908
                        ],
                        [
                            -76.4796614,
                            3.2237872
                        ],
                        [
                            -76.4794457,
                            3.2238363
                        ],
                        [
                            -76.477335,
                            3.2237237
                        ],
                        [
                            -76.4768601,
                            3.2237721
                        ],
                        [
                            -76.4755082,
                            3.2237399
                        ],
                        [
                            -76.4751878,
                            3.2236135
                        ],
                        [
                            -76.4746285,
                            3.2228401
                        ],
                        [
                            -76.4744461,
                            3.2223367
                        ],
                        [
                            -76.4744032,
                            3.2218011
                        ],
                        [
                            -76.4748538,
                            3.2212012
                        ],
                        [
                            -76.4759851,
                            3.2203148
                        ],
                        [
                            -76.4764202,
                            3.2199158
                        ],
                        [
                            -76.4766777,
                            3.2191552
                        ],
                        [
                            -76.4766991,
                            3.2176127
                        ],
                        [
                            -76.4761841,
                            3.2161666
                        ],
                        [
                            -76.4754546,
                            3.2149669
                        ],
                        [
                            -76.4751864,
                            3.2146348
                        ],
                        [
                            -76.4746821,
                            3.2144098
                        ],
                        [
                            -76.4743485,
                            3.2143834
                        ],
                        [
                            -76.4740384,
                            3.2145384
                        ],
                        [
                            -76.4739575,
                            3.2148287
                        ],
                        [
                            -76.4737487,
                            3.2152347
                        ],
                        [
                            -76.4733088,
                            3.2171307
                        ],
                        [
                            -76.472708,
                            3.2179876
                        ],
                        [
                            -76.4725687,
                            3.2184378
                        ],
                        [
                            -76.472776,
                            3.2211578
                        ],
                        [
                            -76.4728153,
                            3.2223795
                        ],
                        [
                            -76.4723867,
                            3.2240472
                        ],
                        [
                            -76.4720321,
                            3.2258609
                        ],
                        [
                            -76.4717955,
                            3.2264208
                        ],
                        [
                            -76.4714849,
                            3.2269213
                        ],
                        [
                            -76.4702923,
                            3.2280185
                        ],
                        [
                            -76.4678478,
                            3.230092
                        ],
                        [
                            -76.4676225,
                            3.2304348
                        ],
                        [
                            -76.4675796,
                            3.2306812
                        ],
                        [
                            -76.4675474,
                            3.2310882
                        ],
                        [
                            -76.467637,
                            3.2313677
                        ],
                        [
                            -76.4677405,
                            3.2315488
                        ],
                        [
                            -76.4680946,
                            3.2316559
                        ],
                        [
                            -76.4684675,
                            3.2317434
                        ],
                        [
                            -76.4691997,
                            3.2314738
                        ],
                        [
                            -76.4696485,
                            3.2312381
                        ],
                        [
                            -76.4720965,
                            3.2290851
                        ],
                        [
                            -76.4728904,
                            3.2286031
                        ],
                        [
                            -76.4736521,
                            3.2283246
                        ],
                        [
                            -76.4744384,
                            3.2283345
                        ],
                        [
                            -76.4753795,
                            3.2282496
                        ],
                        [
                            -76.4758516,
                            3.2284006
                        ],
                        [
                            -76.4767957,
                            3.2288923
                        ],
                        [
                            -76.4773699,
                            3.2293983
                        ],
                        [
                            -76.4779329,
                            3.2306598
                        ],
                        [
                            -76.4780509,
                            3.2313969
                        ],
                        [
                            -76.47789,
                            3.2321594
                        ],
                        [
                            -76.4776691,
                            3.2325027
                        ],
                        [
                            -76.4769967,
                            3.2334674
                        ],
                        [
                            -76.4768815,
                            3.2345481
                        ],
                        [
                            -76.4766133,
                            3.2352444
                        ],
                        [
                            -76.4763451,
                            3.2354908
                        ],
                        [
                            -76.4758623,
                            3.2358978
                        ],
                        [
                            -76.474092,
                            3.236819
                        ],
                        [
                            -76.473105,
                            3.2370225
                        ],
                        [
                            -76.4717209,
                            3.2370332
                        ],
                        [
                            -76.4711074,
                            3.2371891
                        ],
                        [
                            -76.4708734,
                            3.237526
                        ],
                        [
                            -76.4706699,
                            3.2379835
                        ],
                        [
                            -76.4707875,
                            3.2387685
                        ],
                        [
                            -76.4710677,
                            3.2393074
                        ],
                        [
                            -76.4726222,
                            3.2405467
                        ],
                        [
                            -76.4728046,
                            3.2409216
                        ],
                        [
                            -76.472944,
                            3.2413501
                        ],
                        [
                            -76.4736629,
                            3.241725
                        ],
                        [
                            -76.4747357,
                            3.2418964
                        ],
                        [
                            -76.4760232,
                            3.2421427
                        ],
                        [
                            -76.4765489,
                            3.2425926
                        ],
                        [
                            -76.4767297,
                            3.2433187
                        ],
                        [
                            -76.4769459,
                            3.2440601
                        ],
                        [
                            -76.4769137,
                            3.2448421
                        ],
                        [
                            -76.476785,
                            3.2453134
                        ],
                        [
                            -76.4764513,
                            3.245715
                        ],
                        [
                            -76.4759374,
                            3.2459882
                        ],
                        [
                            -76.4753904,
                            3.2459797
                        ],
                        [
                            -76.4733839,
                            3.2458918
                        ],
                        [
                            -76.4720643,
                            3.2454419
                        ],
                        [
                            -76.4712703,
                            3.2447885
                        ],
                        [
                            -76.4708519,
                            3.2437495
                        ],
                        [
                            -76.470524,
                            3.2425906
                        ],
                        [
                            -76.4701223,
                            3.2416393
                        ],
                        [
                            -76.4697147,
                            3.2404074
                        ],
                        [
                            -76.4691184,
                            3.2396251
                        ],
                        [
                            -76.468631,
                            3.239272
                        ],
                        [
                            -76.4680576,
                            3.2390823
                        ],
                        [
                            -76.4674187,
                            3.2389828
                        ],
                        [
                            -76.4666891,
                            3.2390256
                        ],
                        [
                            -76.466438,
                            3.2391444
                        ],
                        [
                            -76.4643395,
                            3.2406859
                        ],
                        [
                            -76.4632881,
                            3.2411787
                        ],
                        [
                            -76.4628375,
                            3.2415857
                        ],
                        [
                            -76.4625907,
                            3.2423891
                        ],
                        [
                            -76.462698,
                            3.2430532
                        ],
                        [
                            -76.4629555,
                            3.2437388
                        ],
                        [
                            -76.4635227,
                            3.2441793
                        ],
                        [
                            -76.4665496,
                            3.2458382
                        ],
                        [
                            -76.4674938,
                            3.246181
                        ],
                        [
                            -76.4690924,
                            3.2465131
                        ],
                        [
                            -76.470809,
                            3.2467273
                        ],
                        [
                            -76.4716673,
                            3.2469094
                        ],
                        [
                            -76.4722743,
                            3.2473036
                        ],
                        [
                            -76.4726544,
                            3.2478306
                        ],
                        [
                            -76.4729226,
                            3.248709
                        ],
                        [
                            -76.4729973,
                            3.2492458
                        ],
                        [
                            -76.472826,
                            3.2499408
                        ],
                        [
                            -76.4724467,
                            3.2505339
                        ],
                        [
                            -76.4718926,
                            3.2510441
                        ],
                        [
                            -76.4714522,
                            3.2512223
                        ],
                        [
                            -76.4709163,
                            3.2513868
                        ],
                        [
                            -76.4704047,
                            3.2513282
                        ],
                        [
                            -76.4700258,
                            3.2512047
                        ],
                        [
                            -76.4694572,
                            3.2507334
                        ],
                        [
                            -76.4675007,
                            3.2488525
                        ],
                        [
                            -76.4655515,
                            3.2476611
                        ],
                        [
                            -76.4630851,
                            3.2453707
                        ],
                        [
                            -76.4621186,
                            3.2450027
                        ],
                        [
                            -76.4614534,
                            3.2449063
                        ],
                        [
                            -76.4608634,
                            3.2451313
                        ],
                        [
                            -76.4601123,
                            3.245849
                        ],
                        [
                            -76.4599621,
                            3.2462239
                        ],
                        [
                            -76.460043,
                            3.2466262
                        ],
                        [
                            -76.4603269,
                            3.2469737
                        ],
                        [
                            -76.4606563,
                            3.2470619
                        ],
                        [
                            -76.461314,
                            3.2471022
                        ],
                        [
                            -76.4620972,
                            3.2478413
                        ],
                        [
                            -76.462316,
                            3.2484421
                        ],
                        [
                            -76.4625371,
                            3.2501336
                        ],
                        [
                            -76.4631514,
                            3.2519901
                        ],
                        [
                            -76.4632988,
                            3.2530471
                        ],
                        [
                            -76.4631271,
                            3.2540647
                        ],
                        [
                            -76.4628804,
                            3.2545682
                        ],
                        [
                            -76.4625478,
                            3.2549431
                        ],
                        [
                            -76.4620864,
                            3.2554894
                        ],
                        [
                            -76.459651,
                            3.2571818
                        ],
                        [
                            -76.4593721,
                            3.2576745
                        ],
                        [
                            -76.4593095,
                            3.258176
                        ],
                        [
                            -76.4594901,
                            3.2585636
                        ],
                        [
                            -76.4597568,
                            3.2587286
                        ],
                        [
                            -76.4614749,
                            3.2597418
                        ],
                        [
                            -76.461829,
                            3.2603524
                        ],
                        [
                            -76.4624083,
                            3.2609415
                        ],
                        [
                            -76.463052,
                            3.2614985
                        ],
                        [
                            -76.4639747,
                            3.2622162
                        ],
                        [
                            -76.4644927,
                            3.2625293
                        ],
                        [
                            -76.4648008,
                            3.263448
                        ],
                        [
                            -76.4647794,
                            3.2641228
                        ],
                        [
                            -76.4647365,
                            3.2647227
                        ],
                        [
                            -76.4645755,
                            3.2654939
                        ],
                        [
                            -76.464318,
                            3.2659866
                        ],
                        [
                            -76.4638353,
                            3.2666079
                        ],
                        [
                            -76.4624354,
                            3.2679294
                        ],
                        [
                            -76.4623332,
                            3.268236
                        ],
                        [
                            -76.4624619,
                            3.2685913
                        ],
                        [
                            -76.4625692,
                            3.268868
                        ],
                        [
                            -76.4632237,
                            3.2693178
                        ],
                        [
                            -76.463728,
                            3.2695642
                        ],
                        [
                            -76.4649296,
                            3.2700462
                        ],
                        [
                            -76.4660712,
                            3.2704152
                        ],
                        [
                            -76.4666355,
                            3.2704533
                        ],
                        [
                            -76.4677942,
                            3.2710317
                        ],
                        [
                            -76.4683199,
                            3.2711923
                        ],
                        [
                            -76.4687491,
                            3.2711174
                        ],
                        [
                            -76.4691031,
                            3.2708496
                        ],
                        [
                            -76.4694572,
                            3.2704318
                        ],
                        [
                            -76.4702726,
                            3.2702926
                        ],
                        [
                            -76.4712167,
                            3.2702069
                        ],
                        [
                            -76.4716566,
                            3.2702712
                        ],
                        [
                            -76.4727187,
                            3.2706782
                        ],
                        [
                            -76.4735638,
                            3.2711728
                        ],
                        [
                            -76.4739633,
                            3.2716422
                        ],
                        [
                            -76.4744139,
                            3.2725205
                        ],
                        [
                            -76.4747465,
                            3.2731739
                        ],
                        [
                            -76.4746714,
                            3.2739237
                        ],
                        [
                            -76.4744461,
                            3.275177
                        ],
                        [
                            -76.4742924,
                            3.2757153
                        ],
                        [
                            -76.473856,
                            3.2761838
                        ],
                        [
                            -76.4714205,
                            3.2780476
                        ],
                        [
                            -76.4712489,
                            3.2784546
                        ],
                        [
                            -76.4712381,
                            3.2787117
                        ],
                        [
                            -76.4712811,
                            3.2790973
                        ],
                        [
                            -76.4714849,
                            3.2793972
                        ],
                        [
                            -76.4723444,
                            3.280114
                        ],
                        [
                            -76.4728582,
                            3.2803184
                        ],
                        [
                            -76.4736307,
                            3.280629
                        ],
                        [
                            -76.474607,
                            3.2807254
                        ],
                        [
                            -76.4751971,
                            3.2807147
                        ],
                        [
                            -76.4768922,
                            3.2808754
                        ],
                        [
                            -76.4779437,
                            3.280961
                        ],
                        [
                            -76.4785981,
                            3.2812717
                        ],
                        [
                            -76.4797032,
                            3.2815395
                        ],
                        [
                            -76.4805508,
                            3.2815073
                        ],
                        [
                            -76.4812911,
                            3.2814216
                        ],
                        [
                            -76.481688,
                            3.2812824
                        ],
                        [
                            -76.4821279,
                            3.281111
                        ],
                        [
                            -76.4826644,
                            3.280629
                        ],
                        [
                            -76.4830291,
                            3.2801149
                        ],
                        [
                            -76.4834154,
                            3.2792687
                        ],
                        [
                            -76.4834797,
                            3.2772978
                        ],
                        [
                            -76.4834905,
                            3.2769229
                        ],
                        [
                            -76.48363,
                            3.2767301
                        ],
                        [
                            -76.4839196,
                            3.2766123
                        ],
                        [
                            -76.4842951,
                            3.2767622
                        ],
                        [
                            -76.4847994,
                            3.2769765
                        ],
                        [
                            -76.4858079,
                            3.2779726
                        ],
                        [
                            -76.4865589,
                            3.2791401
                        ],
                        [
                            -76.4869022,
                            3.2802005
                        ],
                        [
                            -76.4872134,
                            3.2820643
                        ],
                        [
                            -76.487267,
                            3.2837353
                        ],
                        [
                            -76.4871964,
                            3.2844371
                        ],
                        [
                            -76.4867741,
                            3.2854977
                        ],
                        [
                            -76.486398,
                            3.2861988
                        ],
                        [
                            -76.4858392,
                            3.2868909
                        ],
                        [
                            -76.4852178,
                            3.2872914
                        ],
                        [
                            -76.4840162,
                            3.2878591
                        ],
                        [
                            -76.4829218,
                            3.2878698
                        ],
                        [
                            -76.4818704,
                            3.2877198
                        ],
                        [
                            -76.4794948,
                            3.2866906
                        ],
                        [
                            -76.475037,
                            3.284645
                        ],
                        [
                            -76.4745641,
                            3.2846136
                        ],
                        [
                            -76.4737058,
                            3.2846243
                        ],
                        [
                            -76.4729259,
                            3.2848454
                        ],
                        [
                            -76.4719677,
                            3.285599
                        ],
                        [
                            -76.4715171,
                            3.2861239
                        ],
                        [
                            -76.471324,
                            3.2866701
                        ],
                        [
                            -76.4713991,
                            3.2870343
                        ],
                        [
                            -76.4718611,
                            3.2883716
                        ],
                        [
                            -76.4727724,
                            3.2898406
                        ],
                        [
                            -76.4731405,
                            3.2901967
                        ],
                        [
                            -76.4735448,
                            3.2903012
                        ],
                        [
                            -76.4742637,
                            3.2901298
                        ],
                        [
                            -76.474748,
                            3.2899471
                        ],
                        [
                            -76.4756906,
                            3.2893801
                        ],
                        [
                            -76.4767957,
                            3.2890266
                        ],
                        [
                            -76.477603,
                            3.2888923
                        ],
                        [
                            -76.4783406,
                            3.2888766
                        ],
                        [
                            -76.4795959,
                            3.2893586
                        ],
                        [
                            -76.4806252,
                            3.2897048
                        ],
                        [
                            -76.4817309,
                            3.2897014
                        ],
                        [
                            -76.482997,
                            3.2893265
                        ],
                        [
                            -76.4848638,
                            3.2887909
                        ],
                        [
                            -76.4856001,
                            3.2886809
                        ],
                        [
                            -76.487546,
                            3.2888338
                        ],
                        [
                            -76.4901102,
                            3.2886303
                        ],
                        [
                            -76.4913011,
                            3.2886196
                        ],
                        [
                            -76.4921701,
                            3.2888552
                        ],
                        [
                            -76.4929478,
                            3.2892572
                        ],
                        [
                            -76.4931571,
                            3.2895032
                        ],
                        [
                            -76.4932697,
                            3.2893484
                        ],
                        [
                            -76.4932953,
                            3.289196
                        ],
                        [
                            -76.4936808,
                            3.288767
                        ],
                        [
                            -76.4936757,
                            3.2880837
                        ],
                        [
                            -76.4937419,
                            3.2875364
                        ],
                        [
                            -76.4936554,
                            3.2870794
                        ],
                        [
                            -76.4934102,
                            3.286664
                        ],
                        [
                            -76.493287,
                            3.2865241
                        ],
                        [
                            -76.4927797,
                            3.2861025
                        ],
                        [
                            -76.492657,
                            3.2858964
                        ],
                        [
                            -76.4925929,
                            3.2856133
                        ],
                        [
                            -76.4925866,
                            3.2854188
                        ],
                        [
                            -76.4925915,
                            3.2851102
                        ],
                        [
                            -76.4926795,
                            3.2848384
                        ],
                        [
                            -76.4928072,
                            3.2845268
                        ],
                        [
                            -76.4929198,
                            3.2843732
                        ],
                        [
                            -76.4929954,
                            3.2841981
                        ],
                        [
                            -76.4933651,
                            3.2831314
                        ],
                        [
                            -76.4934595,
                            3.2829258
                        ],
                        [
                            -76.4935827,
                            3.2826855
                        ],
                        [
                            -76.4936659,
                            3.2825559
                        ],
                        [
                            -76.4937668,
                            3.2822969
                        ],
                        [
                            -76.4938711,
                            3.2821312
                        ],
                        [
                            -76.4939946,
                            3.2819516
                        ],
                        [
                            -76.4942043,
                            3.2818156
                        ],
                        [
                            -76.4942846,
                            3.2817674
                        ],
                        [
                            -76.4943856,
                            3.2816305
                        ],
                        [
                            -76.4945841,
                            3.281593
                        ],
                        [
                            -76.4947826,
                            3.2813092
                        ],
                        [
                            -76.4948395,
                            3.2809867
                        ],
                        [
                            -76.4946411,
                            3.2806547
                        ],
                        [
                            -76.4945036,
                            3.2803719
                        ],
                        [
                            -76.4943406,
                            3.2802155
                        ],
                        [
                            -76.4942083,
                            3.2799948
                        ],
                        [
                            -76.4940262,
                            3.2797239
                        ],
                        [
                            -76.4939598,
                            3.2794711
                        ],
                        [
                            -76.4939798,
                            3.2791194
                        ],
                        [
                            -76.4942817,
                            3.2787534
                        ],
                        [
                            -76.4945469,
                            3.2785057
                        ],
                        [
                            -76.4947322,
                            3.2784642
                        ],
                        [
                            -76.4949113,
                            3.2785028
                        ],
                        [
                            -76.4951675,
                            3.2787451
                        ],
                        [
                            -76.495376,
                            3.2788284
                        ],
                        [
                            -76.4956762,
                            3.2789996
                        ],
                        [
                            -76.4959768,
                            3.2791711
                        ],
                        [
                            -76.49629,
                            3.2792633
                        ],
                        [
                            -76.4965078,
                            3.2792515
                        ],
                        [
                            -76.4967942,
                            3.2791294
                        ],
                        [
                            -76.4967835,
                            3.2789741
                        ],
                        [
                            -76.4965743,
                            3.2787652
                        ],
                        [
                            -76.4963881,
                            3.2784579
                        ],
                        [
                            -76.4963469,
                            3.2783571
                        ],
                        [
                            -76.4964402,
                            3.2782511
                        ],
                        [
                            -76.4966333,
                            3.2780583
                        ],
                        [
                            -76.4968834,
                            3.2778269
                        ],
                        [
                            -76.4968908,
                            3.2775174
                        ],
                        [
                            -76.4968212,
                            3.2772096
                        ],
                        [
                            -76.4968083,
                            3.276895
                        ],
                        [
                            -76.4969531,
                            3.2767691
                        ],
                        [
                            -76.4972368,
                            3.2767113
                        ],
                        [
                            -76.497511,
                            3.2767611
                        ],
                        [
                            -76.4980307,
                            3.2765935
                        ],
                        [
                            -76.4983183,
                            3.2762844
                        ],
                        [
                            -76.498425,
                            3.2760151
                        ],
                        [
                            -76.4983365,
                            3.2756482
                        ],
                        [
                            -76.4981708,
                            3.2753418
                        ],
                        [
                            -76.4979449,
                            3.2750966
                        ],
                        [
                            -76.4978027,
                            3.274877
                        ],
                        [
                            -76.4978617,
                            3.2746333
                        ],
                        [
                            -76.4979831,
                            3.2744636
                        ],
                        [
                            -76.4982158,
                            3.2742745
                        ],
                        [
                            -76.4984525,
                            3.2741368
                        ],
                        [
                            -76.4986166,
                            3.2740244
                        ],
                        [
                            -76.4988542,
                            3.2738086
                        ],
                        [
                            -76.4991016,
                            3.2736173
                        ],
                        [
                            -76.4993665,
                            3.2734256
                        ],
                        [
                            -76.4995495,
                            3.2734085
                        ],
                        [
                            -76.4996803,
                            3.2735729
                        ],
                        [
                            -76.4997453,
                            3.2738583
                        ],
                        [
                            -76.4998412,
                            3.2740683
                        ],
                        [
                            -76.4998278,
                            3.2743254
                        ],
                        [
                            -76.4998514,
                            3.274522
                        ],
                        [
                            -76.499925,
                            3.2746295
                        ],
                        [
                            -76.5001202,
                            3.2748556
                        ],
                        [
                            -76.5001772,
                            3.2752294
                        ],
                        [
                            -76.5003616,
                            3.2754287
                        ],
                        [
                            -76.500381,
                            3.2756686
                        ],
                        [
                            -76.5002543,
                            3.2759535
                        ],
                        [
                            -76.4999904,
                            3.2762035
                        ],
                        [
                            -76.499925,
                            3.2763434
                        ],
                        [
                            -76.4998552,
                            3.2765951
                        ],
                        [
                            -76.4999914,
                            3.2767515
                        ],
                        [
                            -76.5002254,
                            3.2769379
                        ],
                        [
                            -76.5004206,
                            3.2770889
                        ],
                        [
                            -76.5004561,
                            3.2772431
                        ],
                        [
                            -76.5005279,
                            3.2774477
                        ],
                        [
                            -76.5006459,
                            3.2775495
                        ],
                        [
                            -76.5008605,
                            3.2775441
                        ],
                        [
                            -76.5010676,
                            3.2778108
                        ],
                        [
                            -76.501236,
                            3.2782564
                        ],
                        [
                            -76.5013948,
                            3.2786998
                        ],
                        [
                            -76.5014163,
                            3.2790694
                        ],
                        [
                            -76.5015021,
                            3.2792301
                        ],
                        [
                            -76.5016651,
                            3.2791508
                        ],
                        [
                            -76.5017971,
                            3.2789302
                        ],
                        [
                            -76.5019387,
                            3.2785671
                        ],
                        [
                            -76.5021673,
                            3.2784642
                        ],
                        [
                            -76.5024966,
                            3.2783903
                        ],
                        [
                            -76.5028378,
                            3.2785285
                        ],
                        [
                            -76.5031886,
                            3.2788027
                        ],
                        [
                            -76.503546,
                            3.279064
                        ],
                        [
                            -76.5039772,
                            3.2792151
                        ],
                        [
                            -76.5041468,
                            3.2794871
                        ],
                        [
                            -76.5042454,
                            3.2798953
                        ],
                        [
                            -76.5044955,
                            3.2802316
                        ],
                        [
                            -76.5048355,
                            3.2805219
                        ],
                        [
                            -76.5050876,
                            3.2806611
                        ],
                        [
                            -76.5054128,
                            3.2806975
                        ],
                        [
                            -76.5057206,
                            3.2805647
                        ],
                        [
                            -76.5060458,
                            3.2803654
                        ],
                        [
                            -76.5063375,
                            3.2801041
                        ],
                        [
                            -76.5064052,
                            3.2797281
                        ],
                        [
                            -76.5066701,
                            3.2793222
                        ],
                        [
                            -76.5070972,
                            3.2790051
                        ],
                        [
                            -76.5079609,
                            3.2784374
                        ],
                        [
                            -76.508386,
                            3.2781595
                        ],
                        [
                            -76.5087923,
                            3.278025
                        ],
                        [
                            -76.50919,
                            3.2779566
                        ],
                        [
                            -76.5094988,
                            3.277921
                        ],
                        [
                            -76.5097687,
                            3.2778965
                        ],
                        [
                            -76.5103159,
                            3.2780143
                        ],
                        [
                            -76.5109542,
                            3.2783999
                        ],
                        [
                            -76.5113405,
                            3.2786141
                        ],
                        [
                            -76.5114637,
                            3.2786668
                        ],
                        [
                            -76.5119252,
                            3.2786891
                        ],
                        [
                            -76.5121192,
                            3.2786605
                        ],
                        [
                            -76.5123704,
                            3.2785285
                        ],
                        [
                            -76.5124154,
                            3.2781922
                        ],
                        [
                            -76.5125099,
                            3.2779233
                        ],
                        [
                            -76.512689,
                            3.2777423
                        ],
                        [
                            -76.5128933,
                            3.2776336
                        ],
                        [
                            -76.5131805,
                            3.2775591
                        ],
                        [
                            -76.5134864,
                            3.2775315
                        ],
                        [
                            -76.5137276,
                            3.2776876
                        ],
                        [
                            -76.5141353,
                            3.2779554
                        ],
                        [
                            -76.5144761,
                            3.2781501
                        ],
                        [
                            -76.5147362,
                            3.2782339
                        ],
                        [
                            -76.5149686,
                            3.2783597
                        ],
                        [
                            -76.5154228,
                            3.278491
                        ],
                        [
                            -76.5157282,
                            3.2786028
                        ],
                        [
                            -76.5159432,
                            3.2787373
                        ],
                        [
                            -76.5161911,
                            3.2787709
                        ],
                        [
                            -76.5163401,
                            3.2788391
                        ],
                        [
                            -76.5166673,
                            3.2789729
                        ],
                        [
                            -76.5170299,
                            3.2791095
                        ],
                        [
                            -76.5173218,
                            3.2792086
                        ],
                        [
                            -76.5174559,
                            3.2794067
                        ],
                        [
                            -76.5175953,
                            3.2798192
                        ],
                        [
                            -76.5176812,
                            3.2802958
                        ],
                        [
                            -76.5177798,
                            3.2808379
                        ],
                        [
                            -76.5179548,
                            3.2810885
                        ],
                        [
                            -76.5181553,
                            3.2812502
                        ],
                        [
                            -76.5182928,
                            3.2812062
                        ],
                        [
                            -76.518577,
                            3.280976
                        ],
                        [
                            -76.5189278,
                            3.2807843
                        ],
                        [
                            -76.519293,
                            3.280934
                        ],
                        [
                            -76.5197169,
                            3.2811785
                        ],
                        [
                            -76.5198745,
                            3.2813003
                        ],
                        [
                            -76.5200438,
                            3.2815469
                        ],
                        [
                            -76.5203723,
                            3.2820448
                        ],
                        [
                            -76.5208,
                            3.2825035
                        ],
                        [
                            -76.5211594,
                            3.2829426
                        ],
                        [
                            -76.521433,
                            3.2829962
                        ],
                        [
                            -76.5216051,
                            3.2830378
                        ],
                        [
                            -76.5216476,
                            3.2831729
                        ],
                        [
                            -76.5215671,
                            3.2833175
                        ],
                        [
                            -76.5214706,
                            3.2836817
                        ],
                        [
                            -76.5213955,
                            3.2839816
                        ],
                        [
                            -76.5214817,
                            3.2843102
                        ],
                        [
                            -76.5216208,
                            3.2845493
                        ],
                        [
                            -76.5219022,
                            3.2848843
                        ],
                        [
                            -76.5221518,
                            3.2849831
                        ],
                        [
                            -76.5223907,
                            3.2851107
                        ],
                        [
                            -76.5227841,
                            3.2852849
                        ],
                        [
                            -76.523155,
                            3.285433
                        ],
                        [
                            -76.5236875,
                            3.2855956
                        ],
                        [
                            -76.5240308,
                            3.2856727
                        ],
                        [
                            -76.524574,
                            3.2858557
                        ],
                        [
                            -76.5249172,
                            3.286002
                        ],
                        [
                            -76.5252177,
                            3.2860474
                        ],
                        [
                            -76.5253612,
                            3.2860926
                        ],
                        [
                            -76.5257904,
                            3.2859897
                        ],
                        [
                            -76.5262624,
                            3.2859383
                        ],
                        [
                            -76.5265972,
                            3.2858612
                        ],
                        [
                            -76.526722,
                            3.2859288
                        ],
                        [
                            -76.5268589,
                            3.2864274
                        ],
                        [
                            -76.5273256,
                            3.2865918
                        ],
                        [
                            -76.5278416,
                            3.2861607
                        ],
                        [
                            -76.5277488,
                            3.2856556
                        ],
                        [
                            -76.5280213,
                            3.2853541
                        ],
                        [
                            -76.5284296,
                            3.2855287
                        ],
                        [
                            -76.5285112,
                            3.2860754
                        ],
                        [
                            -76.5285731,
                            3.2863279
                        ],
                        [
                            -76.5286804,
                            3.286464
                        ],
                        [
                            -76.5289593,
                            3.2866921
                        ],
                        [
                            -76.5290843,
                            3.2867278
                        ],
                        [
                            -76.5292597,
                            3.2867778
                        ],
                        [
                            -76.529603,
                            3.2867778
                        ],
                        [
                            -76.5297421,
                            3.2867416
                        ],
                        [
                            -76.5299034,
                            3.2866996
                        ],
                        [
                            -76.5301395,
                            3.2865282
                        ],
                        [
                            -76.5303111,
                            3.286178
                        ],
                        [
                            -76.5303755,
                            3.2858995
                        ],
                        [
                            -76.5304711,
                            3.2857632
                        ],
                        [
                            -76.5305257,
                            3.2856853
                        ],
                        [
                            -76.5307618,
                            3.2855642
                        ],
                        [
                            -76.5310271,
                            3.2855642
                        ],
                        [
                            -76.5312338,
                            3.2855642
                        ],
                        [
                            -76.5316844,
                            3.2855996
                        ],
                        [
                            -76.5321136,
                            3.2855996
                        ],
                        [
                            -76.5325213,
                            3.2855996
                        ],
                        [
                            -76.5328217,
                            3.285471
                        ],
                        [
                            -76.5329719,
                            3.2851711
                        ],
                        [
                            -76.5330577,
                            3.2848144
                        ],
                        [
                            -76.533032,
                            3.284649
                        ],
                        [
                            -76.5329934,
                            3.2843999
                        ],
                        [
                            -76.5328861,
                            3.2840432
                        ],
                        [
                            -76.5327573,
                            3.2837005
                        ],
                        [
                            -76.53271,
                            3.2834591
                        ],
                        [
                            -76.5326929,
                            3.2833716
                        ],
                        [
                            -76.5327788,
                            3.2830364
                        ],
                        [
                            -76.5330577,
                            3.2829004
                        ],
                        [
                            -76.5335083,
                            3.2830503
                        ],
                        [
                            -76.5338946,
                            3.2832217
                        ],
                        [
                            -76.5343666,
                            3.283136
                        ],
                        [
                            -76.5346885,
                            3.282986
                        ],
                        [
                            -76.5349245,
                            3.2826647
                        ],
                        [
                            -76.535044,
                            3.2824738
                        ],
                        [
                            -76.5351391,
                            3.2823219
                        ],
                        [
                            -76.5353537,
                            3.2819363
                        ],
                        [
                            -76.5356541,
                            3.2815507
                        ],
                        [
                            -76.5358901,
                            3.2811223
                        ],
                        [
                            -76.5361236,
                            3.2807089
                        ],
                        [
                            -76.5364232,
                            3.2805022
                        ],
                        [
                            -76.5367821,
                            3.2803852
                        ],
                        [
                            -76.5371115,
                            3.2803488
                        ],
                        [
                            -76.5373545,
                            3.2803849
                        ],
                        [
                            -76.5376594,
                            3.2804743
                        ],
                        [
                            -76.5379872,
                            3.2806374
                        ],
                        [
                            -76.5381752,
                            3.2808723
                        ],
                        [
                            -76.5385003,
                            3.2812174
                        ],
                        [
                            -76.5390015,
                            3.2815293
                        ],
                        [
                            -76.5393877,
                            3.2815722
                        ],
                        [
                            -76.5394609,
                            3.281539
                        ],
                        [
                            -76.5396238,
                            3.281465
                        ],
                        [
                            -76.5398598,
                            3.2811437
                        ],
                        [
                            -76.5398142,
                            3.2808566
                        ],
                        [
                            -76.5397793,
                            3.2807093
                        ],
                        [
                            -76.5398008,
                            3.2805433
                        ],
                        [
                            -76.5400019,
                            3.2804603
                        ],
                        [
                            -76.5403211,
                            3.2804014
                        ],
                        [
                            -76.5405464,
                            3.2803907
                        ],
                        [
                            -76.5408629,
                            3.2803076
                        ],
                        [
                            -76.5411311,
                            3.2802621
                        ],
                        [
                            -76.5413618,
                            3.2801738
                        ],
                        [
                            -76.5414825,
                            3.2801041
                        ],
                        [
                            -76.5416837,
                            3.2799729
                        ],
                        [
                            -76.5420753,
                            3.2798819
                        ],
                        [
                            -76.542365,
                            3.2797962
                        ],
                        [
                            -76.5424631,
                            3.2797128
                        ],
                        [
                            -76.5426895,
                            3.2795204
                        ],
                        [
                            -76.5427244,
                            3.2794695
                        ],
                        [
                            -76.5427405,
                            3.279282
                        ],
                        [
                            -76.5427727,
                            3.2791294
                        ],
                        [
                            -76.5429416,
                            3.2790625
                        ],
                        [
                            -76.5430194,
                            3.2789741
                        ],
                        [
                            -76.5431508,
                            3.2787331
                        ],
                        [
                            -76.5434003,
                            3.278543
                        ],
                        [
                            -76.5436363,
                            3.2784519
                        ],
                        [
                            -76.5440092,
                            3.2782993
                        ],
                        [
                            -76.5443149,
                            3.278235
                        ],
                        [
                            -76.5444544,
                            3.2783207
                        ],
                        [
                            -76.5444839,
                            3.278468
                        ],
                        [
                            -76.5444598,
                            3.2785912
                        ],
                        [
                            -76.5442935,
                            3.2789634
                        ],
                        [
                            -76.5441862,
                            3.2791
                        ],
                        [
                            -76.5440574,
                            3.2793329
                        ],
                        [
                            -76.5438911,
                            3.2797962
                        ],
                        [
                            -76.5437758,
                            3.2800024
                        ],
                        [
                            -76.54369,
                            3.2801282
                        ],
                        [
                            -76.5434754,
                            3.280305
                        ],
                        [
                            -76.5434164,
                            3.2805781
                        ],
                        [
                            -76.5433574,
                            3.2808138
                        ],
                        [
                            -76.5432903,
                            3.2809985
                        ],
                        [
                            -76.5431294,
                            3.2812663
                        ],
                        [
                            -76.5430221,
                            3.2813895
                        ],
                        [
                            -76.5429229,
                            3.2814779
                        ],
                        [
                            -76.5428478,
                            3.281601
                        ],
                        [
                            -76.5426412,
                            3.2818635
                        ],
                        [
                            -76.5425393,
                            3.2819759
                        ],
                        [
                            -76.5424937,
                            3.2820536
                        ],
                        [
                            -76.5424749,
                            3.2821607
                        ],
                        [
                            -76.5425205,
                            3.282308
                        ],
                        [
                            -76.5427673,
                            3.282707
                        ],
                        [
                            -76.5428612,
                            3.2829051
                        ],
                        [
                            -76.5430355,
                            3.2831676
                        ],
                        [
                            -76.5431106,
                            3.2834327
                        ],
                        [
                            -76.5431187,
                            3.2836308
                        ],
                        [
                            -76.5431616,
                            3.2838932
                        ],
                        [
                            -76.5432957,
                            3.2839896
                        ],
                        [
                            -76.5434968,
                            3.2840619
                        ],
                        [
                            -76.5437678,
                            3.2841449
                        ],
                        [
                            -76.5438509,
                            3.2841369
                        ],
                        [
                            -76.5439743,
                            3.2840512
                        ],
                        [
                            -76.5440628,
                            3.2838825
                        ],
                        [
                            -76.5440923,
                            3.2837834
                        ],
                        [
                            -76.5441379,
                            3.2836067
                        ],
                        [
                            -76.5441781,
                            3.2833737
                        ],
                        [
                            -76.5442371,
                            3.283114
                        ],
                        [
                            -76.5443471,
                            3.2829774
                        ],
                        [
                            -76.5445322,
                            3.2829399
                        ],
                        [
                            -76.5446448,
                            3.2830069
                        ],
                        [
                            -76.5448299,
                            3.2831435
                        ],
                        [
                            -76.5450391,
                            3.2833496
                        ],
                        [
                            -76.5450525,
                            3.2834916
                        ],
                        [
                            -76.5450928,
                            3.2837272
                        ],
                        [
                            -76.5453717,
                            3.2839843
                        ],
                        [
                            -76.5454549,
                            3.2841717
                        ],
                        [
                            -76.5454575,
                            3.2844101
                        ],
                        [
                            -76.5454763,
                            3.2845761
                        ],
                        [
                            -76.5456641,
                            3.2850233
                        ],
                        [
                            -76.5457311,
                            3.2851759
                        ],
                        [
                            -76.5458411,
                            3.2852857
                        ],
                        [
                            -76.5460825,
                            3.2853901
                        ],
                        [
                            -76.5461576,
                            3.2853419
                        ],
                        [
                            -76.5462434,
                            3.2851679
                        ],
                        [
                            -76.5462783,
                            3.284967
                        ],
                        [
                            -76.5463293,
                            3.2846591
                        ],
                        [
                            -76.5463346,
                            3.2844984
                        ],
                        [
                            -76.546399,
                            3.284236
                        ],
                        [
                            -76.5464821,
                            3.2840834
                        ],
                        [
                            -76.5466216,
                            3.2838852
                        ],
                        [
                            -76.5467531,
                            3.2837326
                        ],
                        [
                            -76.546863,
                            3.2834942
                        ],
                        [
                            -76.5469274,
                            3.283197
                        ],
                        [
                            -76.5469891,
                            3.2830337
                        ],
                        [
                            -76.5471044,
                            3.2830444
                        ],
                        [
                            -76.54726,
                            3.2831756
                        ],
                        [
                            -76.5473405,
                            3.2833014
                        ],
                        [
                            -76.5475416,
                            3.283438
                        ],
                        [
                            -76.5476221,
                            3.2834407
                        ],
                        [
                            -76.5477321,
                            3.2834166
                        ],
                        [
                            -76.5478608,
                            3.2833309
                        ],
                        [
                            -76.5478098,
                            3.2831113
                        ],
                        [
                            -76.5479118,
                            3.2830096
                        ],
                        [
                            -76.548011,
                            3.2830524
                        ],
                        [
                            -76.5482095,
                            3.2831863
                        ],
                        [
                            -76.5484375,
                            3.2832372
                        ],
                        [
                            -76.5485609,
                            3.2833202
                        ],
                        [
                            -76.5485904,
                            3.2834594
                        ],
                        [
                            -76.548593,
                            3.2835933
                        ],
                        [
                            -76.5486869,
                            3.2837674
                        ],
                        [
                            -76.5489364,
                            3.2838397
                        ],
                        [
                            -76.5491563,
                            3.2839227
                        ],
                        [
                            -76.5493253,
                            3.2840218
                        ],
                        [
                            -76.5493816,
                            3.2844181
                        ],
                        [
                            -76.5493534,
                            3.2847461
                        ],
                        [
                            -76.5493977,
                            3.2849028
                        ],
                        [
                            -76.5495265,
                            3.2852402
                        ],
                        [
                            -76.5496552,
                            3.285524
                        ],
                        [
                            -76.5498591,
                            3.2857436
                        ],
                        [
                            -76.5500844,
                            3.2859203
                        ],
                        [
                            -76.5503097,
                            3.2860007
                        ],
                        [
                            -76.5507656,
                            3.2861935
                        ],
                        [
                            -76.5510339,
                            3.2863863
                        ],
                        [
                            -76.5513611,
                            3.2865095
                        ],
                        [
                            -76.5516937,
                            3.2865791
                        ],
                        [
                            -76.5519834,
                            3.286563
                        ],
                        [
                            -76.5521818,
                            3.2865309
                        ],
                        [
                            -76.5523696,
                            3.2864023
                        ],
                        [
                            -76.552611,
                            3.2858828
                        ],
                        [
                            -76.5527666,
                            3.2855133
                        ],
                        [
                            -76.5528899,
                            3.2851706
                        ],
                        [
                            -76.5531904,
                            3.2847689
                        ],
                        [
                            -76.5535498,
                            3.2844904
                        ],
                        [
                            -76.5538555,
                            3.2843351
                        ],
                        [
                            -76.5542364,
                            3.2840405
                        ],
                        [
                            -76.554451,
                            3.2839281
                        ],
                        [
                            -76.5547729,
                            3.283687
                        ],
                        [
                            -76.5552396,
                            3.2832854
                        ],
                        [
                            -76.5557385,
                            3.2830363
                        ],
                        [
                            -76.5559745,
                            3.283106
                        ],
                        [
                            -76.5561515,
                            3.2831033
                        ],
                        [
                            -76.556358,
                            3.2830979
                        ],
                        [
                            -76.5565458,
                            3.2830604
                        ],
                        [
                            -76.5569428,
                            3.2828917
                        ],
                        [
                            -76.5571922,
                            3.2829265
                        ],
                        [
                            -76.5576911,
                            3.2829132
                        ],
                        [
                            -76.5581766,
                            3.2829078
                        ],
                        [
                            -76.5584663,
                            3.2827927
                        ],
                        [
                            -76.5585521,
                            3.2826025
                        ],
                        [
                            -76.558544,
                            3.2823615
                        ],
                        [
                            -76.5584233,
                            3.281842
                        ],
                        [
                            -76.5583026,
                            3.2815876
                        ],
                        [
                            -76.5582892,
                            3.2812904
                        ],
                        [
                            -76.5586272,
                            3.2812663
                        ],
                        [
                            -76.5589759,
                            3.2812958
                        ],
                        [
                            -76.5592253,
                            3.2813279
                        ],
                        [
                            -76.5594319,
                            3.2816251
                        ],
                        [
                            -76.5593085,
                            3.2819947
                        ],
                        [
                            -76.559228,
                            3.2823321
                        ],
                        [
                            -76.5591341,
                            3.2829373
                        ],
                        [
                            -76.5591073,
                            3.2833845
                        ],
                        [
                            -76.5591905,
                            3.283671
                        ],
                        [
                            -76.5594238,
                            3.2842199
                        ],
                        [
                            -76.5597162,
                            3.2846323
                        ],
                        [
                            -76.5602177,
                            3.2854008
                        ],
                        [
                            -76.5604967,
                            3.2856526
                        ],
                        [
                            -76.5607917,
                            3.2858025
                        ],
                        [
                            -76.5611672,
                            3.2858828
                        ],
                        [
                            -76.5617198,
                            3.2862149
                        ],
                        [
                            -76.561988,
                            3.286413
                        ],
                        [
                            -76.5622187,
                            3.2867183
                        ],
                        [
                            -76.5625834,
                            3.2869272
                        ],
                        [
                            -76.5628893,
                            3.2869593
                        ],
                        [
                            -76.563093,
                            3.2868147
                        ],
                        [
                            -76.5633559,
                            3.2866755
                        ],
                        [
                            -76.5634827,
                            3.2865472
                        ],
                        [
                            -76.5635544,
                            3.2864961
                        ],
                        [
                            -76.5636644,
                            3.2864023
                        ],
                        [
                            -76.5638065,
                            3.2863782
                        ],
                        [
                            -76.5639413,
                            3.2864811
                        ],
                        [
                            -76.5639889,
                            3.2865175
                        ],
                        [
                            -76.5640613,
                            3.2866969
                        ],
                        [
                            -76.5641418,
                            3.2869165
                        ],
                        [
                            -76.5642813,
                            3.2870289
                        ],
                        [
                            -76.5644369,
                            3.2871494
                        ],
                        [
                            -76.5644503,
                            3.2873235
                        ],
                        [
                            -76.5644395,
                            3.2874012
                        ],
                        [
                            -76.5643993,
                            3.287444
                        ],
                        [
                            -76.5643269,
                            3.2875404
                        ],
                        [
                            -76.5643483,
                            3.287693
                        ],
                        [
                            -76.5643966,
                            3.2878189
                        ],
                        [
                            -76.5646219,
                            3.2879367
                        ],
                        [
                            -76.5648875,
                            3.2881536
                        ],
                        [
                            -76.5648714,
                            3.2882393
                        ],
                        [
                            -76.564858,
                            3.2884294
                        ],
                        [
                            -76.5649143,
                            3.2886115
                        ],
                        [
                            -76.5650672,
                            3.288965
                        ],
                        [
                            -76.5652415,
                            3.2891926
                        ],
                        [
                            -76.5653998,
                            3.2893693
                        ],
                        [
                            -76.5655768,
                            3.2895139
                        ],
                        [
                            -76.5656948,
                            3.2896746
                        ],
                        [
                            -76.5657297,
                            3.2898674
                        ],
                        [
                            -76.5654749,
                            3.2900307
                        ],
                        [
                            -76.5653408,
                            3.2901164
                        ],
                        [
                            -76.5652925,
                            3.2902476
                        ],
                        [
                            -76.5653488,
                            3.2903949
                        ],
                        [
                            -76.5653971,
                            3.2905609
                        ],
                        [
                            -76.5653971,
                            3.2907109
                        ],
                        [
                            -76.5654749,
                            3.2908662
                        ],
                        [
                            -76.5657431,
                            3.2908823
                        ],
                        [
                            -76.5658504,
                            3.2908716
                        ],
                        [
                            -76.5659657,
                            3.2909465
                        ],
                        [
                            -76.565955,
                            3.2911768
                        ],
                        [
                            -76.5658504,
                            3.2913402
                        ],
                        [
                            -76.565727,
                            3.2913723
                        ],
                        [
                            -76.5655822,
                            3.2913803
                        ],
                        [
                            -76.5654373,
                            3.2914339
                        ],
                        [
                            -76.5653917,
                            3.2915919
                        ],
                        [
                            -76.5653649,
                            3.291707
                        ],
                        [
                            -76.5654883,
                            3.2918329
                        ],
                        [
                            -76.5658075,
                            3.292023
                        ],
                        [
                            -76.5658799,
                            3.2920685
                        ],
                        [
                            -76.5661052,
                            3.2923631
                        ],
                        [
                            -76.5661937,
                            3.2926496
                        ],
                        [
                            -76.5662044,
                            3.2927326
                        ],
                        [
                            -76.5662178,
                            3.2928156
                        ],
                        [
                            -76.5662742,
                            3.292979
                        ],
                        [
                            -76.5663466,
                            3.2931316
                        ],
                        [
                            -76.5664485,
                            3.2932896
                        ],
                        [
                            -76.5665719,
                            3.2934208
                        ],
                        [
                            -76.5667248,
                            3.2935574
                        ],
                        [
                            -76.5667436,
                            3.2936538
                        ],
                        [
                            -76.5668052,
                            3.2937743
                        ],
                        [
                            -76.5669394,
                            3.2938171
                        ],
                        [
                            -76.5670547,
                            3.293868
                        ],
                        [
                            -76.5671727,
                            3.2939216
                        ],
                        [
                            -76.5673175,
                            3.2940394
                        ],
                        [
                            -76.567339,
                            3.2941251
                        ],
                        [
                            -76.5673229,
                            3.2942295
                        ],
                        [
                            -76.5673015,
                            3.2943125
                        ],
                        [
                            -76.567221,
                            3.2943688
                        ],
                        [
                            -76.5671539,
                            3.2943955
                        ],
                        [
                            -76.5670198,
                            3.2944598
                        ],
                        [
                            -76.5669662,
                            3.2945026
                        ],
                        [
                            -76.566875,
                            3.2945294
                        ],
                        [
                            -76.5667355,
                            3.2945428
                        ],
                        [
                            -76.5666631,
                            3.2944598
                        ],
                        [
                            -76.5664995,
                            3.2944116
                        ],
                        [
                            -76.5664431,
                            3.2944036
                        ],
                        [
                            -76.5663895,
                            3.2945107
                        ],
                        [
                            -76.5663976,
                            3.2946178
                        ],
                        [
                            -76.5664566,
                            3.2947062
                        ],
                        [
                            -76.566529,
                            3.2947785
                        ],
                        [
                            -76.5666148,
                            3.2948561
                        ],
                        [
                            -76.5667033,
                            3.2950355
                        ],
                        [
                            -76.5668294,
                            3.2952631
                        ],
                        [
                            -76.5669608,
                            3.2954051
                        ],
                        [
                            -76.567111,
                            3.2956246
                        ],
                        [
                            -76.5671673,
                            3.2957639
                        ],
                        [
                            -76.5671217,
                            3.2959379
                        ],
                        [
                            -76.5669876,
                            3.2961441
                        ],
                        [
                            -76.5667462,
                            3.2964494
                        ],
                        [
                            -76.5666041,
                            3.2966127
                        ],
                        [
                            -76.5663815,
                            3.2968243
                        ],
                        [
                            -76.5662366,
                            3.2969823
                        ],
                        [
                            -76.5661186,
                            3.2971349
                        ],
                        [
                            -76.5660489,
                            3.2974562
                        ],
                        [
                            -76.566124,
                            3.2977053
                        ],
                        [
                            -76.5661696,
                            3.2978954
                        ],
                        [
                            -76.5662822,
                            3.2982408
                        ],
                        [
                            -76.5663278,
                            3.2985461
                        ],
                        [
                            -76.5664083,
                            3.2987362
                        ],
                        [
                            -76.5665317,
                            3.298937
                        ],
                        [
                            -76.5666309,
                            3.2990495
                        ],
                        [
                            -76.5668321,
                            3.2992932
                        ],
                        [
                            -76.5671003,
                            3.2994244
                        ],
                        [
                            -76.5676099,
                            3.2996627
                        ],
                        [
                            -76.5680847,
                            3.2996868
                        ],
                        [
                            -76.5684199,
                            3.2995636
                        ],
                        [
                            -76.568841,
                            3.2994645
                        ],
                        [
                            -76.5690905,
                            3.2994378
                        ],
                        [
                            -76.5693319,
                            3.2995422
                        ],
                        [
                            -76.569584,
                            3.2996841
                        ],
                        [
                            -76.5697154,
                            3.2997216
                        ],
                        [
                            -76.5701258,
                            3.2997939
                        ],
                        [
                            -76.5703645,
                            3.2997886
                        ],
                        [
                            -76.5705469,
                            3.2997377
                        ],
                        [
                            -76.5707079,
                            3.2997618
                        ],
                        [
                            -76.5708473,
                            3.2998341
                        ],
                        [
                            -76.5711263,
                            3.3001313
                        ],
                        [
                            -76.5712309,
                            3.300308
                        ],
                        [
                            -76.5712899,
                            3.3004687
                        ],
                        [
                            -76.571373,
                            3.3006401
                        ],
                        [
                            -76.5715045,
                            3.3008008
                        ],
                        [
                            -76.5716627,
                            3.3008811
                        ],
                        [
                            -76.5718183,
                            3.301114
                        ],
                        [
                            -76.5719122,
                            3.3013095
                        ],
                        [
                            -76.5719739,
                            3.3016362
                        ],
                        [
                            -76.5720195,
                            3.3018451
                        ],
                        [
                            -76.5721563,
                            3.3020539
                        ],
                        [
                            -76.572277,
                            3.3023967
                        ],
                        [
                            -76.5724728,
                            3.3025172
                        ],
                        [
                            -76.5725747,
                            3.3026886
                        ],
                        [
                            -76.5729073,
                            3.3026564
                        ],
                        [
                            -76.5730897,
                            3.3025466
                        ],
                        [
                            -76.5732077,
                            3.3025279
                        ],
                        [
                            -76.573327,
                            3.3025292
                        ],
                        [
                            -76.5735658,
                            3.3025199
                        ],
                        [
                            -76.5737347,
                            3.30256
                        ],
                        [
                            -76.5739064,
                            3.3026176
                        ],
                        [
                            -76.5741183,
                            3.3027207
                        ],
                        [
                            -76.5744911,
                            3.3028091
                        ],
                        [
                            -76.5746681,
                            3.3028546
                        ],
                        [
                            -76.5748452,
                            3.3029001
                        ],
                        [
                            -76.5749632,
                            3.3029483
                        ],
                        [
                            -76.5750544,
                            3.3029938
                        ],
                        [
                            -76.5751429,
                            3.3031143
                        ],
                        [
                            -76.5752596,
                            3.3033071
                        ],
                        [
                            -76.5754151,
                            3.3035588
                        ],
                        [
                            -76.5754581,
                            3.303599
                        ],
                        [
                            -76.5754822,
                            3.3036124
                        ],
                        [
                            -76.5756404,
                            3.3036954
                        ],
                        [
                            -76.5757799,
                            3.3036847
                        ],
                        [
                            -76.5758282,
                            3.3036044
                        ],
                        [
                            -76.5758255,
                            3.3034865
                        ],
                        [
                            -76.5758926,
                            3.3034035
                        ],
                        [
                            -76.5759623,
                            3.3033125
                        ],
                        [
                            -76.5761045,
                            3.3032375
                        ],
                        [
                            -76.5761983,
                            3.303192
                        ],
                        [
                            -76.5765256,
                            3.3030849
                        ],
                        [
                            -76.5766409,
                            3.3030849
                        ],
                        [
                            -76.5767884,
                            3.3030822
                        ],
                        [
                            -76.5769252,
                            3.3030474
                        ],
                        [
                            -76.576995,
                            3.3030019
                        ],
                        [
                            -76.5770835,
                            3.3029804
                        ],
                        [
                            -76.5773007,
                            3.3030661
                        ],
                        [
                            -76.5773919,
                            3.303267
                        ],
                        [
                            -76.5774241,
                            3.3033794
                        ],
                        [
                            -76.577459,
                            3.3037088
                        ],
                        [
                            -76.5775368,
                            3.3038105
                        ],
                        [
                            -76.5776521,
                            3.3038641
                        ],
                        [
                            -76.5778559,
                            3.3038962
                        ],
                        [
                            -76.5780303,
                            3.3039846
                        ],
                        [
                            -76.5781376,
                            3.3040462
                        ],
                        [
                            -76.5782663,
                            3.3041881
                        ],
                        [
                            -76.5783924,
                            3.3043033
                        ],
                        [
                            -76.5785828,
                            3.304314
                        ],
                        [
                            -76.578733,
                            3.3042229
                        ],
                        [
                            -76.5789664,
                            3.3041212
                        ],
                        [
                            -76.5791515,
                            3.3040408
                        ],
                        [
                            -76.5794545,
                            3.3039096
                        ],
                        [
                            -76.5796611,
                            3.3038695
                        ],
                        [
                            -76.5799212,
                            3.3037731
                        ],
                        [
                            -76.5801653,
                            3.3037891
                        ],
                        [
                            -76.5803826,
                            3.3038802
                        ],
                        [
                            -76.5806025,
                            3.3040783
                        ],
                        [
                            -76.5806615,
                            3.3042792
                        ],
                        [
                            -76.5805945,
                            3.3044371
                        ],
                        [
                            -76.5804657,
                            3.3044773
                        ],
                        [
                            -76.5804416,
                            3.3046112
                        ],
                        [
                            -76.5806106,
                            3.3047022
                        ],
                        [
                            -76.5806991,
                            3.3047263
                        ],
                        [
                            -76.5808922,
                            3.3049325
                        ],
                        [
                            -76.5808761,
                            3.305116
                        ],
                        [
                            -76.5809324,
                            3.3053958
                        ],
                        [
                            -76.5809485,
                            3.3055672
                        ],
                        [
                            -76.5809512,
                            3.3057573
                        ],
                        [
                            -76.5809512,
                            3.3059929
                        ],
                        [
                            -76.5808412,
                            3.3063624
                        ],
                        [
                            -76.5807983,
                            3.306507
                        ],
                        [
                            -76.5808037,
                            3.3068418
                        ],
                        [
                            -76.5808976,
                            3.307056
                        ],
                        [
                            -76.5809727,
                            3.3072889
                        ],
                        [
                            -76.5811443,
                            3.3074228
                        ],
                        [
                            -76.581324,
                            3.3075032
                        ],
                        [
                            -76.5814045,
                            3.3075594
                        ],
                        [
                            -76.5814126,
                            3.3075862
                        ],
                        [
                            -76.5814099,
                            3.3076504
                        ],
                        [
                            -76.5813723,
                            3.307953
                        ],
                        [
                            -76.5813535,
                            3.3081485
                        ],
                        [
                            -76.5814099,
                            3.308435
                        ],
                        [
                            -76.5814501,
                            3.3085394
                        ],
                        [
                            -76.5815815,
                            3.308601
                        ],
                        [
                            -76.581713,
                            3.308601
                        ],
                        [
                            -76.5818498,
                            3.3085448
                        ],
                        [
                            -76.5820697,
                            3.3085287
                        ],
                        [
                            -76.5823004,
                            3.3085207
                        ],
                        [
                            -76.5826035,
                            3.3085662
                        ],
                        [
                            -76.5828314,
                            3.3086626
                        ],
                        [
                            -76.5831158,
                            3.3087724
                        ],
                        [
                            -76.5833169,
                            3.3087965
                        ],
                        [
                            -76.583553,
                            3.3088635
                        ],
                        [
                            -76.5837273,
                            3.3089786
                        ],
                        [
                            -76.5839687,
                            3.3089438
                        ],
                        [
                            -76.5841779,
                            3.3088474
                        ],
                        [
                            -76.5843308,
                            3.308676
                        ],
                        [
                            -76.5845051,
                            3.3085475
                        ],
                        [
                            -76.5847063,
                            3.3084698
                        ],
                        [
                            -76.5850389,
                            3.3083654
                        ],
                        [
                            -76.5853393,
                            3.3083761
                        ],
                        [
                            -76.5856183,
                            3.3084671
                        ],
                        [
                            -76.586026,
                            3.3086198
                        ],
                        [
                            -76.5862888,
                            3.3087376
                        ],
                        [
                            -76.5865973,
                            3.3088045
                        ],
                        [
                            -76.5869138,
                            3.3087697
                        ],
                        [
                            -76.5871149,
                            3.3087912
                        ],
                        [
                            -76.5873188,
                            3.3088742
                        ],
                        [
                            -76.5875924,
                            3.3088795
                        ],
                        [
                            -76.5880269,
                            3.3087751
                        ],
                        [
                            -76.5883246,
                            3.3087322
                        ],
                        [
                            -76.5885392,
                            3.3085876
                        ],
                        [
                            -76.5888369,
                            3.3083225
                        ],
                        [
                            -76.5889603,
                            3.3080119
                        ],
                        [
                            -76.5890837,
                            3.3076504
                        ],
                        [
                            -76.5893009,
                            3.3074469
                        ],
                        [
                            -76.5894243,
                            3.3072434
                        ],
                        [
                            -76.5895504,
                            3.3071443
                        ],
                        [
                            -76.5897837,
                            3.3070346
                        ],
                        [
                            -76.5901753,
                            3.307056
                        ],
                        [
                            -76.5903953,
                            3.3070078
                        ],
                        [
                            -76.5909156,
                            3.3070078
                        ],
                        [
                            -76.5912724,
                            3.3072247
                        ],
                        [
                            -76.5914923,
                            3.3073532
                        ],
                        [
                            -76.5920341,
                            3.3074978
                        ],
                        [
                            -76.5934557,
                            3.3077763
                        ],
                        [
                            -76.5940136,
                            3.3079209
                        ],
                        [
                            -76.5944588,
                            3.3079798
                        ],
                        [
                            -76.5949684,
                            3.3078352
                        ],
                        [
                            -76.5952742,
                            3.3077067
                        ],
                        [
                            -76.5956819,
                            3.3076638
                        ],
                        [
                            -76.5961754,
                            3.3079745
                        ],
                        [
                            -76.5966046,
                            3.3083172
                        ],
                        [
                            -76.5970337,
                            3.3084243
                        ],
                        [
                            -76.5974844,
                            3.30851
                        ],
                        [
                            -76.5982676,
                            3.3085528
                        ],
                        [
                            -76.59904,
                            3.3085743
                        ],
                        [
                            -76.5997052,
                            3.3084672
                        ],
                        [
                            -76.6004026,
                            3.3083279
                        ],
                        [
                            -76.6011322,
                            3.3081565
                        ],
                        [
                            -76.6018403,
                            3.3078888
                        ],
                        [
                            -76.6022802,
                            3.3075996
                        ],
                        [
                            -76.6025457,
                            3.3076213
                        ],
                        [
                            -76.6026664,
                            3.3076317
                        ],
                        [
                            -76.6034711,
                            3.3080066
                        ],
                        [
                            -76.6038787,
                            3.3080923
                        ],
                        [
                            -76.6042113,
                            3.3082744
                        ],
                        [
                            -76.6048014,
                            3.3084457
                        ],
                        [
                            -76.6058314,
                            3.3084672
                        ],
                        [
                            -76.6064108,
                            3.3086921
                        ],
                        [
                            -76.6070223,
                            3.3094097
                        ],
                        [
                            -76.6073763,
                            3.3101809
                        ],
                        [
                            -76.6078591,
                            3.3110164
                        ],
                        [
                            -76.6086531,
                            3.3116055
                        ],
                        [
                            -76.6100586,
                            3.3118518
                        ],
                        [
                            -76.6111958,
                            3.3119696
                        ],
                        [
                            -76.6127408,
                            3.311402
                        ],
                        [
                            -76.6143715,
                            3.3104058
                        ],
                        [
                            -76.6158092,
                            3.3087242
                        ],
                        [
                            -76.6167963,
                            3.3069462
                        ],
                        [
                            -76.6175902,
                            3.3064535
                        ],
                        [
                            -76.6181467,
                            3.3064013
                        ],
                        [
                            -76.6187596,
                            3.3063464
                        ],
                        [
                            -76.6198622,
                            3.3057707
                        ],
                        [
                            -76.6206617,
                            3.3049141
                        ],
                        [
                            -76.6214612,
                            3.3047999
                        ],
                        [
                            -76.6221465,
                            3.3047428
                        ],
                        [
                            -76.6227176,
                            3.3051425
                        ],
                        [
                            -76.6232943,
                            3.3054852
                        ],
                        [
                            -76.6240938,
                            3.3062847
                        ],
                        [
                            -76.6259213,
                            3.3067415
                        ],
                        [
                            -76.6272918,
                            3.3068557
                        ],
                        [
                            -76.6282056,
                            3.3068557
                        ],
                        [
                            -76.6289479,
                            3.3065131
                        ],
                        [
                            -76.6300901,
                            3.306456
                        ],
                        [
                            -76.6310442,
                            3.3066249
                        ],
                        [
                            -76.631999,
                            3.3049433
                        ],
                        [
                            -76.6333938,
                            3.303508
                        ],
                        [
                            -76.6363764,
                            3.3013658
                        ],
                        [
                            -76.6410971,
                            3.2997591
                        ],
                        [
                            -76.6435218,
                            3.2995021
                        ],
                        [
                            -76.646204,
                            3.2998877
                        ],
                        [
                            -76.6481567,
                            3.3004018
                        ],
                        [
                            -76.6495085,
                            3.3015586
                        ],
                        [
                            -76.6503561,
                            3.3021477
                        ],
                        [
                            -76.6523945,
                            3.3031652
                        ],
                        [
                            -76.6527486,
                            3.3034009
                        ],
                        [
                            -76.6541434,
                            3.3034437
                        ],
                        [
                            -76.656096,
                            3.3039578
                        ],
                        [
                            -76.656611,
                            3.3041078
                        ],
                        [
                            -76.6572547,
                            3.3054574
                        ],
                        [
                            -76.6594717,
                            3.3087117
                        ],
                        [
                            -76.6599856,
                            3.3093399
                        ],
                        [
                            -76.6604996,
                            3.3100823
                        ],
                        [
                            -76.6608422,
                            3.3109389
                        ],
                        [
                            -76.6616988,
                            3.3119097
                        ],
                        [
                            -76.6625406,
                            3.3136374
                        ],
                        [
                            -76.6628992,
                            3.314594
                        ],
                        [
                            -76.6638994,
                            3.3148081
                        ],
                        [
                            -76.6654984,
                            3.315322
                        ],
                        [
                            -76.6664121,
                            3.3153221
                        ],
                        [
                            -76.6671545,
                            3.3150365
                        ],
                        [
                            -76.6677387,
                            3.3147295
                        ],
                        [
                            -76.6685881,
                            3.314851
                        ],
                        [
                            -76.6702725,
                            3.3147869
                        ],
                        [
                            -76.6711427,
                            3.3144299
                        ],
                        [
                            -76.6734504,
                            3.314187
                        ],
                        [
                            -76.6750934,
                            3.3148795
                        ],
                        [
                            -76.6765211,
                            3.315108
                        ],
                        [
                            -76.6788624,
                            3.3153364
                        ],
                        [
                            -76.6799475,
                            3.3155648
                        ],
                        [
                            -76.6823346,
                            3.3151651
                        ],
                        [
                            -76.6835338,
                            3.3147082
                        ],
                        [
                            -76.6844967,
                            3.3142157
                        ],
                        [
                            -76.6854715,
                            3.3143689
                        ],
                        [
                            -76.686918,
                            3.3134877
                        ],
                        [
                            -76.6896129,
                            3.3128479
                        ],
                        [
                            -76.6925808,
                            3.312538
                        ],
                        [
                            -76.6972089,
                            3.3113484
                        ],
                        [
                            -76.6974449,
                            3.3182034
                        ],
                        [
                            -76.6977985,
                            3.3195396
                        ],
                        [
                            -76.6975839,
                            3.3203815
                        ],
                        [
                            -76.6962252,
                            3.3254294
                        ],
                        [
                            -76.6967154,
                            3.326515
                        ],
                        [
                            -76.6960287,
                            3.3279716
                        ],
                        [
                            -76.6962191,
                            3.3286485
                        ],
                        [
                            -76.6952726,
                            3.3311116
                        ],
                        [
                            -76.6945991,
                            3.332568
                        ],
                        [
                            -76.6949418,
                            3.3340315
                        ],
                        [
                            -76.6951847,
                            3.3350594
                        ],
                        [
                            -76.6956425,
                            3.3364973
                        ],
                        [
                            -76.6954058,
                            3.3371226
                        ],
                        [
                            -76.6950265,
                            3.337929
                        ],
                        [
                            -76.6949988,
                            3.3389822
                        ],
                        [
                            -76.6955623,
                            3.3393639
                        ],
                        [
                            -76.6957125,
                            3.3403133
                        ],
                        [
                            -76.6954263,
                            3.3415483
                        ],
                        [
                            -76.6951252,
                            3.342262
                        ],
                        [
                            -76.6949387,
                            3.34319
                        ],
                        [
                            -76.6964186,
                            3.3446927
                        ],
                        [
                            -76.6972395,
                            3.3452601
                        ],
                        [
                            -76.6975737,
                            3.3463725
                        ],
                        [
                            -76.6981037,
                            3.3472125
                        ],
                        [
                            -76.6989423,
                            3.3480077
                        ],
                        [
                            -76.6998422,
                            3.3492818
                        ],
                        [
                            -76.7001057,
                            3.3506031
                        ],
                        [
                            -76.7006074,
                            3.3523913
                        ],
                        [
                            -76.700504,
                            3.3529372
                        ],
                        [
                            -76.7000886,
                            3.3534174
                        ],
                        [
                            -76.7000735,
                            3.3544803
                        ],
                        [
                            -76.7007487,
                            3.3548664
                        ],
                        [
                            -76.7012951,
                            3.355773
                        ],
                        [
                            -76.7017731,
                            3.3570793
                        ],
                        [
                            -76.7015433,
                            3.3578755
                        ],
                        [
                            -76.7017941,
                            3.3584786
                        ],
                        [
                            -76.7031659,
                            3.357451
                        ],
                        [
                            -76.7037545,
                            3.3568623
                        ],
                        [
                            -76.7043967,
                            3.355792
                        ],
                        [
                            -76.7048784,
                            3.3552033
                        ],
                        [
                            -76.7061628,
                            3.3547217
                        ],
                        [
                            -76.7073937,
                            3.3545076
                        ],
                        [
                            -76.7088387,
                            3.3540259
                        ],
                        [
                            -76.7101766,
                            3.3532232
                        ],
                        [
                            -76.7108723,
                            3.352688
                        ],
                        [
                            -76.7116751,
                            3.3522064
                        ],
                        [
                            -76.7126919,
                            3.351029
                        ],
                        [
                            -76.7132806,
                            3.3503333
                        ],
                        [
                            -76.713591,
                            3.3489739
                        ],
                        [
                            -76.7144472,
                            3.3479036
                        ],
                        [
                            -76.7155176,
                            3.3466192
                        ],
                        [
                            -76.7159457,
                            3.3447461
                        ],
                        [
                            -76.7170696,
                            3.3426054
                        ],
                        [
                            -76.7178723,
                            3.3422308
                        ],
                        [
                            -76.7188891,
                            3.341214
                        ],
                        [
                            -76.720013,
                            3.3404112
                        ],
                        [
                            -76.7213509,
                            3.3397155
                        ],
                        [
                            -76.7232775,
                            3.3389663
                        ],
                        [
                            -76.7244014,
                            3.3385381
                        ],
                        [
                            -76.7250436,
                            3.3384311
                        ],
                        [
                            -76.7260604,
                            3.338217
                        ],
                        [
                            -76.7268632,
                            3.3378424
                        ],
                        [
                            -76.7277194,
                            3.3378424
                        ],
                        [
                            -76.727773,
                            3.3375213
                        ],
                        [
                            -76.7280941,
                            3.3372537
                        ],
                        [
                            -76.7283081,
                            3.3368256
                        ],
                        [
                            -76.7291644,
                            3.3358623
                        ],
                        [
                            -76.7305023,
                            3.3342033
                        ],
                        [
                            -76.731091,
                            3.333454
                        ],
                        [
                            -76.7319473,
                            3.3325977
                        ],
                        [
                            -76.73275,
                            3.3320091
                        ],
                        [
                            -76.7333922,
                            3.3309387
                        ],
                        [
                            -76.734195,
                            3.33035
                        ],
                        [
                            -76.7349442,
                            3.3298684
                        ],
                        [
                            -76.7353188,
                            3.3292797
                        ],
                        [
                            -76.7357202,
                            3.3281719
                        ],
                        [
                            -76.7360948,
                            3.3271551
                        ],
                        [
                            -76.7369511,
                            3.3261383
                        ],
                        [
                            -76.7374863,
                            3.3252285
                        ],
                        [
                            -76.7385031,
                            3.32373
                        ],
                        [
                            -76.7392523,
                            3.3224991
                        ],
                        [
                            -76.7396805,
                            3.3216428
                        ],
                        [
                            -76.7399481,
                            3.3213217
                        ],
                        [
                            -76.7402156,
                            3.3205725
                        ],
                        [
                            -76.7403227,
                            3.3198233
                        ],
                        [
                            -76.7400016,
                            3.3182177
                        ],
                        [
                            -76.7395199,
                            3.3173615
                        ],
                        [
                            -76.7388242,
                            3.3166657
                        ],
                        [
                            -76.7385566,
                            3.3160771
                        ],
                        [
                            -76.7383961,
                            3.315863
                        ],
                        [
                            -76.7371652,
                            3.3147124
                        ],
                        [
                            -76.7366835,
                            3.3137491
                        ],
                        [
                            -76.7365765,
                            3.3124647
                        ],
                        [
                            -76.7370046,
                            3.3108056
                        ],
                        [
                            -76.7375933,
                            3.3097353
                        ],
                        [
                            -76.7383426,
                            3.3085579
                        ],
                        [
                            -76.7393594,
                            3.3059356
                        ],
                        [
                            -76.7401621,
                            3.3041696
                        ],
                        [
                            -76.7414465,
                            3.3030457
                        ],
                        [
                            -76.7424634,
                            3.3025105
                        ],
                        [
                            -76.7433732,
                            3.3014402
                        ],
                        [
                            -76.7436942,
                            3.300905
                        ],
                        [
                            -76.7447646,
                            3.2991389
                        ],
                        [
                            -76.7457279,
                            3.2982292
                        ],
                        [
                            -76.7462095,
                            3.2977475
                        ],
                        [
                            -76.7466912,
                            3.2968912
                        ],
                        [
                            -76.7470658,
                            3.2960885
                        ],
                        [
                            -76.7475475,
                            3.2952322
                        ],
                        [
                            -76.747601,
                            3.2936267
                        ],
                        [
                            -76.7475475,
                            3.292824
                        ],
                        [
                            -76.7473334,
                            3.2918071
                        ],
                        [
                            -76.7471729,
                            3.2911114
                        ],
                        [
                            -76.7469053,
                            3.2904157
                        ],
                        [
                            -76.7463701,
                            3.288275
                        ],
                        [
                            -76.7467982,
                            3.2877934
                        ],
                        [
                            -76.7475475,
                            3.2865625
                        ],
                        [
                            -76.7485108,
                            3.2845181
                        ],
                        [
                            -76.7495811,
                            3.2831267
                        ],
                        [
                            -76.7501698,
                            3.2816282
                        ],
                        [
                            -76.7504374,
                            3.2804508
                        ],
                        [
                            -76.7505444,
                            3.2793805
                        ],
                        [
                            -76.7505444,
                            3.2785242
                        ],
                        [
                            -76.7506515,
                            3.2771328
                        ],
                        [
                            -76.7504374,
                            3.2755808
                        ],
                        [
                            -76.750919,
                            3.2742429
                        ],
                        [
                            -76.7514007,
                            3.2734936
                        ],
                        [
                            -76.7516683,
                            3.2727444
                        ],
                        [
                            -76.7524175,
                            3.2707643
                        ],
                        [
                            -76.752364,
                            3.2697474
                        ],
                        [
                            -76.752364,
                            3.2691052
                        ],
                        [
                            -76.7523105,
                            3.2685165
                        ],
                        [
                            -76.7566046,
                            3.2652709
                        ],
                        [
                            -76.75786,
                            3.2637017
                        ],
                        [
                            -76.7588014,
                            3.2626033
                        ],
                        [
                            -76.7600567,
                            3.2611911
                        ],
                        [
                            -76.7616259,
                            3.2588374
                        ],
                        [
                            -76.7628812,
                            3.2571114
                        ],
                        [
                            -76.7636658,
                            3.2563268
                        ],
                        [
                            -76.7642934,
                            3.2539731
                        ],
                        [
                            -76.7660195,
                            3.2511486
                        ],
                        [
                            -76.7675886,
                            3.2498933
                        ],
                        [
                            -76.768687,
                            3.2489518
                        ],
                        [
                            -76.7699423,
                            3.2472258
                        ],
                        [
                            -76.7708838,
                            3.2465981
                        ],
                        [
                            -76.7727668,
                            3.2447152
                        ],
                        [
                            -76.7755912,
                            3.2428322
                        ],
                        [
                            -76.7768465,
                            3.2420476
                        ],
                        [
                            -76.7776311,
                            3.24142
                        ],
                        [
                            -76.7792002,
                            3.2403216
                        ],
                        [
                            -76.7809263,
                            3.2393801
                        ],
                        [
                            -76.7820247,
                            3.2382817
                        ],
                        [
                            -76.7826523,
                            3.235928
                        ],
                        [
                            -76.7826523,
                            3.2346727
                        ],
                        [
                            -76.7829662,
                            3.2329466
                        ],
                        [
                            -76.7831231,
                            3.2307499
                        ],
                        [
                            -76.783479,
                            3.2289701
                        ]
                    ]
                ]
            }
        }
    ]
}