{
    "type": "FeatureCollection",
    "licence": "Data © OpenStreetMap contributors, ODbL 1.0. http://osm.org/copyright",
    "features": [
        {
            "type": "Feature",
            "properties": {
                "place_id": 306429959,
                "osm_type": "relation",
                "osm_id": 1473610,
                "place_rank": 12,
                "category": "boundary",
                "type": "administrative",
                "importance": 0.46579012336862585,
                "addresstype": "city",
                "name": "Palmira",
                "display_name": "Palmira, Sur, Valle del Cauca, RAP Pacífico, Colombia"
            },
            "bbox": [
                -76.4917422,
                3.4516233,
                -75.9496665,
                3.7180679
            ],
            "geometry": {
                "type": "Polygon",
                "coordinates": [
                    [
                        [
                            -76.4917422,
                            3.515927
                        ],
                        [
                            -76.4913936,
                            3.5151069
                        ],
                        [
                            -76.491134,
                            3.5146884
                        ],
                        [
                            -76.4907649,
                            3.5139297
                        ],
                        [
                            -76.4903937,
                            3.5129399
                        ],
                        [
                            -76.4903175,
                            3.5122761
                        ],
                        [
                            -76.4903532,
                            3.5108886
                        ],
                        [
                            -76.4908192,
                            3.508437
                        ],
                        [
                            -76.4911541,
                            3.5071411
                        ],
                        [
                            -76.4912688,
                            3.5062328
                        ],
                        [
                            -76.4916216,
                            3.5035788
                        ],
                        [
                            -76.4912449,
                            3.5002886
                        ],
                        [
                            -76.4903187,
                            3.4996462
                        ],
                        [
                            -76.4876659,
                            3.4982518
                        ],
                        [
                            -76.4858422,
                            3.4974739
                        ],
                        [
                            -76.4850131,
                            3.4968103
                        ],
                        [
                            -76.4838538,
                            3.4952096
                        ],
                        [
                            -76.4832395,
                            3.4925937
                        ],
                        [
                            -76.4831954,
                            3.4922452
                        ],
                        [
                            -76.4828511,
                            3.4895251
                        ],
                        [
                            -76.4820976,
                            3.4881009
                        ],
                        [
                            -76.4817027,
                            3.487194
                        ],
                        [
                            -76.4814968,
                            3.4840679
                        ],
                        [
                            -76.4810419,
                            3.482937
                        ],
                        [
                            -76.4803295,
                            3.4820803
                        ],
                        [
                            -76.4789219,
                            3.481412
                        ],
                        [
                            -76.4783811,
                            3.4787562
                        ],
                        [
                            -76.4782352,
                            3.4775397
                        ],
                        [
                            -76.4773512,
                            3.4763145
                        ],
                        [
                            -76.4760208,
                            3.4751751
                        ],
                        [
                            -76.4755745,
                            3.4740442
                        ],
                        [
                            -76.4754423,
                            3.4719068
                        ],
                        [
                            -76.4754829,
                            3.4699271
                        ],
                        [
                            -76.4749365,
                            3.4685369
                        ],
                        [
                            -76.4739027,
                            3.4665415
                        ],
                        [
                            -76.4747557,
                            3.4647102
                        ],
                        [
                            -76.4768156,
                            3.4623113
                        ],
                        [
                            -76.4771795,
                            3.461296
                        ],
                        [
                            -76.4771526,
                            3.4603461
                        ],
                        [
                            -76.4765358,
                            3.4585801
                        ],
                        [
                            -76.4766044,
                            3.4577234
                        ],
                        [
                            -76.4765622,
                            3.4574756
                        ],
                        [
                            -76.4761495,
                            3.4549561
                        ],
                        [
                            -76.475614,
                            3.4537439
                        ],
                        [
                            -76.4756582,
                            3.4524908
                        ],
                        [
                            -76.4758148,
                            3.4516233
                        ],
                        [
                            -76.4748636,
                            3.4518983
                        ],
                        [
                            -76.4737401,
                            3.4522738
                        ],
                        [
                            -76.4713688,
                            3.4526281
                        ],
                        [
                            -76.4703536,
                            3.4529746
                        ],
                        [
                            -76.4683203,
                            3.4531566
                        ],
                        [
                            -76.4669671,
                            3.4536754
                        ],
                        [
                            -76.4656128,
                            3.4540238
                        ],
                        [
                            -76.4642576,
                            3.4542019
                        ],
                        [
                            -76.4622253,
                            3.4545542
                        ],
                        [
                            -76.4612101,
                            3.4549007
                        ],
                        [
                            -76.4603653,
                            3.4554166
                        ],
                        [
                            -76.4595216,
                            3.4561029
                        ],
                        [
                            -76.4591873,
                            3.4569566
                        ],
                        [
                            -76.4581731,
                            3.4574734
                        ],
                        [
                            -76.4571569,
                            3.4576496
                        ],
                        [
                            -76.4544445,
                            3.457665
                        ],
                        [
                            -76.4537626,
                            3.4569875
                        ],
                        [
                            -76.4534187,
                            3.4561377
                        ],
                        [
                            -76.4527368,
                            3.4554601
                        ],
                        [
                            -76.4518862,
                            3.4549539
                        ],
                        [
                            -76.4512043,
                            3.4542763
                        ],
                        [
                            -76.4503509,
                            3.4532591
                        ],
                        [
                            -76.4495004,
                            3.4527528
                        ],
                        [
                            -76.4486509,
                            3.4524169
                        ],
                        [
                            -76.443226,
                            3.4524478
                        ],
                        [
                            -76.4420403,
                            3.4526249
                        ],
                        [
                            -76.4418301,
                            3.4526261
                        ],
                        [
                            -76.4366154,
                            3.4526557
                        ],
                        [
                            -76.4355992,
                            3.4528318
                        ],
                        [
                            -76.4352649,
                            3.4536855
                        ],
                        [
                            -76.4337496,
                            3.4555681
                        ],
                        [
                            -76.4329058,
                            3.4562544
                        ],
                        [
                            -76.4318925,
                            3.4569416
                        ],
                        [
                            -76.4307077,
                            3.4572891
                        ],
                        [
                            -76.4284455,
                            3.458265
                        ],
                        [
                            -76.4256504,
                            3.4582631
                        ],
                        [
                            -76.4219233,
                            3.4588846
                        ],
                        [
                            -76.4194388,
                            3.4588829
                        ],
                        [
                            -76.4166444,
                            3.4579447
                        ],
                        [
                            -76.4119431,
                            3.4537411
                        ],
                        [
                            -76.4078316,
                            3.4545297
                        ],
                        [
                            -76.3961634,
                            3.454614
                        ],
                        [
                            -76.3915583,
                            3.4536315
                        ],
                        [
                            -76.389901,
                            3.4527158
                        ],
                        [
                            -76.3890239,
                            3.4523375
                        ],
                        [
                            -76.3887103,
                            3.4524009
                        ],
                        [
                            -76.388143,
                            3.4523699
                        ],
                        [
                            -76.3878435,
                            3.4522588
                        ],
                        [
                            -76.3875166,
                            3.452033
                        ],
                        [
                            -76.3852402,
                            3.4519237
                        ],
                        [
                            -76.3838829,
                            3.451761
                        ],
                        [
                            -76.3760839,
                            3.4518048
                        ],
                        [
                            -76.3743912,
                            3.4523254
                        ],
                        [
                            -76.3723623,
                            3.4533591
                        ],
                        [
                            -76.3715175,
                            3.453875
                        ],
                        [
                            -76.3698258,
                            3.454566
                        ],
                        [
                            -76.3686408,
                            3.4549134
                        ],
                        [
                            -76.3667777,
                            3.4552646
                        ],
                        [
                            -76.3654222,
                            3.4554426
                        ],
                        [
                            -76.3591489,
                            3.4554777
                        ],
                        [
                            -76.3577934,
                            3.4556557
                        ],
                        [
                            -76.3542328,
                            3.4556756
                        ],
                        [
                            -76.3532164,
                            3.4558517
                        ],
                        [
                            -76.3522029,
                            3.4565389
                        ],
                        [
                            -76.3508531,
                            3.4577392
                        ],
                        [
                            -76.3493356,
                            3.4592811
                        ],
                        [
                            -76.3484916,
                            3.4599674
                        ],
                        [
                            -76.3478171,
                            3.4606527
                        ],
                        [
                            -76.3469732,
                            3.461339
                        ],
                        [
                            -76.3457891,
                            3.4618568
                        ],
                        [
                            -76.3447547,
                            3.4618346
                        ],
                        [
                            -76.3439618,
                            3.4616922
                        ],
                        [
                            -76.3429312,
                            3.4612046
                        ],
                        [
                            -76.3420424,
                            3.4609268
                        ],
                        [
                            -76.3380472,
                            3.4599698
                        ],
                        [
                            -76.337325,
                            3.4597424
                        ],
                        [
                            -76.3365077,
                            3.4594162
                        ],
                        [
                            -76.3347736,
                            3.4585624
                        ],
                        [
                            -76.3307447,
                            3.4582144
                        ],
                        [
                            -76.3263171,
                            3.4590346
                        ],
                        [
                            -76.3221783,
                            3.4610058
                        ],
                        [
                            -76.3186221,
                            3.4622078
                        ],
                        [
                            -76.3156692,
                            3.4644057
                        ],
                        [
                            -76.3130128,
                            3.4672585
                        ],
                        [
                            -76.3089568,
                            3.4697573
                        ],
                        [
                            -76.3041055,
                            3.4704137
                        ],
                        [
                            -76.3007641,
                            3.4702617
                        ],
                        [
                            -76.2939578,
                            3.4713403
                        ],
                        [
                            -76.2904818,
                            3.4712854
                        ],
                        [
                            -76.2880128,
                            3.4746961
                        ],
                        [
                            -76.2832794,
                            3.4772637
                        ],
                        [
                            -76.2813869,
                            3.4772568
                        ],
                        [
                            -76.2802214,
                            3.4773034
                        ],
                        [
                            -76.2796571,
                            3.4772444
                        ],
                        [
                            -76.2785434,
                            3.4775434
                        ],
                        [
                            -76.2774258,
                            3.4780081
                        ],
                        [
                            -76.2770627,
                            3.4780511
                        ],
                        [
                            -76.2765323,
                            3.4780066
                        ],
                        [
                            -76.2760515,
                            3.4778951
                        ],
                        [
                            -76.2755778,
                            3.4777133
                        ],
                        [
                            -76.2749818,
                            3.4773618
                        ],
                        [
                            -76.2746023,
                            3.4772402
                        ],
                        [
                            -76.2742092,
                            3.4771737
                        ],
                        [
                            -76.2734,
                            3.4771735
                        ],
                        [
                            -76.272278,
                            3.4773264
                        ],
                        [
                            -76.2717763,
                            3.4774417
                        ],
                        [
                            -76.2712898,
                            3.4776299
                        ],
                        [
                            -76.270836,
                            3.4778729
                        ],
                        [
                            -76.2695762,
                            3.4788854
                        ],
                        [
                            -76.2688895,
                            3.4795671
                        ],
                        [
                            -76.2685359,
                            3.4802972
                        ],
                        [
                            -76.2683015,
                            3.4805107
                        ],
                        [
                            -76.2677629,
                            3.4807656
                        ],
                        [
                            -76.2671535,
                            3.4808769
                        ],
                        [
                            -76.2667016,
                            3.4808575
                        ],
                        [
                            -76.2657993,
                            3.4806027
                        ],
                        [
                            -76.2649571,
                            3.4805101
                        ],
                        [
                            -76.26459,
                            3.4805483
                        ],
                        [
                            -76.2643904,
                            3.4806286
                        ],
                        [
                            -76.2642917,
                            3.4807565
                        ],
                        [
                            -76.2624011,
                            3.4793466
                        ],
                        [
                            -76.2619386,
                            3.4790662
                        ],
                        [
                            -76.2615367,
                            3.4789253
                        ],
                        [
                            -76.2606219,
                            3.4787418
                        ],
                        [
                            -76.2601244,
                            3.4785912
                        ],
                        [
                            -76.2590131,
                            3.4781786
                        ],
                        [
                            -76.2578675,
                            3.4776742
                        ],
                        [
                            -76.257174,
                            3.4775516
                        ],
                        [
                            -76.2568466,
                            3.4775583
                        ],
                        [
                            -76.2565881,
                            3.4776898
                        ],
                        [
                            -76.2562538,
                            3.4781694
                        ],
                        [
                            -76.2560396,
                            3.4788619
                        ],
                        [
                            -76.255945,
                            3.4790245
                        ],
                        [
                            -76.2555968,
                            3.4792508
                        ],
                        [
                            -76.2552941,
                            3.4793389
                        ],
                        [
                            -76.2549408,
                            3.4793505
                        ],
                        [
                            -76.2545218,
                            3.4792247
                        ],
                        [
                            -76.2537868,
                            3.4788833
                        ],
                        [
                            -76.2536113,
                            3.4789029
                        ],
                        [
                            -76.2533614,
                            3.4791085
                        ],
                        [
                            -76.2526773,
                            3.4801198
                        ],
                        [
                            -76.252314,
                            3.4809768
                        ],
                        [
                            -76.2520828,
                            3.4820577
                        ],
                        [
                            -76.2520508,
                            3.4823934
                        ],
                        [
                            -76.2520786,
                            3.4831824
                        ],
                        [
                            -76.2520008,
                            3.4834537
                        ],
                        [
                            -76.2516996,
                            3.4839327
                        ],
                        [
                            -76.2515177,
                            3.484072
                        ],
                        [
                            -76.2512045,
                            3.4841188
                        ],
                        [
                            -76.250828,
                            3.4840403
                        ],
                        [
                            -76.2505282,
                            3.4839035
                        ],
                        [
                            -76.2502469,
                            3.4836609
                        ],
                        [
                            -76.2494166,
                            3.4827647
                        ],
                        [
                            -76.2491214,
                            3.4825665
                        ],
                        [
                            -76.248501,
                            3.4823934
                        ],
                        [
                            -76.2479623,
                            3.4823372
                        ],
                        [
                            -76.2472469,
                            3.4823581
                        ],
                        [
                            -76.2464077,
                            3.4821898
                        ],
                        [
                            -76.245728,
                            3.4819293
                        ],
                        [
                            -76.2450066,
                            3.4815151
                        ],
                        [
                            -76.2441075,
                            3.4810745
                        ],
                        [
                            -76.2433237,
                            3.4807823
                        ],
                        [
                            -76.2429353,
                            3.4807079
                        ],
                        [
                            -76.2425769,
                            3.4806989
                        ],
                        [
                            -76.2422652,
                            3.4807531
                        ],
                        [
                            -76.2415631,
                            3.4809726
                        ],
                        [
                            -76.2407489,
                            3.4810748
                        ],
                        [
                            -76.2399502,
                            3.4811117
                        ],
                        [
                            -76.2395248,
                            3.4810145
                        ],
                        [
                            -76.2391441,
                            3.4807986
                        ],
                        [
                            -76.2386058,
                            3.4803738
                        ],
                        [
                            -76.238075,
                            3.4797922
                        ],
                        [
                            -76.2375762,
                            3.4791044
                        ],
                        [
                            -76.2372736,
                            3.478843
                        ],
                        [
                            -76.2361775,
                            3.4782299
                        ],
                        [
                            -76.2355553,
                            3.4780156
                        ],
                        [
                            -76.2347712,
                            3.4779674
                        ],
                        [
                            -76.2335854,
                            3.4781978
                        ],
                        [
                            -76.2325875,
                            3.4781609
                        ],
                        [
                            -76.2323911,
                            3.4781889
                        ],
                        [
                            -76.2313524,
                            3.4785138
                        ],
                        [
                            -76.2307714,
                            3.4785984
                        ],
                        [
                            -76.2302903,
                            3.4786022
                        ],
                        [
                            -76.229926,
                            3.4785358
                        ],
                        [
                            -76.2296899,
                            3.4784425
                        ],
                        [
                            -76.2290215,
                            3.4779189
                        ],
                        [
                            -76.2283773,
                            3.4776648
                        ],
                        [
                            -76.2280601,
                            3.4775884
                        ],
                        [
                            -76.2276462,
                            3.4775538
                        ],
                        [
                            -76.2266569,
                            3.4776337
                        ],
                        [
                            -76.2262407,
                            3.4776223
                        ],
                        [
                            -76.2246893,
                            3.4771455
                        ],
                        [
                            -76.223842,
                            3.476993
                        ],
                        [
                            -76.22278,
                            3.4770382
                        ],
                        [
                            -76.2220601,
                            3.4771984
                        ],
                        [
                            -76.2216348,
                            3.4773646
                        ],
                        [
                            -76.221295,
                            3.4775732
                        ],
                        [
                            -76.2209518,
                            3.4780087
                        ],
                        [
                            -76.2205784,
                            3.4782444
                        ],
                        [
                            -76.2198201,
                            3.4784388
                        ],
                        [
                            -76.2189167,
                            3.4784533
                        ],
                        [
                            -76.2186409,
                            3.478519
                        ],
                        [
                            -76.217925,
                            3.4789385
                        ],
                        [
                            -76.2170076,
                            3.4793053
                        ],
                        [
                            -76.2166348,
                            3.479498
                        ],
                        [
                            -76.2159938,
                            3.4798568
                        ],
                        [
                            -76.2158784,
                            3.4799451
                        ],
                        [
                            -76.215755,
                            3.4799585
                        ],
                        [
                            -76.2156343,
                            3.4799532
                        ],
                        [
                            -76.2154976,
                            3.479988
                        ],
                        [
                            -76.2153715,
                            3.4800496
                        ],
                        [
                            -76.2153232,
                            3.4801192
                        ],
                        [
                            -76.2152669,
                            3.4801781
                        ],
                        [
                            -76.2150362,
                            3.4802878
                        ],
                        [
                            -76.2148431,
                            3.4803226
                        ],
                        [
                            -76.2146768,
                            3.4802744
                        ],
                        [
                            -76.2145185,
                            3.4802718
                        ],
                        [
                            -76.2143201,
                            3.4802932
                        ],
                        [
                            -76.214143,
                            3.4803521
                        ],
                        [
                            -76.213966,
                            3.4803922
                        ],
                        [
                            -76.2137622,
                            3.4803976
                        ],
                        [
                            -76.2135959,
                            3.4804056
                        ],
                        [
                            -76.2133679,
                            3.4804271
                        ],
                        [
                            -76.2131989,
                            3.480419
                        ],
                        [
                            -76.2128073,
                            3.4802985
                        ],
                        [
                            -76.2125176,
                            3.4802985
                        ],
                        [
                            -76.2123594,
                            3.4802985
                        ],
                        [
                            -76.2122199,
                            3.4802557
                        ],
                        [
                            -76.2120965,
                            3.4801968
                        ],
                        [
                            -76.2119436,
                            3.48017
                        ],
                        [
                            -76.2118149,
                            3.4802102
                        ],
                        [
                            -76.2117022,
                            3.4802852
                        ],
                        [
                            -76.2115976,
                            3.4803146
                        ],
                        [
                            -76.2115118,
                            3.4802905
                        ],
                        [
                            -76.2114877,
                            3.4801888
                        ],
                        [
                            -76.2114152,
                            3.4801459
                        ],
                        [
                            -76.2112677,
                            3.480154
                        ],
                        [
                            -76.2111604,
                            3.4801888
                        ],
                        [
                            -76.2108493,
                            3.4801915
                        ],
                        [
                            -76.2105382,
                            3.4802691
                        ],
                        [
                            -76.2103665,
                            3.4804056
                        ],
                        [
                            -76.2101063,
                            3.4804806
                        ],
                        [
                            -76.2100178,
                            3.4804993
                        ],
                        [
                            -76.2095806,
                            3.4807697
                        ],
                        [
                            -76.2092131,
                            3.4809652
                        ],
                        [
                            -76.2090093,
                            3.4810669
                        ],
                        [
                            -76.2087706,
                            3.4810749
                        ],
                        [
                            -76.2085748,
                            3.481083
                        ],
                        [
                            -76.2084541,
                            3.481099
                        ],
                        [
                            -76.2082475,
                            3.481174
                        ],
                        [
                            -76.2080812,
                            3.4812276
                        ],
                        [
                            -76.2077862,
                            3.4812302
                        ],
                        [
                            -76.2075743,
                            3.4811258
                        ],
                        [
                            -76.2074751,
                            3.4809759
                        ],
                        [
                            -76.2073678,
                            3.4808634
                        ],
                        [
                            -76.2071666,
                            3.4807858
                        ],
                        [
                            -76.207011,
                            3.480759
                        ],
                        [
                            -76.2068716,
                            3.4807617
                        ],
                        [
                            -76.2067241,
                            3.4807483
                        ],
                        [
                            -76.2064424,
                            3.4807483
                        ],
                        [
                            -76.2063646,
                            3.4807296
                        ],
                        [
                            -76.206193,
                            3.4806466
                        ],
                        [
                            -76.206024,
                            3.4805636
                        ],
                        [
                            -76.205965,
                            3.4804244
                        ],
                        [
                            -76.2057692,
                            3.4802504
                        ],
                        [
                            -76.2055321,
                            3.48021
                        ],
                        [
                            -76.2052649,
                            3.4801218
                        ],
                        [
                            -76.2049028,
                            3.4800576
                        ],
                        [
                            -76.2045622,
                            3.4800308
                        ],
                        [
                            -76.2043476,
                            3.4800629
                        ],
                        [
                            -76.2038755,
                            3.4800522
                        ],
                        [
                            -76.2036771,
                            3.4801486
                        ],
                        [
                            -76.2033659,
                            3.4801861
                        ],
                        [
                            -76.2030333,
                            3.480079
                        ],
                        [
                            -76.202867,
                            3.4799451
                        ],
                        [
                            -76.2027276,
                            3.4797256
                        ],
                        [
                            -76.2026042,
                            3.4796025
                        ],
                        [
                            -76.2023534,
                            3.4795342
                        ],
                        [
                            -76.2022555,
                            3.4795114
                        ],
                        [
                            -76.2021938,
                            3.4794244
                        ],
                        [
                            -76.2021241,
                            3.4793909
                        ],
                        [
                            -76.202006,
                            3.4793896
                        ],
                        [
                            -76.2018813,
                            3.4793829
                        ],
                        [
                            -76.2015823,
                            3.4791781
                        ],
                        [
                            -76.2014388,
                            3.4790965
                        ],
                        [
                            -76.201192,
                            3.4790054
                        ],
                        [
                            -76.2009801,
                            3.4789077
                        ],
                        [
                            -76.2007307,
                            3.4788542
                        ],
                        [
                            -76.2005939,
                            3.4788194
                        ],
                        [
                            -76.2004986,
                            3.4787966
                        ],
                        [
                            -76.2002854,
                            3.478731
                        ],
                        [
                            -76.2001044,
                            3.4786855
                        ],
                        [
                            -76.1999139,
                            3.4786386
                        ],
                        [
                            -76.1997919,
                            3.4785677
                        ],
                        [
                            -76.1997356,
                            3.4784017
                        ],
                        [
                            -76.1996578,
                            3.478237
                        ],
                        [
                            -76.1994888,
                            3.4782156
                        ],
                        [
                            -76.1988491,
                            3.4779559
                        ],
                        [
                            -76.1986962,
                            3.4779881
                        ],
                        [
                            -76.1985567,
                            3.4780229
                        ],
                        [
                            -76.1983743,
                            3.4779774
                        ],
                        [
                            -76.1983207,
                            3.4779318
                        ],
                        [
                            -76.1981812,
                            3.4778676
                        ],
                        [
                            -76.1980069,
                            3.477715
                        ],
                        [
                            -76.1978915,
                            3.4776614
                        ],
                        [
                            -76.1976475,
                            3.4776427
                        ],
                        [
                            -76.1974302,
                            3.4776775
                        ],
                        [
                            -76.1972934,
                            3.4777444
                        ],
                        [
                            -76.1970788,
                            3.4777337
                        ],
                        [
                            -76.197001,
                            3.4776186
                        ],
                        [
                            -76.1969957,
                            3.4774365
                        ],
                        [
                            -76.1969152,
                            3.4773295
                        ],
                        [
                            -76.1967704,
                            3.4773402
                        ],
                        [
                            -76.1966041,
                            3.4774258
                        ],
                        [
                            -76.1964083,
                            3.4774981
                        ],
                        [
                            -76.1961561,
                            3.4774553
                        ],
                        [
                            -76.1960006,
                            3.4774232
                        ],
                        [
                            -76.1958799,
                            3.4773964
                        ],
                        [
                            -76.1957055,
                            3.4774178
                        ],
                        [
                            -76.1956385,
                            3.4774553
                        ],
                        [
                            -76.1954923,
                            3.4774895
                        ],
                        [
                            -76.1952844,
                            3.4774633
                        ],
                        [
                            -76.1950135,
                            3.4773991
                        ],
                        [
                            -76.194858,
                            3.4774258
                        ],
                        [
                            -76.1947024,
                            3.4774392
                        ],
                        [
                            -76.1945066,
                            3.4774714
                        ],
                        [
                            -76.1944073,
                            3.4775008
                        ],
                        [
                            -76.1942518,
                            3.4775597
                        ],
                        [
                            -76.194115,
                            3.4775302
                        ],
                        [
                            -76.1940292,
                            3.4775302
                        ],
                        [
                            -76.193946,
                            3.477557
                        ],
                        [
                            -76.1938682,
                            3.4776079
                        ],
                        [
                            -76.1937824,
                            3.4777016
                        ],
                        [
                            -76.1937046,
                            3.4777766
                        ],
                        [
                            -76.1935732,
                            3.4777953
                        ],
                        [
                            -76.1934793,
                            3.4777846
                        ],
                        [
                            -76.1933586,
                            3.4777899
                        ],
                        [
                            -76.1932138,
                            3.4778328
                        ],
                        [
                            -76.1930367,
                            3.4779211
                        ],
                        [
                            -76.1928597,
                            3.4780148
                        ],
                        [
                            -76.1926934,
                            3.4780871
                        ],
                        [
                            -76.1925378,
                            3.4781139
                        ],
                        [
                            -76.1922079,
                            3.4780791
                        ],
                        [
                            -76.1920738,
                            3.4780416
                        ],
                        [
                            -76.1919558,
                            3.4780389
                        ],
                        [
                            -76.1918056,
                            3.4780443
                        ],
                        [
                            -76.1916554,
                            3.4780871
                        ],
                        [
                            -76.1914462,
                            3.4781781
                        ],
                        [
                            -76.1912075,
                            3.4782879
                        ],
                        [
                            -76.1909956,
                            3.4783923
                        ],
                        [
                            -76.1904994,
                            3.4786386
                        ],
                        [
                            -76.1897349,
                            3.4789385
                        ],
                        [
                            -76.1895123,
                            3.4789867
                        ],
                        [
                            -76.1894318,
                            3.4791045
                        ],
                        [
                            -76.1893648,
                            3.4792892
                        ],
                        [
                            -76.1891556,
                            3.4794606
                        ],
                        [
                            -76.1888713,
                            3.4795409
                        ],
                        [
                            -76.1885896,
                            3.4795703
                        ],
                        [
                            -76.1868885,
                            3.479632
                        ],
                        [
                            -76.1863403,
                            3.4797628
                        ],
                        [
                            -76.1856602,
                            3.4797877
                        ],
                        [
                            -76.1851202,
                            3.4796903
                        ],
                        [
                            -76.1834418,
                            3.479536
                        ],
                        [
                            -76.1821164,
                            3.4795154
                        ],
                        [
                            -76.1812981,
                            3.4798202
                        ],
                        [
                            -76.1792512,
                            3.4808267
                        ],
                        [
                            -76.1776745,
                            3.4812856
                        ],
                        [
                            -76.1773677,
                            3.4814535
                        ],
                        [
                            -76.1766297,
                            3.4819688
                        ],
                        [
                            -76.1760146,
                            3.4822272
                        ],
                        [
                            -76.1754031,
                            3.4823883
                        ],
                        [
                            -76.1745171,
                            3.4825524
                        ],
                        [
                            -76.1731797,
                            3.4826238
                        ],
                        [
                            -76.1726837,
                            3.4826936
                        ],
                        [
                            -76.1719233,
                            3.4821257
                        ],
                        [
                            -76.1710217,
                            3.4816863
                        ],
                        [
                            -76.1706065,
                            3.4815624
                        ],
                        [
                            -76.1696023,
                            3.4813837
                        ],
                        [
                            -76.1691652,
                            3.4812651
                        ],
                        [
                            -76.1677293,
                            3.4805281
                        ],
                        [
                            -76.1655499,
                            3.4799219
                        ],
                        [
                            -76.163163,
                            3.4788717
                        ],
                        [
                            -76.1613631,
                            3.4782806
                        ],
                        [
                            -76.160189,
                            3.4778227
                        ],
                        [
                            -76.159222,
                            3.4784986
                        ],
                        [
                            -76.1584138,
                            3.4792449
                        ],
                        [
                            -76.157454,
                            3.4792501
                        ],
                        [
                            -76.1552383,
                            3.4791137
                        ],
                        [
                            -76.1542785,
                            3.4791189
                        ],
                        [
                            -76.1528749,
                            3.4789781
                        ],
                        [
                            -76.1508056,
                            3.4786184
                        ],
                        [
                            -76.149918,
                            3.4783264
                        ],
                        [
                            -76.148955,
                            3.4777381
                        ],
                        [
                            -76.1482135,
                            3.4771486
                        ],
                        [
                            -76.1471763,
                            3.4764864
                        ],
                        [
                            -76.1461426,
                            3.476492
                        ],
                        [
                            -76.1451848,
                            3.4768682
                        ],
                        [
                            -76.1444493,
                            3.4773915
                        ],
                        [
                            -76.1434898,
                            3.4774709
                        ],
                        [
                            -76.1411304,
                            3.4780772
                        ],
                        [
                            -76.139949,
                            3.4780835
                        ],
                        [
                            -76.1390618,
                            3.4778657
                        ],
                        [
                            -76.1382473,
                            3.477425
                        ],
                        [
                            -76.1374323,
                            3.47691
                        ],
                        [
                            -76.1365448,
                            3.476618
                        ],
                        [
                            -76.1346251,
                            3.4766284
                        ],
                        [
                            -76.1337371,
                            3.4762622
                        ],
                        [
                            -76.1309243,
                            3.4749418
                        ],
                        [
                            -76.1295191,
                            3.4745042
                        ],
                        [
                            -76.1263442,
                            3.4745213
                        ],
                        [
                            -76.1244253,
                            3.47468
                        ],
                        [
                            -76.1235412,
                            3.4750558
                        ],
                        [
                            -76.1228803,
                            3.4757271
                        ],
                        [
                            -76.121997,
                            3.4762512
                        ],
                        [
                            -76.1212618,
                            3.4768487
                        ],
                        [
                            -76.1206013,
                            3.4775943
                        ],
                        [
                            -76.1192091,
                            3.4796051
                        ],
                        [
                            -76.1183321,
                            3.4813163
                        ],
                        [
                            -76.1181892,
                            3.4822074
                        ],
                        [
                            -76.1176783,
                            3.4833231
                        ],
                        [
                            -76.1168689,
                            3.4838469
                        ],
                        [
                            -76.115836,
                            3.4840008
                        ],
                        [
                            -76.1147304,
                            3.4843778
                        ],
                        [
                            -76.1135585,
                            3.4861648
                        ],
                        [
                            -76.111942,
                            3.4876575
                        ],
                        [
                            -76.1106212,
                            3.4892227
                        ],
                        [
                            -76.1096665,
                            3.4901924
                        ],
                        [
                            -76.1087086,
                            3.4905686
                        ],
                        [
                            -76.1076014,
                            3.4906487
                        ],
                        [
                            -76.1067142,
                            3.4904309
                        ],
                        [
                            -76.1058988,
                            3.4898417
                        ],
                        [
                            -76.1041922,
                            3.4882927
                        ],
                        [
                            -76.1035976,
                            3.487554
                        ],
                        [
                            -76.1027814,
                            3.4868164
                        ],
                        [
                            -76.1018171,
                            3.4860054
                        ],
                        [
                            -76.1010025,
                            3.4855645
                        ],
                        [
                            -76.1002614,
                            3.4850491
                        ],
                        [
                            -76.0986322,
                            3.4841675
                        ],
                        [
                            -76.097745,
                            3.4839496
                        ],
                        [
                            -76.0967847,
                            3.4838806
                        ],
                        [
                            -76.0958971,
                            3.4835886
                        ],
                        [
                            -76.0940444,
                            3.4823371
                        ],
                        [
                            -76.0930829,
                            3.4820455
                        ],
                        [
                            -76.0911623,
                            3.4819073
                        ],
                        [
                            -76.0891639,
                            3.4810276
                        ],
                        [
                            -76.0879071,
                            3.4807376
                        ],
                        [
                            -76.0869452,
                            3.4803717
                        ],
                        [
                            -76.0852422,
                            3.4794904
                        ],
                        [
                            -76.0841318,
                            3.4789769
                        ],
                        [
                            -76.0763048,
                            3.4790187
                        ],
                        [
                            -76.0750479,
                            3.4787286
                        ],
                        [
                            -76.0734938,
                            3.4780691
                        ],
                        [
                            -76.0724557,
                            3.4772584
                        ],
                        [
                            -76.0714903,
                            3.4762247
                        ],
                        [
                            -76.0712629,
                            3.4751129
                        ],
                        [
                            -76.0712304,
                            3.4689543
                        ],
                        [
                            -76.0708558,
                            3.4679175
                        ],
                        [
                            -76.070703,
                            3.4669536
                        ],
                        [
                            -76.0706226,
                            3.4656926
                        ],
                        [
                            -76.0706124,
                            3.4637634
                        ],
                        [
                            -76.0704597,
                            3.4627996
                        ],
                        [
                            -76.0696451,
                            3.4623587
                        ],
                        [
                            -76.0687598,
                            3.4625118
                        ],
                        [
                            -76.067801,
                            3.4627395
                        ],
                        [
                            -76.0668411,
                            3.4627446
                        ],
                        [
                            -76.0656573,
                            3.4623057
                        ],
                        [
                            -76.0649162,
                            3.4617901
                        ],
                        [
                            -76.0641731,
                            3.4609037
                        ],
                        [
                            -76.0637977,
                            3.4597184
                        ],
                        [
                            -76.0632762,
                            3.4588307
                        ],
                        [
                            -76.0625339,
                            3.4580926
                        ],
                        [
                            -76.0619393,
                            3.4573537
                        ],
                        [
                            -76.0609751,
                            3.4565426
                        ],
                        [
                            -76.0600863,
                            3.4560279
                        ],
                        [
                            -76.0590525,
                            3.4560333
                        ],
                        [
                            -76.058168,
                            3.4563348
                        ],
                        [
                            -76.0572107,
                            3.4568593
                        ],
                        [
                            -76.0564766,
                            3.4576794
                        ],
                        [
                            -76.0559636,
                            3.4584242
                        ],
                        [
                            -76.0542711,
                            3.4595461
                        ],
                        [
                            -76.0533131,
                            3.4599222
                        ],
                        [
                            -76.0522839,
                            3.4608181
                        ],
                        [
                            -76.0511025,
                            3.4608243
                        ],
                        [
                            -76.0501406,
                            3.4604584
                        ],
                        [
                            -76.0486583,
                            3.4594274
                        ],
                        [
                            -76.047082,
                            3.4594357
                        ],
                        [
                            -76.0461477,
                            3.4594406
                        ],
                        [
                            -76.0452604,
                            3.4592227
                        ],
                        [
                            -76.0444458,
                            3.4587817
                        ],
                        [
                            -76.0436304,
                            3.4581924
                        ],
                        [
                            -76.0430343,
                            3.4571566
                        ],
                        [
                            -76.0422916,
                            3.4563443
                        ],
                        [
                            -76.0413285,
                            3.4557557
                        ],
                        [
                            -76.0399244,
                            3.4555405
                        ],
                        [
                            -76.038964,
                            3.4554713
                        ],
                        [
                            -76.0381479,
                            3.4547336
                        ],
                        [
                            -76.0376275,
                            3.4540685
                        ],
                        [
                            -76.0374391,
                            3.4535577
                        ],
                        [
                            -76.0366881,
                            3.4534077
                        ],
                        [
                            -76.0362589,
                            3.4533756
                        ],
                        [
                            -76.0355723,
                            3.4533114
                        ],
                        [
                            -76.0346925,
                            3.4531721
                        ],
                        [
                            -76.0340381,
                            3.4531507
                        ],
                        [
                            -76.0322571,
                            3.4528509
                        ],
                        [
                            -76.0314739,
                            3.4528937
                        ],
                        [
                            -76.0304225,
                            3.4528509
                        ],
                        [
                            -76.0294354,
                            3.4527759
                        ],
                        [
                            -76.0286093,
                            3.4534827
                        ],
                        [
                            -76.0281479,
                            3.4546929
                        ],
                        [
                            -76.0280943,
                            3.4556139
                        ],
                        [
                            -76.0281372,
                            3.4560958
                        ],
                        [
                            -76.0282016,
                            3.4565777
                        ],
                        [
                            -76.0285449,
                            3.4573488
                        ],
                        [
                            -76.0288453,
                            3.4580984
                        ],
                        [
                            -76.028384,
                            3.4586339
                        ],
                        [
                            -76.0276866,
                            3.4592872
                        ],
                        [
                            -76.0267334,
                            3.4610403
                        ],
                        [
                            -76.0264635,
                            3.4635387
                        ],
                        [
                            -76.0265172,
                            3.4643955
                        ],
                        [
                            -76.0264474,
                            3.4649577
                        ],
                        [
                            -76.026721,
                            3.4652147
                        ],
                        [
                            -76.0271663,
                            3.4655146
                        ],
                        [
                            -76.0276061,
                            3.4657395
                        ],
                        [
                            -76.0278905,
                            3.4661197
                        ],
                        [
                            -76.0281372,
                            3.4660982
                        ],
                        [
                            -76.0281372,
                            3.4659055
                        ],
                        [
                            -76.0284162,
                            3.4656806
                        ],
                        [
                            -76.0287702,
                            3.4654985
                        ],
                        [
                            -76.0291779,
                            3.465627
                        ],
                        [
                            -76.0292637,
                            3.4658412
                        ],
                        [
                            -76.0286737,
                            3.4665159
                        ],
                        [
                            -76.0281479,
                            3.4667943
                        ],
                        [
                            -76.0273433,
                            3.4671692
                        ],
                        [
                            -76.0266459,
                            3.4675119
                        ],
                        [
                            -76.026102,
                            3.4680904
                        ],
                        [
                            -76.0259481,
                            3.4683708
                        ],
                        [
                            -76.0254765,
                            3.4690004
                        ],
                        [
                            -76.0251117,
                            3.4697929
                        ],
                        [
                            -76.0244787,
                            3.470821
                        ],
                        [
                            -76.0241461,
                            3.4714743
                        ],
                        [
                            -76.0229766,
                            3.4729307
                        ],
                        [
                            -76.022687,
                            3.473509
                        ],
                        [
                            -76.0225153,
                            3.4743871
                        ],
                        [
                            -76.0224831,
                            3.4748048
                        ],
                        [
                            -76.0225368,
                            3.4751046
                        ],
                        [
                            -76.0226333,
                            3.4753188
                        ],
                        [
                            -76.0229552,
                            3.4758757
                        ],
                        [
                            -76.0226878,
                            3.4763057
                        ],
                        [
                            -76.022247,
                            3.47816
                        ],
                        [
                            -76.0222697,
                            3.4789948
                        ],
                        [
                            -76.0219252,
                            3.4798595
                        ],
                        [
                            -76.0223007,
                            3.48032
                        ],
                        [
                            -76.0229368,
                            3.4808965
                        ],
                        [
                            -76.0237431,
                            3.4821266
                        ],
                        [
                            -76.0243417,
                            3.4829156
                        ],
                        [
                            -76.0247979,
                            3.4837709
                        ],
                        [
                            -76.0248783,
                            3.4840708
                        ],
                        [
                            -76.0248783,
                            3.4842823
                        ],
                        [
                            -76.0248649,
                            3.4845179
                        ],
                        [
                            -76.0247576,
                            3.4850641
                        ],
                        [
                            -76.0254228,
                            3.4854175
                        ],
                        [
                            -76.0258734,
                            3.4857173
                        ],
                        [
                            -76.0261524,
                            3.4862956
                        ],
                        [
                            -76.0264099,
                            3.486906
                        ],
                        [
                            -76.0266566,
                            3.4879769
                        ],
                        [
                            -76.0265601,
                            3.4887801
                        ],
                        [
                            -76.0265601,
                            3.4894655
                        ],
                        [
                            -76.026485,
                            3.4899259
                        ],
                        [
                            -76.0259056,
                            3.491136
                        ],
                        [
                            -76.0258734,
                            3.4914894
                        ],
                        [
                            -76.0257554,
                            3.4922819
                        ],
                        [
                            -76.0254765,
                            3.4926032
                        ],
                        [
                            -76.0250795,
                            3.492903
                        ],
                        [
                            -76.0245967,
                            3.49331
                        ],
                        [
                            -76.023792,
                            3.4937919
                        ],
                        [
                            -76.0232985,
                            3.4943166
                        ],
                        [
                            -76.0225633,
                            3.495051
                        ],
                        [
                            -76.0220432,
                            3.4958694
                        ],
                        [
                            -76.0215819,
                            3.4966725
                        ],
                        [
                            -76.0213351,
                            3.4970902
                        ],
                        [
                            -76.0207558,
                            3.4976685
                        ],
                        [
                            -76.0202944,
                            3.4985145
                        ],
                        [
                            -76.0198224,
                            3.4989749
                        ],
                        [
                            -76.0192696,
                            3.4994179
                        ],
                        [
                            -76.0176984,
                            3.5012946
                        ],
                        [
                            -76.017108,
                            3.5028194
                        ],
                        [
                            -76.016727,
                            3.5038902
                        ],
                        [
                            -76.0164721,
                            3.5045391
                        ],
                        [
                            -76.0162068,
                            3.5054538
                        ],
                        [
                            -76.0158927,
                            3.5066481
                        ],
                        [
                            -76.015724,
                            3.507028
                        ],
                        [
                            -76.0156167,
                            3.5074028
                        ],
                        [
                            -76.0150159,
                            3.5080988
                        ],
                        [
                            -76.0146453,
                            3.508525
                        ],
                        [
                            -76.0142434,
                            3.5086985
                        ],
                        [
                            -76.0136211,
                            3.5089341
                        ],
                        [
                            -76.0132671,
                            3.5095231
                        ],
                        [
                            -76.0128667,
                            3.5098442
                        ],
                        [
                            -76.0123873,
                            3.5101121
                        ],
                        [
                            -76.0122049,
                            3.5103477
                        ],
                        [
                            -76.0118723,
                            3.5106261
                        ],
                        [
                            -76.011368,
                            3.5110973
                        ],
                        [
                            -76.010617,
                            3.5116755
                        ],
                        [
                            -76.0100377,
                            3.5121039
                        ],
                        [
                            -76.0094905,
                            3.512468
                        ],
                        [
                            -76.0090399,
                            3.5127571
                        ],
                        [
                            -76.0085785,
                            3.5131962
                        ],
                        [
                            -76.0079134,
                            3.5138066
                        ],
                        [
                            -76.0076559,
                            3.5141707
                        ],
                        [
                            -76.0071302,
                            3.5145026
                        ],
                        [
                            -76.0062182,
                            3.514931
                        ],
                        [
                            -76.0056496,
                            3.5152522
                        ],
                        [
                            -76.0050595,
                            3.5159055
                        ],
                        [
                            -76.0042763,
                            3.5166337
                        ],
                        [
                            -76.0038042,
                            3.517244
                        ],
                        [
                            -76.003536,
                            3.5177688
                        ],
                        [
                            -76.0032141,
                            3.5185933
                        ],
                        [
                            -76.0026455,
                            3.5191609
                        ],
                        [
                            -76.0023129,
                            3.5194821
                        ],
                        [
                            -76.0018408,
                            3.5202532
                        ],
                        [
                            -76.0019589,
                            3.5205102
                        ],
                        [
                            -76.0021305,
                            3.5210349
                        ],
                        [
                            -76.002231,
                            3.5222536
                        ],
                        [
                            -76.0022825,
                            3.5225311
                        ],
                        [
                            -76.0025213,
                            3.5231051
                        ],
                        [
                            -76.0027313,
                            3.5235942
                        ],
                        [
                            -76.0030425,
                            3.5249221
                        ],
                        [
                            -76.0034824,
                            3.5256289
                        ],
                        [
                            -76.0036433,
                            3.5260893
                        ],
                        [
                            -76.0036218,
                            3.5265926
                        ],
                        [
                            -76.0034394,
                            3.5271495
                        ],
                        [
                            -76.003418,
                            3.5277706
                        ],
                        [
                            -76.0029727,
                            3.528306
                        ],
                        [
                            -76.0026079,
                            3.5286005
                        ],
                        [
                            -76.00227,
                            3.5288628
                        ],
                        [
                            -76.0018086,
                            3.5292001
                        ],
                        [
                            -76.0013069,
                            3.5294869
                        ],
                        [
                            -76.0004675,
                            3.530271
                        ],
                        [
                            -76.0000116,
                            3.5307904
                        ],
                        [
                            -75.9996414,
                            3.5313097
                        ],
                        [
                            -75.9992874,
                            3.5317166
                        ],
                        [
                            -75.9989655,
                            3.5320004
                        ],
                        [
                            -75.9986866,
                            3.5323217
                        ],
                        [
                            -75.9979785,
                            3.5332908
                        ],
                        [
                            -75.9979141,
                            3.5336174
                        ],
                        [
                            -75.9979248,
                            3.5344901
                        ],
                        [
                            -75.9981783,
                            3.5348783
                        ],
                        [
                            -75.9979677,
                            3.5357484
                        ],
                        [
                            -75.9978819,
                            3.5362945
                        ],
                        [
                            -75.9979677,
                            3.5370227
                        ],
                        [
                            -75.997957,
                            3.5376223
                        ],
                        [
                            -75.997839,
                            3.5383398
                        ],
                        [
                            -75.9975278,
                            3.538736
                        ],
                        [
                            -75.9971631,
                            3.5391751
                        ],
                        [
                            -75.9970558,
                            3.5395284
                        ],
                        [
                            -75.9968519,
                            3.5399139
                        ],
                        [
                            -75.9968197,
                            3.540353
                        ],
                        [
                            -75.9967768,
                            3.5409634
                        ],
                        [
                            -75.996691,
                            3.5417558
                        ],
                        [
                            -75.9967017,
                            3.5419699
                        ],
                        [
                            -75.9960687,
                            3.5424518
                        ],
                        [
                            -75.9955967,
                            3.5432121
                        ],
                        [
                            -75.9953714,
                            3.5435119
                        ],
                        [
                            -75.9949637,
                            3.5443579
                        ],
                        [
                            -75.9947813,
                            3.5451396
                        ],
                        [
                            -75.994513,
                            3.5459213
                        ],
                        [
                            -75.9943414,
                            3.5467887
                        ],
                        [
                            -75.9934294,
                            3.5475168
                        ],
                        [
                            -75.9929466,
                            3.5476775
                        ],
                        [
                            -75.9927428,
                            3.5478702
                        ],
                        [
                            -75.9921742,
                            3.5482129
                        ],
                        [
                            -75.992024,
                            3.5487055
                        ],
                        [
                            -75.9911978,
                            3.5497442
                        ],
                        [
                            -75.9901786,
                            3.5506865
                        ],
                        [
                            -75.9899747,
                            3.5512219
                        ],
                        [
                            -75.9893627,
                            3.5521242
                        ],
                        [
                            -75.9887731,
                            3.5525176
                        ],
                        [
                            -75.9879041,
                            3.5536205
                        ],
                        [
                            -75.9872818,
                            3.5541452
                        ],
                        [
                            -75.9864771,
                            3.5551411
                        ],
                        [
                            -75.9862733,
                            3.5554302
                        ],
                        [
                            -75.9861982,
                            3.555987
                        ],
                        [
                            -75.9862089,
                            3.5565439
                        ],
                        [
                            -75.9863699,
                            3.5569936
                        ],
                        [
                            -75.9867346,
                            3.5573577
                        ],
                        [
                            -75.9868848,
                            3.5576468
                        ],
                        [
                            -75.9869599,
                            3.5582893
                        ],
                        [
                            -75.986917,
                            3.5588997
                        ],
                        [
                            -75.986445,
                            3.5591352
                        ],
                        [
                            -75.9860373,
                            3.5592316
                        ],
                        [
                            -75.9855116,
                            3.5593815
                        ],
                        [
                            -75.9848786,
                            3.5597135
                        ],
                        [
                            -75.9843421,
                            3.5600776
                        ],
                        [
                            -75.9840846,
                            3.5603881
                        ],
                        [
                            -75.9839344,
                            3.5606772
                        ],
                        [
                            -75.984267,
                            3.5611698
                        ],
                        [
                            -75.9845245,
                            3.5616624
                        ],
                        [
                            -75.9849537,
                            3.5625833
                        ],
                        [
                            -75.9853935,
                            3.5631401
                        ],
                        [
                            -75.9856403,
                            3.5640824
                        ],
                        [
                            -75.9859655,
                            3.5645345
                        ],
                        [
                            -75.9866006,
                            3.5654733
                        ],
                        [
                            -75.9868527,
                            3.5666202
                        ],
                        [
                            -75.9869814,
                            3.5668772
                        ],
                        [
                            -75.9872282,
                            3.5670592
                        ],
                        [
                            -75.987711,
                            3.5676589
                        ],
                        [
                            -75.9879577,
                            3.5680337
                        ],
                        [
                            -75.9884405,
                            3.5684085
                        ],
                        [
                            -75.9883547,
                            3.5693079
                        ],
                        [
                            -75.9885585,
                            3.5700789
                        ],
                        [
                            -75.9887277,
                            3.5711216
                        ],
                        [
                            -75.9889019,
                            3.572788
                        ],
                        [
                            -75.9892345,
                            3.5741586
                        ],
                        [
                            -75.9892019,
                            3.575357
                        ],
                        [
                            -75.9892345,
                            3.5755079
                        ],
                        [
                            -75.9890092,
                            3.575904
                        ],
                        [
                            -75.9885156,
                            3.5764609
                        ],
                        [
                            -75.988065,
                            3.5770284
                        ],
                        [
                            -75.9873985,
                            3.5780527
                        ],
                        [
                            -75.9863269,
                            3.5802408
                        ],
                        [
                            -75.9863162,
                            3.5805085
                        ],
                        [
                            -75.986284,
                            3.5809261
                        ],
                        [
                            -75.9860802,
                            3.5812794
                        ],
                        [
                            -75.9856832,
                            3.5819112
                        ],
                        [
                            -75.9857047,
                            3.5824145
                        ],
                        [
                            -75.9857047,
                            3.5827357
                        ],
                        [
                            -75.985651,
                            3.5834638
                        ],
                        [
                            -75.9853721,
                            3.5842562
                        ],
                        [
                            -75.9849751,
                            3.5850165
                        ],
                        [
                            -75.9848893,
                            3.5860016
                        ],
                        [
                            -75.9849322,
                            3.5870724
                        ],
                        [
                            -75.9850073,
                            3.5878433
                        ],
                        [
                            -75.9849537,
                            3.5883573
                        ],
                        [
                            -75.9847069,
                            3.5888284
                        ],
                        [
                            -75.9846747,
                            3.5892246
                        ],
                        [
                            -75.9867454,
                            3.5915054
                        ],
                        [
                            -75.9871423,
                            3.5920943
                        ],
                        [
                            -75.987668,
                            3.5936898
                        ],
                        [
                            -75.9877217,
                            3.594011
                        ],
                        [
                            -75.9878934,
                            3.5946963
                        ],
                        [
                            -75.9881616,
                            3.5950497
                        ],
                        [
                            -75.9890521,
                            3.5954887
                        ],
                        [
                            -75.9894168,
                            3.5958099
                        ],
                        [
                            -75.9899962,
                            3.5961633
                        ],
                        [
                            -75.9909082,
                            3.5966665
                        ],
                        [
                            -75.9920669,
                            3.5970413
                        ],
                        [
                            -75.9920991,
                            3.5975017
                        ],
                        [
                            -75.9920883,
                            3.5983048
                        ],
                        [
                            -75.9921527,
                            3.5992364
                        ],
                        [
                            -75.9922063,
                            3.5997396
                        ],
                        [
                            -75.9920025,
                            3.6003071
                        ],
                        [
                            -75.9918523,
                            3.6010031
                        ],
                        [
                            -75.992024,
                            3.6020204
                        ],
                        [
                            -75.9922063,
                            3.6034659
                        ],
                        [
                            -75.9922707,
                            3.6037336
                        ],
                        [
                            -75.9927213,
                            3.6041298
                        ],
                        [
                            -75.9927642,
                            3.6048793
                        ],
                        [
                            -75.9927213,
                            3.6056395
                        ],
                        [
                            -75.9927857,
                            3.6063784
                        ],
                        [
                            -75.9928823,
                            3.6066139
                        ],
                        [
                            -75.9929359,
                            3.6068923
                        ],
                        [
                            -75.9932363,
                            3.6072671
                        ],
                        [
                            -75.9934831,
                            3.6076097
                        ],
                        [
                            -75.9937298,
                            3.6081772
                        ],
                        [
                            -75.9940302,
                            3.6094193
                        ],
                        [
                            -75.9942556,
                            3.6100832
                        ],
                        [
                            -75.9943843,
                            3.6103937
                        ],
                        [
                            -75.9948135,
                            3.6106186
                        ],
                        [
                            -75.995146,
                            3.610747
                        ],
                        [
                            -75.9958649,
                            3.6109826
                        ],
                        [
                            -75.996294,
                            3.6113467
                        ],
                        [
                            -75.9959293,
                            3.6113788
                        ],
                        [
                            -75.9956718,
                            3.6114644
                        ],
                        [
                            -75.9952963,
                            3.6115501
                        ],
                        [
                            -75.9946954,
                            3.6116786
                        ],
                        [
                            -75.9940839,
                            3.6118071
                        ],
                        [
                            -75.9934616,
                            3.6118606
                        ],
                        [
                            -75.992775,
                            3.6119998
                        ],
                        [
                            -75.9922707,
                            3.6120534
                        ],
                        [
                            -75.9915981,
                            3.6121881
                        ],
                        [
                            -75.9914553,
                            3.6121604
                        ],
                        [
                            -75.9906238,
                            3.6128136
                        ],
                        [
                            -75.9893525,
                            3.6138897
                        ],
                        [
                            -75.988934,
                            3.6142752
                        ],
                        [
                            -75.9886444,
                            3.6146071
                        ],
                        [
                            -75.9884673,
                            3.6149016
                        ],
                        [
                            -75.9883976,
                            3.6152656
                        ],
                        [
                            -75.988173,
                            3.615665
                        ],
                        [
                            -75.9882045,
                            3.6158117
                        ],
                        [
                            -75.9878397,
                            3.6162293
                        ],
                        [
                            -75.9877432,
                            3.616497
                        ],
                        [
                            -75.9877144,
                            3.6173061
                        ],
                        [
                            -75.9877646,
                            3.6175035
                        ],
                        [
                            -75.9879899,
                            3.6176748
                        ],
                        [
                            -75.988344,
                            3.6179853
                        ],
                        [
                            -75.9884513,
                            3.6184886
                        ],
                        [
                            -75.9884083,
                            3.6187777
                        ],
                        [
                            -75.9881508,
                            3.6192488
                        ],
                        [
                            -75.9878934,
                            3.6195272
                        ],
                        [
                            -75.9877324,
                            3.6200304
                        ],
                        [
                            -75.9877324,
                            3.62063
                        ],
                        [
                            -75.9877753,
                            3.6211547
                        ],
                        [
                            -75.987799,
                            3.6217061
                        ],
                        [
                            -75.9875749,
                            3.6222292
                        ],
                        [
                            -75.9874964,
                            3.622461
                        ],
                        [
                            -75.9874106,
                            3.6226752
                        ],
                        [
                            -75.9872496,
                            3.623157
                        ],
                        [
                            -75.9870565,
                            3.623596
                        ],
                        [
                            -75.986917,
                            3.6245597
                        ],
                        [
                            -75.9869063,
                            3.6249773
                        ],
                        [
                            -75.9869278,
                            3.6252342
                        ],
                        [
                            -75.9871531,
                            3.6256839
                        ],
                        [
                            -75.987314,
                            3.6258767
                        ],
                        [
                            -75.9876573,
                            3.6259302
                        ],
                        [
                            -75.9881401,
                            3.6263478
                        ],
                        [
                            -75.9883654,
                            3.6267118
                        ],
                        [
                            -75.9887356,
                            3.6271562
                        ],
                        [
                            -75.9892666,
                            3.6276327
                        ],
                        [
                            -75.9899533,
                            3.6285481
                        ],
                        [
                            -75.9904307,
                            3.6290407
                        ],
                        [
                            -75.9907043,
                            3.6296671
                        ],
                        [
                            -75.9906399,
                            3.6302024
                        ],
                        [
                            -75.9906292,
                            3.6306414
                        ],
                        [
                            -75.9906507,
                            3.6310108
                        ],
                        [
                            -75.9907472,
                            3.6313106
                        ],
                        [
                            -75.9909082,
                            3.6315408
                        ],
                        [
                            -75.9912086,
                            3.6319156
                        ],
                        [
                            -75.9918094,
                            3.6324724
                        ],
                        [
                            -75.9928715,
                            3.6330292
                        ],
                        [
                            -75.9932576,
                            3.6343868
                        ],
                        [
                            -75.9933972,
                            3.6351171
                        ],
                        [
                            -75.9936333,
                            3.6365304
                        ],
                        [
                            -75.9937217,
                            3.637521
                        ],
                        [
                            -75.9936333,
                            3.6385648
                        ],
                        [
                            -75.9935153,
                            3.6390145
                        ],
                        [
                            -75.993011,
                            3.6395285
                        ],
                        [
                            -75.9924711,
                            3.6400264
                        ],
                        [
                            -75.991863,
                            3.6401173
                        ],
                        [
                            -75.9911871,
                            3.6401066
                        ],
                        [
                            -75.9910369,
                            3.6404279
                        ],
                        [
                            -75.9909296,
                            3.6407277
                        ],
                        [
                            -75.9906292,
                            3.6411452
                        ],
                        [
                            -75.990479,
                            3.6414665
                        ],
                        [
                            -75.9901142,
                            3.6419269
                        ],
                        [
                            -75.9893417,
                            3.6421196
                        ],
                        [
                            -75.9886122,
                            3.6426014
                        ],
                        [
                            -75.9882581,
                            3.6428691
                        ],
                        [
                            -75.9878719,
                            3.6429762
                        ],
                        [
                            -75.9870243,
                            3.6428798
                        ],
                        [
                            -75.9867776,
                            3.6426871
                        ],
                        [
                            -75.9863162,
                            3.642323
                        ],
                        [
                            -75.9852004,
                            3.6419697
                        ],
                        [
                            -75.9849107,
                            3.6419054
                        ],
                        [
                            -75.984782,
                            3.6417984
                        ],
                        [
                            -75.9843743,
                            3.6414557
                        ],
                        [
                            -75.9838486,
                            3.6411774
                        ],
                        [
                            -75.9832156,
                            3.6413058
                        ],
                        [
                            -75.9830439,
                            3.6416164
                        ],
                        [
                            -75.9827972,
                            3.6418626
                        ],
                        [
                            -75.9822178,
                            3.6419911
                        ],
                        [
                            -75.9814882,
                            3.6422267
                        ],
                        [
                            -75.98122,
                            3.6422052
                        ],
                        [
                            -75.9809089,
                            3.6422374
                        ],
                        [
                            -75.9800828,
                            3.6421303
                        ],
                        [
                            -75.9796751,
                            3.6421517
                        ],
                        [
                            -75.9791601,
                            3.6421731
                        ],
                        [
                            -75.9787524,
                            3.6423123
                        ],
                        [
                            -75.9783018,
                            3.6426121
                        ],
                        [
                            -75.9780872,
                            3.6428691
                        ],
                        [
                            -75.9777868,
                            3.6432974
                        ],
                        [
                            -75.9775508,
                            3.643458
                        ],
                        [
                            -75.9770572,
                            3.6435543
                        ],
                        [
                            -75.9770572,
                            3.6437792
                        ],
                        [
                            -75.9769607,
                            3.644261
                        ],
                        [
                            -75.9770358,
                            3.6446786
                        ],
                        [
                            -75.977068,
                            3.6453103
                        ],
                        [
                            -75.9771001,
                            3.6458243
                        ],
                        [
                            -75.9769714,
                            3.6461241
                        ],
                        [
                            -75.9769499,
                            3.6465202
                        ],
                        [
                            -75.9763706,
                            3.6475374
                        ],
                        [
                            -75.9764135,
                            3.6479229
                        ],
                        [
                            -75.976435,
                            3.6481691
                        ],
                        [
                            -75.9767354,
                            3.6485653
                        ],
                        [
                            -75.9768963,
                            3.6489507
                        ],
                        [
                            -75.9769929,
                            3.6493897
                        ],
                        [
                            -75.9770572,
                            3.6498501
                        ],
                        [
                            -75.977068,
                            3.6502035
                        ],
                        [
                            -75.9770572,
                            3.6506103
                        ],
                        [
                            -75.976907,
                            3.6508994
                        ],
                        [
                            -75.9767246,
                            3.6511457
                        ],
                        [
                            -75.976392,
                            3.6514883
                        ],
                        [
                            -75.976274,
                            3.6516061
                        ],
                        [
                            -75.9762204,
                            3.652013
                        ],
                        [
                            -75.9763599,
                            3.6524091
                        ],
                        [
                            -75.9767354,
                            3.6527089
                        ],
                        [
                            -75.9769178,
                            3.6530087
                        ],
                        [
                            -75.9770894,
                            3.6533942
                        ],
                        [
                            -75.9770358,
                            3.6537582
                        ],
                        [
                            -75.9770143,
                            3.6541008
                        ],
                        [
                            -75.9769821,
                            3.6546041
                        ],
                        [
                            -75.9766281,
                            3.6553107
                        ],
                        [
                            -75.9759736,
                            3.6557069
                        ],
                        [
                            -75.975641,
                            3.6559424
                        ],
                        [
                            -75.9755123,
                            3.6564457
                        ],
                        [
                            -75.9754479,
                            3.6569382
                        ],
                        [
                            -75.9752226,
                            3.6573236
                        ],
                        [
                            -75.9750402,
                            3.6578162
                        ],
                        [
                            -75.97489,
                            3.6579875
                        ],
                        [
                            -75.9745038,
                            3.6580303
                        ],
                        [
                            -75.9740746,
                            3.658041
                        ],
                        [
                            -75.97386,
                            3.6579982
                        ],
                        [
                            -75.9731841,
                            3.6579018
                        ],
                        [
                            -75.9729266,
                            3.6584265
                        ],
                        [
                            -75.9727979,
                            3.6586299
                        ],
                        [
                            -75.9726584,
                            3.6590796
                        ],
                        [
                            -75.9724546,
                            3.6593044
                        ],
                        [
                            -75.9720039,
                            3.6594115
                        ],
                        [
                            -75.9717143,
                            3.6597755
                        ],
                        [
                            -75.9715319,
                            3.6600004
                        ],
                        [
                            -75.9713602,
                            3.6601931
                        ],
                        [
                            -75.9712851,
                            3.6605036
                        ],
                        [
                            -75.9712744,
                            3.6607606
                        ],
                        [
                            -75.9711993,
                            3.6608569
                        ],
                        [
                            -75.9709633,
                            3.6609319
                        ],
                        [
                            -75.9707272,
                            3.6611889
                        ],
                        [
                            -75.970612,
                            3.6612142
                        ],
                        [
                            -75.9704697,
                            3.6614779
                        ],
                        [
                            -75.9700942,
                            3.6617028
                        ],
                        [
                            -75.9694183,
                            3.6618848
                        ],
                        [
                            -75.9686887,
                            3.6620989
                        ],
                        [
                            -75.9682596,
                            3.6624416
                        ],
                        [
                            -75.9680879,
                            3.6625272
                        ],
                        [
                            -75.9679806,
                            3.6626557
                        ],
                        [
                            -75.9675515,
                            3.6629234
                        ],
                        [
                            -75.9667254,
                            3.6632018
                        ],
                        [
                            -75.9663177,
                            3.66363
                        ],
                        [
                            -75.9659958,
                            3.6642189
                        ],
                        [
                            -75.9657598,
                            3.664508
                        ],
                        [
                            -75.9656096,
                            3.6647971
                        ],
                        [
                            -75.9654379,
                            3.6650648
                        ],
                        [
                            -75.9649444,
                            3.6650862
                        ],
                        [
                            -75.9645152,
                            3.6649898
                        ],
                        [
                            -75.9639895,
                            3.6651504
                        ],
                        [
                            -75.9634101,
                            3.6650648
                        ],
                        [
                            -75.9632385,
                            3.6647221
                        ],
                        [
                            -75.9630239,
                            3.6642832
                        ],
                        [
                            -75.9627879,
                            3.6639405
                        ],
                        [
                            -75.9624338,
                            3.6637692
                        ],
                        [
                            -75.9618437,
                            3.663705
                        ],
                        [
                            -75.9612966,
                            3.6636836
                        ],
                        [
                            -75.960803,
                            3.6637478
                        ],
                        [
                            -75.9601057,
                            3.6636836
                        ],
                        [
                            -75.95958,
                            3.6636729
                        ],
                        [
                            -75.9592688,
                            3.6636622
                        ],
                        [
                            -75.9587968,
                            3.6636836
                        ],
                        [
                            -75.9584427,
                            3.6637478
                        ],
                        [
                            -75.9578526,
                            3.6637906
                        ],
                        [
                            -75.9576166,
                            3.6639941
                        ],
                        [
                            -75.9573698,
                            3.6641761
                        ],
                        [
                            -75.9570801,
                            3.6647328
                        ],
                        [
                            -75.9567905,
                            3.6652147
                        ],
                        [
                            -75.9566295,
                            3.6654395
                        ],
                        [
                            -75.9564901,
                            3.6657714
                        ],
                        [
                            -75.9563828,
                            3.6661997
                        ],
                        [
                            -75.9562111,
                            3.6664781
                        ],
                        [
                            -75.9559322,
                            3.6669063
                        ],
                        [
                            -75.9554064,
                            3.6673774
                        ],
                        [
                            -75.9551704,
                            3.6676665
                        ],
                        [
                            -75.9549022,
                            3.6679984
                        ],
                        [
                            -75.9547091,
                            3.6684374
                        ],
                        [
                            -75.9546661,
                            3.6688443
                        ],
                        [
                            -75.9543336,
                            3.6691441
                        ],
                        [
                            -75.9538829,
                            3.6697544
                        ],
                        [
                            -75.9536898,
                            3.6701398
                        ],
                        [
                            -75.9535718,
                            3.6704824
                        ],
                        [
                            -75.953368,
                            3.6709321
                        ],
                        [
                            -75.953325,
                            3.6713283
                        ],
                        [
                            -75.9532929,
                            3.6714996
                        ],
                        [
                            -75.9532607,
                            3.6717994
                        ],
                        [
                            -75.9532499,
                            3.6722598
                        ],
                        [
                            -75.9532821,
                            3.6727523
                        ],
                        [
                            -75.9527564,
                            3.6729022
                        ],
                        [
                            -75.9521449,
                            3.6731056
                        ],
                        [
                            -75.9516835,
                            3.6733197
                        ],
                        [
                            -75.9513509,
                            3.6735232
                        ],
                        [
                            -75.9509862,
                            3.6737908
                        ],
                        [
                            -75.9505892,
                            3.6741334
                        ],
                        [
                            -75.9503853,
                            3.6747544
                        ],
                        [
                            -75.9504068,
                            3.6750756
                        ],
                        [
                            -75.9505141,
                            3.675536
                        ],
                        [
                            -75.950557,
                            3.6758894
                        ],
                        [
                            -75.9503961,
                            3.6763605
                        ],
                        [
                            -75.9502459,
                            3.6766067
                        ],
                        [
                            -75.9499347,
                            3.6768637
                        ],
                        [
                            -75.9496665,
                            3.6771742
                        ],
                        [
                            -75.9498167,
                            3.6772598
                        ],
                        [
                            -75.9502459,
                            3.6771635
                        ],
                        [
                            -75.9506536,
                            3.6772384
                        ],
                        [
                            -75.9512329,
                            3.6774311
                        ],
                        [
                            -75.9519088,
                            3.6776346
                        ],
                        [
                            -75.9524453,
                            3.6779558
                        ],
                        [
                            -75.9530139,
                            3.6785018
                        ],
                        [
                            -75.9533358,
                            3.6788016
                        ],
                        [
                            -75.9535074,
                            3.6789943
                        ],
                        [
                            -75.9537757,
                            3.6795404
                        ],
                        [
                            -75.9539151,
                            3.6799686
                        ],
                        [
                            -75.9538829,
                            3.680247
                        ],
                        [
                            -75.9536791,
                            3.6806217
                        ],
                        [
                            -75.9535289,
                            3.6809322
                        ],
                        [
                            -75.953368,
                            3.6813284
                        ],
                        [
                            -75.953368,
                            3.6816068
                        ],
                        [
                            -75.9536147,
                            3.681853
                        ],
                        [
                            -75.9539259,
                            3.6822492
                        ],
                        [
                            -75.9541619,
                            3.6826239
                        ],
                        [
                            -75.9543658,
                            3.6828157
                        ],
                        [
                            -75.9544945,
                            3.6830736
                        ],
                        [
                            -75.9546876,
                            3.6835447
                        ],
                        [
                            -75.9547413,
                            3.6840693
                        ],
                        [
                            -75.9546661,
                            3.6846689
                        ],
                        [
                            -75.954473,
                            3.6851828
                        ],
                        [
                            -75.9545052,
                            3.6856003
                        ],
                        [
                            -75.9545481,
                            3.6858145
                        ],
                        [
                            -75.9547627,
                            3.6858038
                        ],
                        [
                            -75.9551275,
                            3.6856967
                        ],
                        [
                            -75.955857,
                            3.6855147
                        ],
                        [
                            -75.9565866,
                            3.6854719
                        ],
                        [
                            -75.9571016,
                            3.6853862
                        ],
                        [
                            -75.9571016,
                            3.6857288
                        ],
                        [
                            -75.957048,
                            3.6859858
                        ],
                        [
                            -75.9566081,
                            3.686853
                        ],
                        [
                            -75.9566939,
                            3.6878273
                        ],
                        [
                            -75.9566724,
                            3.6885875
                        ],
                        [
                            -75.9566977,
                            3.6887725
                        ],
                        [
                            -75.9569836,
                            3.689262
                        ],
                        [
                            -75.9571874,
                            3.689701
                        ],
                        [
                            -75.9576058,
                            3.6900436
                        ],
                        [
                            -75.9579706,
                            3.690247
                        ],
                        [
                            -75.9587324,
                            3.6903969
                        ],
                        [
                            -75.9588826,
                            3.6906646
                        ],
                        [
                            -75.9589362,
                            3.6911464
                        ],
                        [
                            -75.9592581,
                            3.6921635
                        ],
                        [
                            -75.9595585,
                            3.6927738
                        ],
                        [
                            -75.9602988,
                            3.6937374
                        ],
                        [
                            -75.960567,
                            3.6945403
                        ],
                        [
                            -75.960567,
                            3.6951292
                        ],
                        [
                            -75.9606207,
                            3.6959536
                        ],
                        [
                            -75.960567,
                            3.6964782
                        ],
                        [
                            -75.9602666,
                            3.6972598
                        ],
                        [
                            -75.9598696,
                            3.6978272
                        ],
                        [
                            -75.9594298,
                            3.6984482
                        ],
                        [
                            -75.9590328,
                            3.6989193
                        ],
                        [
                            -75.9590864,
                            3.6996688
                        ],
                        [
                            -75.9590435,
                            3.7001398
                        ],
                        [
                            -75.9589362,
                            3.7006538
                        ],
                        [
                            -75.9589684,
                            3.7012961
                        ],
                        [
                            -75.9588826,
                            3.702142
                        ],
                        [
                            -75.9589899,
                            3.703234
                        ],
                        [
                            -75.9592795,
                            3.703855
                        ],
                        [
                            -75.9595478,
                            3.7042618
                        ],
                        [
                            -75.9597731,
                            3.7046044
                        ],
                        [
                            -75.9602988,
                            3.7049577
                        ],
                        [
                            -75.9605755,
                            3.7056988
                        ],
                        [
                            -75.9605777,
                            3.7057714
                        ],
                        [
                            -75.9603417,
                            3.7061247
                        ],
                        [
                            -75.9595263,
                            3.7066279
                        ],
                        [
                            -75.9588933,
                            3.7071419
                        ],
                        [
                            -75.9586358,
                            3.707463
                        ],
                        [
                            -75.9583569,
                            3.7076879
                        ],
                        [
                            -75.9578848,
                            3.7082339
                        ],
                        [
                            -75.957681,
                            3.7087692
                        ],
                        [
                            -75.957638,
                            3.7095722
                        ],
                        [
                            -75.9599736,
                            3.7097618
                        ],
                        [
                            -75.9622334,
                            3.7095312
                        ],
                        [
                            -75.9645487,
                            3.7098243
                        ],
                        [
                            -75.9674094,
                            3.7112716
                        ],
                        [
                            -75.9679109,
                            3.7115047
                        ],
                        [
                            -75.9682815,
                            3.7117961
                        ],
                        [
                            -75.9685626,
                            3.7118636
                        ],
                        [
                            -75.9687423,
                            3.7119974
                        ],
                        [
                            -75.9689703,
                            3.7121714
                        ],
                        [
                            -75.9692358,
                            3.712265
                        ],
                        [
                            -75.9695953,
                            3.7121821
                        ],
                        [
                            -75.9698366,
                            3.7122222
                        ],
                        [
                            -75.9700459,
                            3.7122945
                        ],
                        [
                            -75.9702738,
                            3.7122945
                        ],
                        [
                            -75.9704321,
                            3.7122918
                        ],
                        [
                            -75.9705904,
                            3.712348
                        ],
                        [
                            -75.9706869,
                            3.7124471
                        ],
                        [
                            -75.9709149,
                            3.7125381
                        ],
                        [
                            -75.9710034,
                            3.7125889
                        ],
                        [
                            -75.9711134,
                            3.7126746
                        ],
                        [
                            -75.9712099,
                            3.712795
                        ],
                        [
                            -75.9712609,
                            3.7128807
                        ],
                        [
                            -75.9713038,
                            3.7129984
                        ],
                        [
                            -75.9714192,
                            3.7130653
                        ],
                        [
                            -75.9716069,
                            3.713068
                        ],
                        [
                            -75.9717249,
                            3.713068
                        ],
                        [
                            -75.9718322,
                            3.7130921
                        ],
                        [
                            -75.9720629,
                            3.7132099
                        ],
                        [
                            -75.9721889,
                            3.7133009
                        ],
                        [
                            -75.972307,
                            3.7133544
                        ],
                        [
                            -75.9724035,
                            3.7134749
                        ],
                        [
                            -75.9724786,
                            3.7135525
                        ],
                        [
                            -75.9725564,
                            3.7136007
                        ],
                        [
                            -75.9726664,
                            3.7136515
                        ],
                        [
                            -75.9728246,
                            3.7136515
                        ],
                        [
                            -75.9729105,
                            3.7137104
                        ],
                        [
                            -75.9730177,
                            3.7137693
                        ],
                        [
                            -75.9731224,
                            3.7138308
                        ],
                        [
                            -75.9734523,
                            3.7139379
                        ],
                        [
                            -75.9735864,
                            3.7139781
                        ],
                        [
                            -75.9740209,
                            3.7139914
                        ],
                        [
                            -75.9742945,
                            3.7141413
                        ],
                        [
                            -75.9743267,
                            3.7141788
                        ],
                        [
                            -75.974332,
                            3.7143314
                        ],
                        [
                            -75.9743481,
                            3.7146044
                        ],
                        [
                            -75.9745037,
                            3.7149657
                        ],
                        [
                            -75.9746968,
                            3.7151102
                        ],
                        [
                            -75.9748417,
                            3.7151852
                        ],
                        [
                            -75.9749382,
                            3.7152655
                        ],
                        [
                            -75.9750949,
                            3.7153372
                        ],
                        [
                            -75.9751716,
                            3.7154856
                        ],
                        [
                            -75.9752172,
                            3.7155405
                        ],
                        [
                            -75.9753848,
                            3.7156128
                        ],
                        [
                            -75.9755846,
                            3.7157814
                        ],
                        [
                            -75.9756852,
                            3.7158724
                        ],
                        [
                            -75.9759172,
                            3.7158577
                        ],
                        [
                            -75.9761439,
                            3.7159674
                        ],
                        [
                            -75.9762941,
                            3.7160009
                        ],
                        [
                            -75.9764952,
                            3.7160517
                        ],
                        [
                            -75.9765046,
                            3.7160658
                        ],
                        [
                            -75.9767822,
                            3.7163087
                        ],
                        [
                            -75.9768198,
                            3.7164238
                        ],
                        [
                            -75.9772677,
                            3.7165389
                        ],
                        [
                            -75.9777978,
                            3.7166906
                        ],
                        [
                            -75.9781448,
                            3.7170019
                        ],
                        [
                            -75.9789977,
                            3.7173606
                        ],
                        [
                            -75.9792445,
                            3.717374
                        ],
                        [
                            -75.9796133,
                            3.7175245
                        ],
                        [
                            -75.9809611,
                            3.7179146
                        ],
                        [
                            -75.9820166,
                            3.7180679
                        ],
                        [
                            -75.9829138,
                            3.7179762
                        ],
                        [
                            -75.983941,
                            3.717829
                        ],
                        [
                            -75.9848315,
                            3.7177614
                        ],
                        [
                            -75.9853291,
                            3.7178082
                        ],
                        [
                            -75.9861713,
                            3.717475
                        ],
                        [
                            -75.9868499,
                            3.7174134
                        ],
                        [
                            -75.9875446,
                            3.7171297
                        ],
                        [
                            -75.9880877,
                            3.7169879
                        ],
                        [
                            -75.9886604,
                            3.716945
                        ],
                        [
                            -75.9891097,
                            3.7165676
                        ],
                        [
                            -75.9898754,
                            3.7163763
                        ],
                        [
                            -75.9902927,
                            3.716005
                        ],
                        [
                            -75.992099,
                            3.7150728
                        ],
                        [
                            -75.9925643,
                            3.715042
                        ],
                        [
                            -75.9927105,
                            3.7151357
                        ],
                        [
                            -75.9929117,
                            3.7150714
                        ],
                        [
                            -75.9929855,
                            3.7149456
                        ],
                        [
                            -75.9932684,
                            3.7150587
                        ],
                        [
                            -75.9938022,
                            3.7152033
                        ],
                        [
                            -75.9943185,
                            3.7152407
                        ],
                        [
                            -75.9947356,
                            3.7151938
                        ],
                        [
                            -75.9948778,
                            3.715234
                        ],
                        [
                            -75.9950266,
                            3.7153552
                        ],
                        [
                            -75.9953136,
                            3.7159279
                        ],
                        [
                            -75.9955108,
                            3.7160578
                        ],
                        [
                            -75.9959681,
                            3.7161233
                        ],
                        [
                            -75.9963704,
                            3.716383
                        ],
                        [
                            -75.9965369,
                            3.7164011
                        ],
                        [
                            -75.99684,
                            3.7164707
                        ],
                        [
                            -75.9970063,
                            3.7164707
                        ],
                        [
                            -75.9971699,
                            3.7165028
                        ],
                        [
                            -75.9978188,
                            3.7170869
                        ],
                        [
                            -75.9982372,
                            3.71721
                        ],
                        [
                            -75.9984196,
                            3.7171913
                        ],
                        [
                            -75.9985323,
                            3.7170976
                        ],
                        [
                            -75.9985417,
                            3.7167741
                        ],
                        [
                            -75.9986451,
                            3.7166099
                        ],
                        [
                            -75.9987281,
                            3.7166506
                        ],
                        [
                            -75.9988812,
                            3.7166206
                        ],
                        [
                            -75.9989777,
                            3.7166768
                        ],
                        [
                            -75.9991843,
                            3.7166768
                        ],
                        [
                            -75.9994096,
                            3.7166688
                        ],
                        [
                            -75.9994632,
                            3.7166607
                        ],
                        [
                            -75.9996161,
                            3.7166607
                        ],
                        [
                            -75.9997234,
                            3.7166741
                        ],
                        [
                            -75.9997797,
                            3.7166902
                        ],
                        [
                            -76.0009423,
                            3.7168835
                        ],
                        [
                            -76.002506,
                            3.7169143
                        ],
                        [
                            -76.0037854,
                            3.717111
                        ],
                        [
                            -76.0044747,
                            3.716854
                        ],
                        [
                            -76.0052096,
                            3.7169584
                        ],
                        [
                            -76.0078221,
                            3.716743
                        ],
                        [
                            -76.0082352,
                            3.716573
                        ],
                        [
                            -76.0087501,
                            3.7161554
                        ],
                        [
                            -76.0096312,
                            3.7150139
                        ],
                        [
                            -76.010151,
                            3.7146368
                        ],
                        [
                            -76.010216,
                            3.7141895
                        ],
                        [
                            -76.0108919,
                            3.7131082
                        ],
                        [
                            -76.0119213,
                            3.7119057
                        ],
                        [
                            -76.0124997,
                            3.7113473
                        ],
                        [
                            -76.0127158,
                            3.7110472
                        ],
                        [
                            -76.0138524,
                            3.7099225
                        ],
                        [
                            -76.0148483,
                            3.7091268
                        ],
                        [
                            -76.0161321,
                            3.7074245
                        ],
                        [
                            -76.0172586,
                            3.7059329
                        ],
                        [
                            -76.0185013,
                            3.7051496
                        ],
                        [
                            -76.01944,
                            3.7043913
                        ],
                        [
                            -76.0202893,
                            3.7038114
                        ],
                        [
                            -76.0210492,
                            3.7031423
                        ],
                        [
                            -76.0216303,
                            3.7026962
                        ],
                        [
                            -76.0226584,
                            3.7022501
                        ],
                        [
                            -76.0237312,
                            3.7016256
                        ],
                        [
                            -76.0246252,
                            3.7010903
                        ],
                        [
                            -76.0254298,
                            3.7004658
                        ],
                        [
                            -76.0259662,
                            3.7001536
                        ],
                        [
                            -76.0266814,
                            3.69886
                        ],
                        [
                            -76.0267708,
                            3.6980124
                        ],
                        [
                            -76.0265026,
                            3.6973433
                        ],
                        [
                            -76.0267708,
                            3.6964066
                        ],
                        [
                            -76.0277542,
                            3.6952022
                        ],
                        [
                            -76.0290505,
                            3.6942208
                        ],
                        [
                            -76.0303469,
                            3.6932841
                        ],
                        [
                            -76.0311962,
                            3.6925703
                        ],
                        [
                            -76.032269,
                            3.6917228
                        ],
                        [
                            -76.0330617,
                            3.6907716
                        ],
                        [
                            -76.0328948,
                            3.6902953
                        ],
                        [
                            -76.0337102,
                            3.6895281
                        ],
                        [
                            -76.0341911,
                            3.6889072
                        ],
                        [
                            -76.0349957,
                            3.6881988
                        ],
                        [
                            -76.0359344,
                            3.6876742
                        ],
                        [
                            -76.0366407,
                            3.6867481
                        ],
                        [
                            -76.0369518,
                            3.6854206
                        ],
                        [
                            -76.0370966,
                            3.6846213
                        ],
                        [
                            -76.0370287,
                            3.6836256
                        ],
                        [
                            -76.0373916,
                            3.6824845
                        ],
                        [
                            -76.0383035,
                            3.6806154
                        ],
                        [
                            -76.0402574,
                            3.6794677
                        ],
                        [
                            -76.0422803,
                            3.6787738
                        ],
                        [
                            -76.0432395,
                            3.6782557
                        ],
                        [
                            -76.0443032,
                            3.678206
                        ],
                        [
                            -76.0451037,
                            3.6784632
                        ],
                        [
                            -76.0456952,
                            3.6783449
                        ],
                        [
                            -76.0474242,
                            3.6771034
                        ],
                        [
                            -76.0481399,
                            3.676635
                        ],
                        [
                            -76.0485423,
                            3.6762014
                        ],
                        [
                            -76.0488024,
                            3.6756754
                        ],
                        [
                            -76.0491353,
                            3.6740363
                        ],
                        [
                            -76.0496634,
                            3.6732329
                        ],
                        [
                            -76.0499102,
                            3.6728689
                        ],
                        [
                            -76.0502681,
                            3.6726747
                        ],
                        [
                            -76.0513773,
                            3.6721286
                        ],
                        [
                            -76.0526634,
                            3.6716496
                        ],
                        [
                            -76.0534641,
                            3.6711549
                        ],
                        [
                            -76.0539254,
                            3.6704679
                        ],
                        [
                            -76.0543514,
                            3.6695091
                        ],
                        [
                            -76.0546599,
                            3.6687196
                        ],
                        [
                            -76.0549415,
                            3.6679853
                        ],
                        [
                            -76.0550452,
                            3.667077
                        ],
                        [
                            -76.0556952,
                            3.6659975
                        ],
                        [
                            -76.0559785,
                            3.665811
                        ],
                        [
                            -76.0564011,
                            3.6654624
                        ],
                        [
                            -76.0565417,
                            3.6651821
                        ],
                        [
                            -76.0566452,
                            3.6649191
                        ],
                        [
                            -76.0566311,
                            3.6646468
                        ],
                        [
                            -76.0563969,
                            3.6639812
                        ],
                        [
                            -76.0560733,
                            3.6634049
                        ],
                        [
                            -76.0560793,
                            3.6631243
                        ],
                        [
                            -76.056159,
                            3.6629621
                        ],
                        [
                            -76.0563182,
                            3.662684
                        ],
                        [
                            -76.057071,
                            3.6621468
                        ],
                        [
                            -76.057391,
                            3.6612565
                        ],
                        [
                            -76.0574804,
                            3.6605427
                        ],
                        [
                            -76.0577486,
                            3.6593384
                        ],
                        [
                            -76.0583744,
                            3.6586692
                        ],
                        [
                            -76.0592237,
                            3.6584908
                        ],
                        [
                            -76.0611905,
                            3.6585354
                        ],
                        [
                            -76.0622186,
                            3.65858
                        ],
                        [
                            -76.0634255,
                            3.6583124
                        ],
                        [
                            -76.0644984,
                            3.6574202
                        ],
                        [
                            -76.0651242,
                            3.6562603
                        ],
                        [
                            -76.0658394,
                            3.6556358
                        ],
                        [
                            -76.0665993,
                            3.6546098
                        ],
                        [
                            -76.067724,
                            3.6537426
                        ],
                        [
                            -76.0682425,
                            3.6532768
                        ],
                        [
                            -76.0687449,
                            3.6521116
                        ],
                        [
                            -76.0695048,
                            3.6513087
                        ],
                        [
                            -76.0696836,
                            3.6503719
                        ],
                        [
                            -76.0696389,
                            3.6493012
                        ],
                        [
                            -76.0694834,
                            3.6479612
                        ],
                        [
                            -76.0699125,
                            3.6471814
                        ],
                        [
                            -76.0704113,
                            3.6466211
                        ],
                        [
                            -76.0715449,
                            3.6461357
                        ],
                        [
                            -76.0721868,
                            3.6459555
                        ],
                        [
                            -76.0732149,
                            3.6459109
                        ],
                        [
                            -76.0745559,
                            3.6452417
                        ],
                        [
                            -76.0754499,
                            3.6435019
                        ],
                        [
                            -76.0761205,
                            3.6421636
                        ],
                        [
                            -76.0765228,
                            3.6408253
                        ],
                        [
                            -76.0767016,
                            3.6389963
                        ],
                        [
                            -76.0764781,
                            3.6380595
                        ],
                        [
                            -76.0769252,
                            3.6374493
                        ],
                        [
                            -76.0773043,
                            3.6362108
                        ],
                        [
                            -76.0775438,
                            3.6353293
                        ],
                        [
                            -76.0779211,
                            3.6343319
                        ],
                        [
                            -76.0781016,
                            3.6334253
                        ],
                        [
                            -76.0780048,
                            3.6333343
                        ],
                        [
                            -76.0778117,
                            3.6330077
                        ],
                        [
                            -76.0776293,
                            3.6327775
                        ],
                        [
                            -76.0772538,
                            3.6324456
                        ],
                        [
                            -76.0771573,
                            3.6321404
                        ],
                        [
                            -76.0770661,
                            3.6318942
                        ],
                        [
                            -76.0769159,
                            3.6316051
                        ],
                        [
                            -76.076771,
                            3.6314284
                        ],
                        [
                            -76.0766852,
                            3.6312892
                        ],
                        [
                            -76.076712,
                            3.6310269
                        ],
                        [
                            -76.0768783,
                            3.6308288
                        ],
                        [
                            -76.0771948,
                            3.6306682
                        ],
                        [
                            -76.0773021,
                            3.6304273
                        ],
                        [
                            -76.0772002,
                            3.6302827
                        ],
                        [
                            -76.0770446,
                            3.6300418
                        ],
                        [
                            -76.0769695,
                            3.6298866
                        ],
                        [
                            -76.0769427,
                            3.6297447
                        ],
                        [
                            -76.0769641,
                            3.6295412
                        ],
                        [
                            -76.0770553,
                            3.6293084
                        ],
                        [
                            -76.0771278,
                            3.6291397
                        ],
                        [
                            -76.0772377,
                            3.6289497
                        ],
                        [
                            -76.0774094,
                            3.6288881
                        ],
                        [
                            -76.0775945,
                            3.6288105
                        ],
                        [
                            -76.0777071,
                            3.6286713
                        ],
                        [
                            -76.0778332,
                            3.6285696
                        ],
                        [
                            -76.0780236,
                            3.6284116
                        ],
                        [
                            -76.0780585,
                            3.6283554
                        ],
                        [
                            -76.0781926,
                            3.628152
                        ],
                        [
                            -76.0784581,
                            3.6281225
                        ],
                        [
                            -76.0786754,
                            3.6281868
                        ],
                        [
                            -76.0788497,
                            3.6281814
                        ],
                        [
                            -76.0789865,
                            3.6282805
                        ],
                        [
                            -76.0790509,
                            3.6284705
                        ],
                        [
                            -76.0791475,
                            3.6285696
                        ],
                        [
                            -76.0792682,
                            3.628872
                        ],
                        [
                            -76.0792521,
                            3.6291933
                        ],
                        [
                            -76.0793057,
                            3.6293913
                        ],
                        [
                            -76.0795605,
                            3.6296697
                        ],
                        [
                            -76.0797375,
                            3.6297902
                        ],
                        [
                            -76.07981,
                            3.6298116
                        ],
                        [
                            -76.0800299,
                            3.6298705
                        ],
                        [
                            -76.0801493,
                            3.6299883
                        ],
                        [
                            -76.0803209,
                            3.6300043
                        ],
                        [
                            -76.0804711,
                            3.6298638
                        ],
                        [
                            -76.080569,
                            3.6296965
                        ],
                        [
                            -76.0807152,
                            3.6295399
                        ],
                        [
                            -76.0809378,
                            3.6295024
                        ],
                        [
                            -76.0810035,
                            3.6295479
                        ],
                        [
                            -76.0811108,
                            3.6297447
                        ],
                        [
                            -76.0813737,
                            3.6299615
                        ],
                        [
                            -76.0815091,
                            3.6299722
                        ],
                        [
                            -76.0818122,
                            3.6298866
                        ],
                        [
                            -76.0821086,
                            3.6297621
                        ],
                        [
                            -76.0823138,
                            3.6297099
                        ],
                        [
                            -76.0825753,
                            3.6297982
                        ],
                        [
                            -76.0827845,
                            3.6298892
                        ],
                        [
                            -76.0829844,
                            3.6298437
                        ],
                        [
                            -76.0830608,
                            3.6297099
                        ],
                        [
                            -76.0830326,
                            3.6295948
                        ],
                        [
                            -76.0829978,
                            3.6294743
                        ],
                        [
                            -76.0829093,
                            3.6293365
                        ],
                        [
                            -76.0828878,
                            3.6292281
                        ],
                        [
                            -76.0829039,
                            3.6289336
                        ],
                        [
                            -76.0830407,
                            3.628765
                        ],
                        [
                            -76.0831949,
                            3.6286873
                        ],
                        [
                            -76.083274,
                            3.6285736
                        ],
                        [
                            -76.0833076,
                            3.6284491
                        ],
                        [
                            -76.0833035,
                            3.6283514
                        ],
                        [
                            -76.0832781,
                            3.6281988
                        ],
                        [
                            -76.0832097,
                            3.628061
                        ],
                        [
                            -76.0831372,
                            3.6279111
                        ],
                        [
                            -76.0831252,
                            3.6278254
                        ],
                        [
                            -76.0831279,
                            3.6276982
                        ],
                        [
                            -76.0832123,
                            3.6273088
                        ],
                        [
                            -76.0832606,
                            3.6272392
                        ],
                        [
                            -76.0834564,
                            3.6272044
                        ],
                        [
                            -76.0835946,
                            3.6271281
                        ],
                        [
                            -76.0836938,
                            3.6269434
                        ],
                        [
                            -76.0837877,
                            3.6267774
                        ],
                        [
                            -76.0838386,
                            3.6266797
                        ],
                        [
                            -76.0839567,
                            3.6263478
                        ],
                        [
                            -76.0839915,
                            3.6259034
                        ],
                        [
                            -76.0841739,
                            3.6257294
                        ],
                        [
                            -76.0843778,
                            3.6255849
                        ],
                        [
                            -76.0844904,
                            3.625451
                        ],
                        [
                            -76.0845486,
                            3.6253108
                        ],
                        [
                            -76.0848713,
                            3.6251379
                        ],
                        [
                            -76.0849563,
                            3.6249671
                        ],
                        [
                            -76.0851449,
                            3.6248862
                        ],
                        [
                            -76.0853112,
                            3.6248675
                        ],
                        [
                            -76.0854024,
                            3.624921
                        ],
                        [
                            -76.0855258,
                            3.6250013
                        ],
                        [
                            -76.0855499,
                            3.6250147
                        ],
                        [
                            -76.0857028,
                            3.6250067
                        ],
                        [
                            -76.0859308,
                            3.6248809
                        ],
                        [
                            -76.0862044,
                            3.6245141
                        ],
                        [
                            -76.0862553,
                            3.6241742
                        ],
                        [
                            -76.0863197,
                            3.6239948
                        ],
                        [
                            -76.0863385,
                            3.6238744
                        ],
                        [
                            -76.0864431,
                            3.6237887
                        ],
                        [
                            -76.0870922,
                            3.6237164
                        ],
                        [
                            -76.0872071,
                            3.6236082
                        ],
                        [
                            -76.0872375,
                            3.6230382
                        ],
                        [
                            -76.087359,
                            3.6225253
                        ],
                        [
                            -76.087565,
                            3.6223142
                        ],
                        [
                            -76.0879384,
                            3.6222
                        ],
                        [
                            -76.0883179,
                            3.6219845
                        ],
                        [
                            -76.0884266,
                            3.6219618
                        ],
                        [
                            -76.088727,
                            3.6217369
                        ],
                        [
                            -76.0890836,
                            3.6216427
                        ],
                        [
                            -76.090166,
                            3.6214813
                        ],
                        [
                            -76.0908653,
                            3.6216115
                        ],
                        [
                            -76.0915285,
                            3.6218534
                        ],
                        [
                            -76.0921232,
                            3.6221781
                        ],
                        [
                            -76.092833,
                            3.6225849
                        ],
                        [
                            -76.0942688,
                            3.6225796
                        ],
                        [
                            -76.0947472,
                            3.6225145
                        ],
                        [
                            -76.0949518,
                            3.6221799
                        ],
                        [
                            -76.0956545,
                            3.6216427
                        ],
                        [
                            -76.0967273,
                            3.6215981
                        ],
                        [
                            -76.0984706,
                            3.6213751
                        ],
                        [
                            -76.0997669,
                            3.6207059
                        ],
                        [
                            -76.1010633,
                            3.620126
                        ],
                        [
                            -76.1021808,
                            3.6196352
                        ],
                        [
                            -76.1027172,
                            3.618743
                        ],
                        [
                            -76.1033877,
                            3.6182523
                        ],
                        [
                            -76.1043264,
                            3.61852
                        ],
                        [
                            -76.1049522,
                            3.6189661
                        ],
                        [
                            -76.1059803,
                            3.6186538
                        ],
                        [
                            -76.1073213,
                            3.6182969
                        ],
                        [
                            -76.1087517,
                            3.6180292
                        ],
                        [
                            -76.1096421,
                            3.617634
                        ],
                        [
                            -76.1096898,
                            3.617383
                        ],
                        [
                            -76.1099023,
                            3.616939
                        ],
                        [
                            -76.1100385,
                            3.6161811
                        ],
                        [
                            -76.1101758,
                            3.6154177
                        ],
                        [
                            -76.1104006,
                            3.6150729
                        ],
                        [
                            -76.110756,
                            3.6152187
                        ],
                        [
                            -76.1113125,
                            3.6149149
                        ],
                        [
                            -76.1118808,
                            3.6152919
                        ],
                        [
                            -76.1127015,
                            3.6154614
                        ],
                        [
                            -76.1133648,
                            3.6158799
                        ],
                        [
                            -76.113634,
                            3.6158553
                        ],
                        [
                            -76.1141369,
                            3.6155306
                        ],
                        [
                            -76.1144756,
                            3.6151985
                        ],
                        [
                            -76.1147053,
                            3.6145815
                        ],
                        [
                            -76.114904,
                            3.6143729
                        ],
                        [
                            -76.1150381,
                            3.6143742
                        ],
                        [
                            -76.1153171,
                            3.6144492
                        ],
                        [
                            -76.1154673,
                            3.6145643
                        ],
                        [
                            -76.1155772,
                            3.6149404
                        ],
                        [
                            -76.1158455,
                            3.6150888
                        ],
                        [
                            -76.1161391,
                            3.6153874
                        ],
                        [
                            -76.1164669,
                            3.615514
                        ],
                        [
                            -76.1171703,
                            3.6156163
                        ],
                        [
                            -76.1177945,
                            3.6153878
                        ],
                        [
                            -76.1184672,
                            3.6147844
                        ],
                        [
                            -76.1195103,
                            3.6147858
                        ],
                        [
                            -76.1206641,
                            3.6151832
                        ],
                        [
                            -76.1207294,
                            3.615218
                        ],
                        [
                            -76.1207723,
                            3.615218
                        ],
                        [
                            -76.1208863,
                            3.6152099
                        ],
                        [
                            -76.1209359,
                            3.6151952
                        ],
                        [
                            -76.1209968,
                            3.6151724
                        ],
                        [
                            -76.1211711,
                            3.6151497
                        ],
                        [
                            -76.1214501,
                            3.6151095
                        ],
                        [
                            -76.121898,
                            3.6152193
                        ],
                        [
                            -76.1224639,
                            3.6153183
                        ],
                        [
                            -76.1226651,
                            3.6153478
                        ],
                        [
                            -76.122826,
                            3.6152112
                        ],
                        [
                            -76.1228502,
                            3.6151604
                        ],
                        [
                            -76.1229011,
                            3.6148097
                        ],
                        [
                            -76.123046,
                            3.614633
                        ],
                        [
                            -76.1234912,
                            3.6145019
                        ],
                        [
                            -76.1239928,
                            3.6142877
                        ],
                        [
                            -76.1243039,
                            3.6140977
                        ],
                        [
                            -76.124497,
                            3.6140655
                        ],
                        [
                            -76.1246762,
                            3.6140128
                        ],
                        [
                            -76.1250615,
                            3.6140088
                        ],
                        [
                            -76.1254465,
                            3.6140709
                        ],
                        [
                            -76.1259964,
                            3.6142984
                        ],
                        [
                            -76.1260765,
                            3.6143718
                        ],
                        [
                            -76.1261073,
                            3.6144099
                        ],
                        [
                            -76.1267397,
                            3.6151884
                        ],
                        [
                            -76.1269949,
                            3.6156885
                        ],
                        [
                            -76.1273628,
                            3.6160707
                        ],
                        [
                            -76.1276364,
                            3.616142
                        ],
                        [
                            -76.1278538,
                            3.616066
                        ],
                        [
                            -76.1280764,
                            3.615997
                        ],
                        [
                            -76.1285281,
                            3.615883
                        ],
                        [
                            -76.1291492,
                            3.6156217
                        ],
                        [
                            -76.1293869,
                            3.6156487
                        ],
                        [
                            -76.1295757,
                            3.6159295
                        ],
                        [
                            -76.1297796,
                            3.6162936
                        ],
                        [
                            -76.1298993,
                            3.6166242
                        ],
                        [
                            -76.1300396,
                            3.6168063
                        ],
                        [
                            -76.13033,
                            3.6170206
                        ],
                        [
                            -76.1308547,
                            3.6172619
                        ],
                        [
                            -76.1313523,
                            3.6173847
                        ],
                        [
                            -76.1318365,
                            3.6174274
                        ],
                        [
                            -76.1323159,
                            3.6173688
                        ],
                        [
                            -76.1325476,
                            3.6172572
                        ],
                        [
                            -76.132745,
                            3.6172252
                        ],
                        [
                            -76.1329633,
                            3.6171822
                        ],
                        [
                            -76.1330883,
                            3.6170788
                        ],
                        [
                            -76.1333582,
                            3.6167252
                        ],
                        [
                            -76.1336231,
                            3.6165692
                        ],
                        [
                            -76.1339097,
                            3.6165456
                        ],
                        [
                            -76.1342306,
                            3.6166884
                        ],
                        [
                            -76.1344913,
                            3.6167841
                        ],
                        [
                            -76.1350206,
                            3.616783
                        ],
                        [
                            -76.1352383,
                            3.6167762
                        ],
                        [
                            -76.1353961,
                            3.6167071
                        ],
                        [
                            -76.1355476,
                            3.6165492
                        ],
                        [
                            -76.1358825,
                            3.6165018
                        ],
                        [
                            -76.1361565,
                            3.6164943
                        ],
                        [
                            -76.1364325,
                            3.6165315
                        ],
                        [
                            -76.1365589,
                            3.6166084
                        ],
                        [
                            -76.1366696,
                            3.6166744
                        ],
                        [
                            -76.1369102,
                            3.6166843
                        ],
                        [
                            -76.1371085,
                            3.6166228
                        ],
                        [
                            -76.1381875,
                            3.6162041
                        ],
                        [
                            -76.1385586,
                            3.6163741
                        ],
                        [
                            -76.1387408,
                            3.6163203
                        ],
                        [
                            -76.1389789,
                            3.6161245
                        ],
                        [
                            -76.1395574,
                            3.6160543
                        ],
                        [
                            -76.1400437,
                            3.6158639
                        ],
                        [
                            -76.1403207,
                            3.6155717
                        ],
                        [
                            -76.1408682,
                            3.6148515
                        ],
                        [
                            -76.1410014,
                            3.6146698
                        ],
                        [
                            -76.1413439,
                            3.6145523
                        ],
                        [
                            -76.1417131,
                            3.6148112
                        ],
                        [
                            -76.1418548,
                            3.6150863
                        ],
                        [
                            -76.1420178,
                            3.6151824
                        ],
                        [
                            -76.1423361,
                            3.6149838
                        ],
                        [
                            -76.14259,
                            3.6147317
                        ],
                        [
                            -76.1428614,
                            3.6144161
                        ],
                        [
                            -76.1434601,
                            3.6146466
                        ],
                        [
                            -76.1442349,
                            3.6147425
                        ],
                        [
                            -76.1449001,
                            3.6147003
                        ],
                        [
                            -76.1453101,
                            3.6146364
                        ],
                        [
                            -76.1457309,
                            3.6143958
                        ],
                        [
                            -76.1461095,
                            3.614112
                        ],
                        [
                            -76.1464973,
                            3.613937
                        ],
                        [
                            -76.1468932,
                            3.6136256
                        ],
                        [
                            -76.147053,
                            3.6136487
                        ],
                        [
                            -76.147202,
                            3.6137575
                        ],
                        [
                            -76.1472847,
                            3.6142837
                        ],
                        [
                            -76.1475915,
                            3.6143149
                        ],
                        [
                            -76.1477264,
                            3.614349
                        ],
                        [
                            -76.1478244,
                            3.614297
                        ],
                        [
                            -76.1480711,
                            3.6141242
                        ],
                        [
                            -76.14825,
                            3.6139545
                        ],
                        [
                            -76.1484696,
                            3.6136518
                        ],
                        [
                            -76.1485784,
                            3.6133244
                        ],
                        [
                            -76.148985,
                            3.6130229
                        ],
                        [
                            -76.14937,
                            3.6126383
                        ],
                        [
                            -76.1496302,
                            3.6124241
                        ],
                        [
                            -76.1499082,
                            3.6125907
                        ],
                        [
                            -76.1501061,
                            3.6128188
                        ],
                        [
                            -76.1508247,
                            3.6128642
                        ],
                        [
                            -76.1515517,
                            3.6125803
                        ],
                        [
                            -76.1525632,
                            3.612391
                        ],
                        [
                            -76.1532456,
                            3.6121396
                        ],
                        [
                            -76.1537566,
                            3.6117176
                        ],
                        [
                            -76.154066,
                            3.6115665
                        ],
                        [
                            -76.1543968,
                            3.6112824
                        ],
                        [
                            -76.1544925,
                            3.6112495
                        ],
                        [
                            -76.1546087,
                            3.6113895
                        ],
                        [
                            -76.1544341,
                            3.6118082
                        ],
                        [
                            -76.1544424,
                            3.6119838
                        ],
                        [
                            -76.1545312,
                            3.6120476
                        ],
                        [
                            -76.1548925,
                            3.6120536
                        ],
                        [
                            -76.1552106,
                            3.611998
                        ],
                        [
                            -76.1559768,
                            3.6119809
                        ],
                        [
                            -76.1568136,
                            3.6112663
                        ],
                        [
                            -76.1578157,
                            3.6111131
                        ],
                        [
                            -76.1587931,
                            3.610994
                        ],
                        [
                            -76.1590585,
                            3.611253
                        ],
                        [
                            -76.1595045,
                            3.611329
                        ],
                        [
                            -76.1603301,
                            3.6111523
                        ],
                        [
                            -76.1610141,
                            3.6113674
                        ],
                        [
                            -76.1617567,
                            3.6106454
                        ],
                        [
                            -76.1623932,
                            3.6109084
                        ],
                        [
                            -76.1639267,
                            3.6108407
                        ],
                        [
                            -76.1648427,
                            3.6106189
                        ],
                        [
                            -76.1657121,
                            3.6108769
                        ],
                        [
                            -76.1662172,
                            3.6107523
                        ],
                        [
                            -76.1669028,
                            3.6103671
                        ],
                        [
                            -76.1681629,
                            3.6100959
                        ],
                        [
                            -76.1684972,
                            3.6097058
                        ],
                        [
                            -76.1690477,
                            3.609445
                        ],
                        [
                            -76.1695451,
                            3.6092059
                        ],
                        [
                            -76.1699968,
                            3.609071
                        ],
                        [
                            -76.1703296,
                            3.6089459
                        ],
                        [
                            -76.1705604,
                            3.6090332
                        ],
                        [
                            -76.1708327,
                            3.6089806
                        ],
                        [
                            -76.1713503,
                            3.6087641
                        ],
                        [
                            -76.1716079,
                            3.6088823
                        ],
                        [
                            -76.1719681,
                            3.6088828
                        ],
                        [
                            -76.172416,
                            3.6090015
                        ],
                        [
                            -76.1726034,
                            3.6091682
                        ],
                        [
                            -76.1729778,
                            3.6098852
                        ],
                        [
                            -76.1734578,
                            3.6100085
                        ],
                        [
                            -76.1740512,
                            3.6100672
                        ],
                        [
                            -76.1741976,
                            3.6101656
                        ],
                        [
                            -76.1743002,
                            3.6102346
                        ],
                        [
                            -76.1744043,
                            3.6104983
                        ],
                        [
                            -76.174752,
                            3.611003
                        ],
                        [
                            -76.1750996,
                            3.6111923
                        ],
                        [
                            -76.1754943,
                            3.6108479
                        ],
                        [
                            -76.1758134,
                            3.6107041
                        ],
                        [
                            -76.1763793,
                            3.6109883
                        ],
                        [
                            -76.1770718,
                            3.611281
                        ],
                        [
                            -76.1775884,
                            3.6118105
                        ],
                        [
                            -76.1776768,
                            3.612395
                        ],
                        [
                            -76.1778849,
                            3.6128246
                        ],
                        [
                            -76.1781021,
                            3.6131326
                        ],
                        [
                            -76.1781692,
                            3.6139206
                        ],
                        [
                            -76.1783236,
                            3.6145992
                        ],
                        [
                            -76.1786397,
                            3.6150093
                        ],
                        [
                            -76.179299,
                            3.6154034
                        ],
                        [
                            -76.1793509,
                            3.6157904
                        ],
                        [
                            -76.1795247,
                            3.6163342
                        ],
                        [
                            -76.1796478,
                            3.6163638
                        ],
                        [
                            -76.1797685,
                            3.6163886
                        ],
                        [
                            -76.1799462,
                            3.6163738
                        ],
                        [
                            -76.1801796,
                            3.6163377
                        ],
                        [
                            -76.1805055,
                            3.6163444
                        ],
                        [
                            -76.1809158,
                            3.6164488
                        ],
                        [
                            -76.1811975,
                            3.616517
                        ],
                        [
                            -76.1813892,
                            3.6165385
                        ],
                        [
                            -76.1816387,
                            3.6165719
                        ],
                        [
                            -76.1819391,
                            3.6167459
                        ],
                        [
                            -76.1822931,
                            3.616853
                        ],
                        [
                            -76.1825949,
                            3.6168356
                        ],
                        [
                            -76.1829744,
                            3.6166629
                        ],
                        [
                            -76.1833338,
                            3.6164515
                        ],
                        [
                            -76.1836168,
                            3.6162574
                        ],
                        [
                            -76.1837429,
                            3.6162574
                        ],
                        [
                            -76.1838596,
                            3.6162908
                        ],
                        [
                            -76.1839481,
                            3.6164073
                        ],
                        [
                            -76.1840205,
                            3.616588
                        ],
                        [
                            -76.18405,
                            3.6167406
                        ],
                        [
                            -76.1842324,
                            3.6168891
                        ],
                        [
                            -76.1844698,
                            3.6170016
                        ],
                        [
                            -76.1846642,
                            3.6169641
                        ],
                        [
                            -76.185371,
                            3.6169989
                        ],
                        [
                            -76.185548,
                            3.6170216
                        ],
                        [
                            -76.1856754,
                            3.6170979
                        ],
                        [
                            -76.1858337,
                            3.6172692
                        ],
                        [
                            -76.1859316,
                            3.6176467
                        ],
                        [
                            -76.1860496,
                            3.6179358
                        ],
                        [
                            -76.1861703,
                            3.6180857
                        ],
                        [
                            -76.1865243,
                            3.6183654
                        ],
                        [
                            -76.1868636,
                            3.6185595
                        ],
                        [
                            -76.1872579,
                            3.6187214
                        ],
                        [
                            -76.1874577,
                            3.6187375
                        ],
                        [
                            -76.1876884,
                            3.6187094
                        ],
                        [
                            -76.1879499,
                            3.6187308
                        ],
                        [
                            -76.1881444,
                            3.6187495
                        ],
                        [
                            -76.1883844,
                            3.6188044
                        ],
                        [
                            -76.1885923,
                            3.6188928
                        ],
                        [
                            -76.1887345,
                            3.6190453
                        ],
                        [
                            -76.1889115,
                            3.6192929
                        ],
                        [
                            -76.1891207,
                            3.6195031
                        ],
                        [
                            -76.1893675,
                            3.6196235
                        ],
                        [
                            -76.1895579,
                            3.6196088
                        ],
                        [
                            -76.1897993,
                            3.6194362
                        ],
                        [
                            -76.1900327,
                            3.6192755
                        ],
                        [
                            -76.1901829,
                            3.619226
                        ],
                        [
                            -76.1904641,
                            3.6190921
                        ],
                        [
                            -76.1905718,
                            3.6190025
                        ],
                        [
                            -76.190789,
                            3.6188807
                        ],
                        [
                            -76.1910023,
                            3.6187977
                        ],
                        [
                            -76.1912705,
                            3.6187991
                        ],
                        [
                            -76.1914583,
                            3.6189075
                        ],
                        [
                            -76.1916447,
                            3.6189557
                        ],
                        [
                            -76.1919183,
                            3.6190694
                        ],
                        [
                            -76.1922146,
                            3.6192702
                        ],
                        [
                            -76.192334,
                            3.6193719
                        ],
                        [
                            -76.1928222,
                            3.6197641
                        ],
                        [
                            -76.1929965,
                            3.6198618
                        ],
                        [
                            -76.1933398,
                            3.6200157
                        ],
                        [
                            -76.193769,
                            3.6203035
                        ],
                        [
                            -76.1941271,
                            3.6205551
                        ],
                        [
                            -76.1942779,
                            3.6206432
                        ],
                        [
                            -76.1944757,
                            3.6207559
                        ],
                        [
                            -76.1947078,
                            3.6208455
                        ],
                        [
                            -76.1949317,
                            3.6208402
                        ],
                        [
                            -76.1953072,
                            3.6207425
                        ],
                        [
                            -76.1954735,
                            3.6205685
                        ],
                        [
                            -76.1955526,
                            3.620191
                        ],
                        [
                            -76.1955057,
                            3.6199515
                        ],
                        [
                            -76.1955044,
                            3.6196851
                        ],
                        [
                            -76.1956599,
                            3.6194576
                        ],
                        [
                            -76.1959751,
                            3.6193746
                        ],
                        [
                            -76.1963385,
                            3.6193853
                        ],
                        [
                            -76.1968307,
                            3.6193759
                        ],
                        [
                            -76.1973001,
                            3.6193103
                        ],
                        [
                            -76.1979599,
                            3.6191096
                        ],
                        [
                            -76.1984977,
                            3.6189851
                        ],
                        [
                            -76.1988813,
                            3.6189409
                        ],
                        [
                            -76.1990999,
                            3.6189891
                        ],
                        [
                            -76.1994351,
                            3.6191591
                        ],
                        [
                            -76.1997798,
                            3.6193719
                        ],
                        [
                            -76.2002707,
                            3.6197922
                        ],
                        [
                            -76.2004933,
                            3.6199956
                        ],
                        [
                            -76.2007561,
                            3.6200679
                        ],
                        [
                            -76.2011021,
                            3.6200358
                        ],
                        [
                            -76.2014589,
                            3.6199421
                        ],
                        [
                            -76.2019926,
                            3.6199581
                        ],
                        [
                            -76.2024969,
                            3.620084
                        ],
                        [
                            -76.202918,
                            3.6204212
                        ],
                        [
                            -76.2031433,
                            3.6206515
                        ],
                        [
                            -76.2036127,
                            3.6208094
                        ],
                        [
                            -76.2040794,
                            3.6207157
                        ],
                        [
                            -76.2043932,
                            3.6204293
                        ],
                        [
                            -76.204479,
                            3.6202419
                        ],
                        [
                            -76.2047714,
                            3.6203918
                        ],
                        [
                            -76.2050772,
                            3.6207799
                        ],
                        [
                            -76.2057424,
                            3.6208469
                        ],
                        [
                            -76.2063995,
                            3.6206354
                        ],
                        [
                            -76.2070888,
                            3.6204453
                        ],
                        [
                            -76.2076628,
                            3.6205337
                        ],
                        [
                            -76.2080705,
                            3.6209968
                        ],
                        [
                            -76.2085533,
                            3.6212189
                        ],
                        [
                            -76.2090415,
                            3.6211681
                        ],
                        [
                            -76.2095323,
                            3.6205578
                        ],
                        [
                            -76.2102646,
                            3.6205497
                        ],
                        [
                            -76.2108868,
                            3.6207371
                        ],
                        [
                            -76.2114608,
                            3.620448
                        ],
                        [
                            -76.2118578,
                            3.6202472
                        ],
                        [
                            -76.2120024,
                            3.6203012
                        ],
                        [
                            -76.2125284,
                            3.6205069
                        ],
                        [
                            -76.2129709,
                            3.6203597
                        ],
                        [
                            -76.2132847,
                            3.6201696
                        ],
                        [
                            -76.2136254,
                            3.6199394
                        ],
                        [
                            -76.2139633,
                            3.6199555
                        ],
                        [
                            -76.2144166,
                            3.6203811
                        ],
                        [
                            -76.2149155,
                            3.6209165
                        ],
                        [
                            -76.2155351,
                            3.6209379
                        ],
                        [
                            -76.2158221,
                            3.6206675
                        ],
                        [
                            -76.2159455,
                            3.6202258
                        ],
                        [
                            -76.2167609,
                            3.6202981
                        ],
                        [
                            -76.2174931,
                            3.6204721
                        ],
                        [
                            -76.2183407,
                            3.6207933
                        ],
                        [
                            -76.2188718,
                            3.6212404
                        ],
                        [
                            -76.2193707,
                            3.6214197
                        ],
                        [
                            -76.2200117,
                            3.6213849
                        ],
                        [
                            -76.2203282,
                            3.6212136
                        ],
                        [
                            -76.220803,
                            3.6210021
                        ],
                        [
                            -76.220874,
                            3.6209713
                        ],
                        [
                            -76.2214534,
                            3.621061
                        ],
                        [
                            -76.2217981,
                            3.6211708
                        ],
                        [
                            -76.2220795,
                            3.6212851
                        ],
                        [
                            -76.2224686,
                            3.6214625
                        ],
                        [
                            -76.2227905,
                            3.6214304
                        ],
                        [
                            -76.2231083,
                            3.6214184
                        ],
                        [
                            -76.2233256,
                            3.621401
                        ],
                        [
                            -76.2237561,
                            3.6212002
                        ],
                        [
                            -76.2239385,
                            3.621156
                        ],
                        [
                            -76.2245192,
                            3.6211574
                        ],
                        [
                            -76.2249295,
                            3.6212711
                        ],
                        [
                            -76.225183,
                            3.6214652
                        ],
                        [
                            -76.2253667,
                            3.6215897
                        ],
                        [
                            -76.2256202,
                            3.6216646
                        ],
                        [
                            -76.2259153,
                            3.6216044
                        ],
                        [
                            -76.2262318,
                            3.6213367
                        ],
                        [
                            -76.2263927,
                            3.6210905
                        ],
                        [
                            -76.2264664,
                            3.6209191
                        ],
                        [
                            -76.2265536,
                            3.620784
                        ],
                        [
                            -76.2266555,
                            3.6206568
                        ],
                        [
                            -76.2267427,
                            3.6205337
                        ],
                        [
                            -76.2268339,
                            3.620456
                        ],
                        [
                            -76.227314,
                            3.6204922
                        ],
                        [
                            -76.2276118,
                            3.6204092
                        ],
                        [
                            -76.227947,
                            3.6201362
                        ],
                        [
                            -76.2281683,
                            3.61991
                        ],
                        [
                            -76.2285505,
                            3.6194897
                        ],
                        [
                            -76.2288402,
                            3.6194228
                        ],
                        [
                            -76.2291513,
                            3.6194656
                        ],
                        [
                            -76.2294008,
                            3.6196276
                        ],
                        [
                            -76.2296288,
                            3.6199863
                        ],
                        [
                            -76.2297133,
                            3.6202151
                        ],
                        [
                            -76.229791,
                            3.6204788
                        ],
                        [
                            -76.2299761,
                            3.6207124
                        ],
                        [
                            -76.2301719,
                            3.6208589
                        ],
                        [
                            -76.2304308,
                            3.6209419
                        ],
                        [
                            -76.2306386,
                            3.6209432
                        ],
                        [
                            -76.2308157,
                            3.6208428
                        ],
                        [
                            -76.2309337,
                            3.6206809
                        ],
                        [
                            -76.2310369,
                            3.6206019
                        ],
                        [
                            -76.2311482,
                            3.6206059
                        ],
                        [
                            -76.2313628,
                            3.6206381
                        ],
                        [
                            -76.2315298,
                            3.6207311
                        ],
                        [
                            -76.2318027,
                            3.6208355
                        ],
                        [
                            -76.2318912,
                            3.6208515
                        ],
                        [
                            -76.232144,
                            3.6209928
                        ],
                        [
                            -76.2323197,
                            3.621136
                        ],
                        [
                            -76.23237,
                            3.621233
                        ],
                        [
                            -76.2324645,
                            3.6214016
                        ],
                        [
                            -76.2325457,
                            3.6215268
                        ],
                        [
                            -76.232657,
                            3.6216472
                        ],
                        [
                            -76.2327348,
                            3.6216727
                        ],
                        [
                            -76.2329051,
                            3.621591
                        ],
                        [
                            -76.2331961,
                            3.6214947
                        ],
                        [
                            -76.2333919,
                            3.6213006
                        ],
                        [
                            -76.233463,
                            3.6211467
                        ],
                        [
                            -76.2335502,
                            3.6209901
                        ],
                        [
                            -76.2336159,
                            3.6209151
                        ],
                        [
                            -76.2337822,
                            3.6209339
                        ],
                        [
                            -76.2339874,
                            3.6210289
                        ],
                        [
                            -76.2342288,
                            3.6211319
                        ],
                        [
                            -76.2343521,
                            3.6211748
                        ],
                        [
                            -76.2346941,
                            3.621136
                        ],
                        [
                            -76.2349865,
                            3.6210717
                        ],
                        [
                            -76.2353164,
                            3.6209017
                        ],
                        [
                            -76.2354559,
                            3.620895
                        ],
                        [
                            -76.2356919,
                            3.6209593
                        ],
                        [
                            -76.2359937,
                            3.6211239
                        ],
                        [
                            -76.236231,
                            3.6211601
                        ],
                        [
                            -76.2363839,
                            3.621069
                        ],
                        [
                            -76.2364282,
                            3.6209084
                        ],
                        [
                            -76.236455,
                            3.6207973
                        ],
                        [
                            -76.2365462,
                            3.6206863
                        ],
                        [
                            -76.2366736,
                            3.6205979
                        ],
                        [
                            -76.2368037,
                            3.6206515
                        ],
                        [
                            -76.2368506,
                            3.6208254
                        ],
                        [
                            -76.2369378,
                            3.620895
                        ],
                        [
                            -76.2370169,
                            3.6209191
                        ],
                        [
                            -76.237261,
                            3.620891
                        ],
                        [
                            -76.2374528,
                            3.6207572
                        ],
                        [
                            -76.2377116,
                            3.6205859
                        ],
                        [
                            -76.2379262,
                            3.6205778
                        ],
                        [
                            -76.2381341,
                            3.6205537
                        ],
                        [
                            -76.2382722,
                            3.6206501
                        ],
                        [
                            -76.2384385,
                            3.6208335
                        ],
                        [
                            -76.2385713,
                            3.6209432
                        ],
                        [
                            -76.2387416,
                            3.6209499
                        ],
                        [
                            -76.239097,
                            3.6210798
                        ],
                        [
                            -76.2393773,
                            3.6211065
                        ],
                        [
                            -76.2394926,
                            3.6211012
                        ],
                        [
                            -76.2395597,
                            3.6210195
                        ],
                        [
                            -76.2396505,
                            3.62097
                        ],
                        [
                            -76.2397202,
                            3.6209037
                        ],
                        [
                            -76.2397498,
                            3.6208509
                        ],
                        [
                            -76.2397565,
                            3.62079
                        ],
                        [
                            -76.2397813,
                            3.6207582
                        ],
                        [
                            -76.2399201,
                            3.6207117
                        ],
                        [
                            -76.240196,
                            3.6207759
                        ],
                        [
                            -76.2404622,
                            3.6209406
                        ],
                        [
                            -76.2406392,
                            3.6211319
                        ],
                        [
                            -76.2408257,
                            3.6213581
                        ],
                        [
                            -76.241063,
                            3.6214625
                        ],
                        [
                            -76.2412615,
                            3.6214251
                        ],
                        [
                            -76.2414613,
                            3.6214518
                        ],
                        [
                            -76.241641,
                            3.6215562
                        ],
                        [
                            -76.2418529,
                            3.621662
                        ],
                        [
                            -76.2420058,
                            3.6217195
                        ],
                        [
                            -76.2422794,
                            3.6217557
                        ],
                        [
                            -76.2425919,
                            3.6217583
                        ],
                        [
                            -76.2429111,
                            3.6217316
                        ],
                        [
                            -76.2432571,
                            3.6214987
                        ],
                        [
                            -76.2436111,
                            3.6215629
                        ],
                        [
                            -76.2438083,
                            3.621504
                        ],
                        [
                            -76.2439759,
                            3.6213729
                        ],
                        [
                            -76.2440403,
                            3.6212792
                        ],
                        [
                            -76.2440845,
                            3.6210918
                        ],
                        [
                            -76.2441181,
                            3.6209245
                        ],
                        [
                            -76.2442374,
                            3.620883
                        ],
                        [
                            -76.2444788,
                            3.6209365
                        ],
                        [
                            -76.2446398,
                            3.6210771
                        ],
                        [
                            -76.2447484,
                            3.621227
                        ],
                        [
                            -76.2448101,
                            3.6212885
                        ],
                        [
                            -76.2450273,
                            3.6213595
                        ],
                        [
                            -76.2452634,
                            3.6213434
                        ],
                        [
                            -76.2454256,
                            3.6212591
                        ],
                        [
                            -76.245549,
                            3.6210744
                        ],
                        [
                            -76.2456818,
                            3.6207947
                        ],
                        [
                            -76.2458052,
                            3.6207063
                        ],
                        [
                            -76.2460761,
                            3.6208121
                        ],
                        [
                            -76.2461793,
                            3.6208308
                        ],
                        [
                            -76.2465468,
                            3.6206796
                        ],
                        [
                            -76.2466849,
                            3.6205738
                        ],
                        [
                            -76.2468901,
                            3.6203597
                        ],
                        [
                            -76.2472576,
                            3.6203329
                        ],
                        [
                            -76.2478289,
                            3.6202981
                        ],
                        [
                            -76.2480515,
                            3.6203329
                        ],
                        [
                            -76.2485491,
                            3.6203383
                        ],
                        [
                            -76.2488092,
                            3.6203048
                        ],
                        [
                            -76.2490051,
                            3.6202218
                        ],
                        [
                            -76.2491821,
                            3.6201107
                        ],
                        [
                            -76.2493739,
                            3.6201067
                        ],
                        [
                            -76.2496756,
                            3.6202084
                        ],
                        [
                            -76.2500055,
                            3.6203918
                        ],
                        [
                            -76.2502898,
                            3.6205885
                        ],
                        [
                            -76.2504333,
                            3.6206689
                        ],
                        [
                            -76.2505943,
                            3.6205912
                        ],
                        [
                            -76.250829,
                            3.6203289
                        ],
                        [
                            -76.251002,
                            3.620005
                        ],
                        [
                            -76.2511803,
                            3.6195339
                        ],
                        [
                            -76.251238,
                            3.6191591
                        ],
                        [
                            -76.2512179,
                            3.6189262
                        ],
                        [
                            -76.2511428,
                            3.6187495
                        ],
                        [
                            -76.2509751,
                            3.6184805
                        ],
                        [
                            -76.2507726,
                            3.6182476
                        ],
                        [
                            -76.2506264,
                            3.6179411
                        ],
                        [
                            -76.2505876,
                            3.6176587
                        ],
                        [
                            -76.2506224,
                            3.6174834
                        ],
                        [
                            -76.2508759,
                            3.617304
                        ],
                        [
                            -76.2510958,
                            3.6173094
                        ],
                        [
                            -76.2512849,
                            3.6174138
                        ],
                        [
                            -76.2514137,
                            3.617565
                        ],
                        [
                            -76.2519662,
                            3.6179197
                        ],
                        [
                            -76.2521647,
                            3.6181151
                        ],
                        [
                            -76.2521902,
                            3.6183895
                        ],
                        [
                            -76.2522505,
                            3.6185381
                        ],
                        [
                            -76.2524249,
                            3.6185421
                        ],
                        [
                            -76.2527011,
                            3.6182731
                        ],
                        [
                            -76.2528098,
                            3.6180188
                        ],
                        [
                            -76.2529533,
                            3.6177685
                        ],
                        [
                            -76.2531611,
                            3.6175637
                        ],
                        [
                            -76.2533771,
                            3.6174633
                        ],
                        [
                            -76.2536962,
                            3.6175209
                        ],
                        [
                            -76.2538545,
                            3.6174379
                        ],
                        [
                            -76.2539551,
                            3.6171822
                        ],
                        [
                            -76.2539497,
                            3.6169293
                        ],
                        [
                            -76.2539752,
                            3.6166442
                        ],
                        [
                            -76.254006,
                            3.6164983
                        ],
                        [
                            -76.2542836,
                            3.6162975
                        ],
                        [
                            -76.2545492,
                            3.6161182
                        ],
                        [
                            -76.2548831,
                            3.6157233
                        ],
                        [
                            -76.2549073,
                            3.6154142
                        ],
                        [
                            -76.2550199,
                            3.6151224
                        ],
                        [
                            -76.2551688,
                            3.6146165
                        ],
                        [
                            -76.255374,
                            3.6143996
                        ],
                        [
                            -76.2556475,
                            3.6144077
                        ],
                        [
                            -76.2557843,
                            3.6145843
                        ],
                        [
                            -76.2558353,
                            3.614765
                        ],
                        [
                            -76.2558863,
                            3.6149725
                        ],
                        [
                            -76.2560324,
                            3.6150528
                        ],
                        [
                            -76.256247,
                            3.6149404
                        ],
                        [
                            -76.2564053,
                            3.6147476
                        ],
                        [
                            -76.2564415,
                            3.6143448
                        ],
                        [
                            -76.2565085,
                            3.6140784
                        ],
                        [
                            -76.2566561,
                            3.6137706
                        ],
                        [
                            -76.2568545,
                            3.613614
                        ],
                        [
                            -76.2571603,
                            3.6135404
                        ],
                        [
                            -76.2575077,
                            3.6135792
                        ],
                        [
                            -76.2576967,
                            3.6136274
                        ],
                        [
                            -76.2580602,
                            3.6138121
                        ],
                        [
                            -76.2583351,
                            3.6138549
                        ],
                        [
                            -76.2585913,
                            3.6137023
                        ],
                        [
                            -76.2586717,
                            3.6133784
                        ],
                        [
                            -76.2588099,
                            3.6130906
                        ],
                        [
                            -76.2589118,
                            3.6127507
                        ],
                        [
                            -76.25907,
                            3.6124763
                        ],
                        [
                            -76.259243,
                            3.6123157
                        ],
                        [
                            -76.2593906,
                            3.6123317
                        ],
                        [
                            -76.2594777,
                            3.6124629
                        ],
                        [
                            -76.2596011,
                            3.6128189
                        ],
                        [
                            -76.2597138,
                            3.6130732
                        ],
                        [
                            -76.2598747,
                            3.6132914
                        ],
                        [
                            -76.2599739,
                            3.613369
                        ],
                        [
                            -76.2601738,
                            3.6132847
                        ],
                        [
                            -76.2603548,
                            3.61293
                        ],
                        [
                            -76.2605654,
                            3.6124308
                        ],
                        [
                            -76.2606445,
                            3.6121738
                        ],
                        [
                            -76.260666,
                            3.6117977
                        ],
                        [
                            -76.2607746,
                            3.6115568
                        ],
                        [
                            -76.2609033,
                            3.6114055
                        ],
                        [
                            -76.2611488,
                            3.6113226
                        ],
                        [
                            -76.2613526,
                            3.6114002
                        ],
                        [
                            -76.2615283,
                            3.611601
                        ],
                        [
                            -76.2617201,
                            3.6118178
                        ],
                        [
                            -76.2619802,
                            3.6120721
                        ],
                        [
                            -76.2621439,
                            3.6120614
                        ],
                        [
                            -76.2622525,
                            3.6119075
                        ],
                        [
                            -76.2623705,
                            3.6116358
                        ],
                        [
                            -76.2625569,
                            3.611356
                        ],
                        [
                            -76.2628198,
                            3.6111539
                        ],
                        [
                            -76.2633683,
                            3.6109572
                        ],
                        [
                            -76.2637331,
                            3.6108862
                        ],
                        [
                            -76.2639852,
                            3.6109197
                        ],
                        [
                            -76.2642896,
                            3.6109157
                        ],
                        [
                            -76.2646464,
                            3.6109746
                        ],
                        [
                            -76.2651452,
                            3.6110509
                        ],
                        [
                            -76.2653236,
                            3.6111526
                        ],
                        [
                            -76.265502,
                            3.611186
                        ],
                        [
                            -76.265907,
                            3.6113119
                        ],
                        [
                            -76.2662342,
                            3.6112503
                        ],
                        [
                            -76.2665507,
                            3.6111272
                        ],
                        [
                            -76.266772,
                            3.6110214
                        ],
                        [
                            -76.2670268,
                            3.6107564
                        ],
                        [
                            -76.2671623,
                            3.6105396
                        ],
                        [
                            -76.2671636,
                            3.610399
                        ],
                        [
                            -76.2670966,
                            3.6102076
                        ],
                        [
                            -76.2670992,
                            3.6100551
                        ],
                        [
                            -76.2671877,
                            3.6098489
                        ],
                        [
                            -76.2674171,
                            3.6097044
                        ],
                        [
                            -76.2677403,
                            3.6096629
                        ],
                        [
                            -76.2681238,
                            3.6096776
                        ],
                        [
                            -76.2684765,
                            3.6097994
                        ],
                        [
                            -76.2686522,
                            3.609944
                        ],
                        [
                            -76.2688883,
                            3.6100377
                        ],
                        [
                            -76.2691712,
                            3.6100002
                        ],
                        [
                            -76.269713,
                            3.6097941
                        ],
                        [
                            -76.2701999,
                            3.6096
                        ],
                        [
                            -76.2706813,
                            3.6094969
                        ],
                        [
                            -76.2710018,
                            3.609422
                        ],
                        [
                            -76.2713331,
                            3.609331
                        ],
                        [
                            -76.2716563,
                            3.6093203
                        ],
                        [
                            -76.2721029,
                            3.6092962
                        ],
                        [
                            -76.2726058,
                            3.6091061
                        ],
                        [
                            -76.2728848,
                            3.6090512
                        ],
                        [
                            -76.2732321,
                            3.6089201
                        ],
                        [
                            -76.2736358,
                            3.6088116
                        ],
                        [
                            -76.2737645,
                            3.6086965
                        ],
                        [
                            -76.2738208,
                            3.6085011
                        ],
                        [
                            -76.2737592,
                            3.608287
                        ],
                        [
                            -76.2736774,
                            3.6080287
                        ],
                        [
                            -76.2736546,
                            3.6078025
                        ],
                        [
                            -76.273782,
                            3.6076766
                        ],
                        [
                            -76.274081,
                            3.6076258
                        ],
                        [
                            -76.2743908,
                            3.6077329
                        ],
                        [
                            -76.2746751,
                            3.6078319
                        ],
                        [
                            -76.2749796,
                            3.6077677
                        ],
                        [
                            -76.2753376,
                            3.6075107
                        ],
                        [
                            -76.2755723,
                            3.6073849
                        ],
                        [
                            -76.2758821,
                            3.6072858
                        ],
                        [
                            -76.2760189,
                            3.6071921
                        ],
                        [
                            -76.2760833,
                            3.6070047
                        ],
                        [
                            -76.2761597,
                            3.6068495
                        ],
                        [
                            -76.2762013,
                            3.6063676
                        ],
                        [
                            -76.2762,
                            3.6060156
                        ],
                        [
                            -76.2762389,
                            3.6057412
                        ],
                        [
                            -76.2763368,
                            3.6054468
                        ],
                        [
                            -76.2765178,
                            3.6052634
                        ],
                        [
                            -76.2767458,
                            3.6051818
                        ],
                        [
                            -76.2769134,
                            3.6052166
                        ],
                        [
                            -76.2771307,
                            3.6054066
                        ],
                        [
                            -76.2772219,
                            3.6055967
                        ],
                        [
                            -76.2772903,
                            3.6057961
                        ],
                        [
                            -76.2775478,
                            3.6061588
                        ],
                        [
                            -76.2777959,
                            3.6064868
                        ],
                        [
                            -76.2780252,
                            3.6067023
                        ],
                        [
                            -76.2783471,
                            3.6068321
                        ],
                        [
                            -76.2786153,
                            3.6067893
                        ],
                        [
                            -76.2787803,
                            3.606733
                        ],
                        [
                            -76.2788969,
                            3.606717
                        ],
                        [
                            -76.2789358,
                            3.6065938
                        ],
                        [
                            -76.2788728,
                            3.606373
                        ],
                        [
                            -76.2787588,
                            3.60612
                        ],
                        [
                            -76.2786448,
                            3.6059875
                        ],
                        [
                            -76.2786274,
                            3.6056449
                        ],
                        [
                            -76.27874,
                            3.6053745
                        ],
                        [
                            -76.2789211,
                            3.6051483
                        ],
                        [
                            -76.279192,
                            3.6049569
                        ],
                        [
                            -76.2793905,
                            3.6047548
                        ],
                        [
                            -76.279534,
                            3.6043613
                        ],
                        [
                            -76.2795353,
                            3.6040307
                        ],
                        [
                            -76.2795541,
                            3.6037483
                        ],
                        [
                            -76.2797982,
                            3.6034833
                        ],
                        [
                            -76.2803198,
                            3.6032236
                        ],
                        [
                            -76.2804593,
                            3.6031326
                        ],
                        [
                            -76.2807302,
                            3.6030643
                        ],
                        [
                            -76.2810145,
                            3.6029894
                        ],
                        [
                            -76.2813203,
                            3.6028703
                        ],
                        [
                            -76.281496,
                            3.60279
                        ],
                        [
                            -76.2817857,
                            3.6029372
                        ],
                        [
                            -76.2819761,
                            3.6032598
                        ],
                        [
                            -76.2820472,
                            3.6034164
                        ],
                        [
                            -76.2821639,
                            3.6037684
                        ],
                        [
                            -76.2823342,
                            3.6042917
                        ],
                        [
                            -76.2824146,
                            3.604641
                        ],
                        [
                            -76.2825327,
                            3.6048713
                        ],
                        [
                            -76.2827244,
                            3.6051644
                        ],
                        [
                            -76.2829095,
                            3.6053504
                        ],
                        [
                            -76.2830208,
                            3.6054856
                        ],
                        [
                            -76.2830383,
                            3.6056797
                        ],
                        [
                            -76.2831576,
                            3.6058818
                        ],
                        [
                            -76.2833655,
                            3.6061133
                        ],
                        [
                            -76.2836324,
                            3.606211
                        ],
                        [
                            -76.2839985,
                            3.6062365
                        ],
                        [
                            -76.2843123,
                            3.6059634
                        ],
                        [
                            -76.2845242,
                            3.6055378
                        ],
                        [
                            -76.2844947,
                            3.6048686
                        ],
                        [
                            -76.2841594,
                            3.6041967
                        ],
                        [
                            -76.2837276,
                            3.6036586
                        ],
                        [
                            -76.2837437,
                            3.6033668
                        ],
                        [
                            -76.2838912,
                            3.603225
                        ],
                        [
                            -76.2842117,
                            3.6033521
                        ],
                        [
                            -76.2846757,
                            3.6034471
                        ],
                        [
                            -76.2851827,
                            3.6034793
                        ],
                        [
                            -76.2854844,
                            3.6035248
                        ],
                        [
                            -76.285876,
                            3.603684
                        ],
                        [
                            -76.2860893,
                            3.6038661
                        ],
                        [
                            -76.2862918,
                            3.604115
                        ],
                        [
                            -76.2862784,
                            3.6042168
                        ],
                        [
                            -76.2863374,
                            3.6044938
                        ],
                        [
                            -76.2864098,
                            3.6047575
                        ],
                        [
                            -76.2864044,
                            3.6048565
                        ],
                        [
                            -76.2864819,
                            3.6051538
                        ],
                        [
                            -76.2866431,
                            3.6053611
                        ],
                        [
                            -76.2867491,
                            3.6054441
                        ],
                        [
                            -76.2869033,
                            3.6054722
                        ],
                        [
                            -76.2870455,
                            3.6054682
                        ],
                        [
                            -76.2872775,
                            3.6054575
                        ],
                        [
                            -76.2876865,
                            3.6053303
                        ],
                        [
                            -76.2880419,
                            3.6051416
                        ],
                        [
                            -76.288282,
                            3.6049047
                        ],
                        [
                            -76.2884577,
                            3.6045888
                        ],
                        [
                            -76.2887849,
                            3.6039919
                        ],
                        [
                            -76.2890022,
                            3.603577
                        ],
                        [
                            -76.2891027,
                            3.6035783
                        ],
                        [
                            -76.2893602,
                            3.6037791
                        ],
                        [
                            -76.2895829,
                            3.6041646
                        ],
                        [
                            -76.2897344,
                            3.6043212
                        ],
                        [
                            -76.2899302,
                            3.6046491
                        ],
                        [
                            -76.2902279,
                            3.6048164
                        ],
                        [
                            -76.2905444,
                            3.6051095
                        ],
                        [
                            -76.2906852,
                            3.6052193
                        ],
                        [
                            -76.2908649,
                            3.6052621
                        ],
                        [
                            -76.2911922,
                            3.6051523
                        ],
                        [
                            -76.291392,
                            3.6049609
                        ],
                        [
                            -76.2915476,
                            3.6047039
                        ],
                        [
                            -76.291561,
                            3.604546
                        ],
                        [
                            -76.2916656,
                            3.6041846
                        ],
                        [
                            -76.2916763,
                            3.6040414
                        ],
                        [
                            -76.2916669,
                            3.603664
                        ],
                        [
                            -76.2917635,
                            3.6033267
                        ],
                        [
                            -76.2919787,
                            3.6031179
                        ],
                        [
                            -76.2920686,
                            3.603051
                        ],
                        [
                            -76.2922295,
                            3.6031145
                        ],
                        [
                            -76.2922912,
                            3.6032437
                        ],
                        [
                            -76.2923938,
                            3.6033601
                        ],
                        [
                            -76.2926305,
                            3.6034505
                        ],
                        [
                            -76.292776,
                            3.6034217
                        ],
                        [
                            -76.2935069,
                            3.6031125
                        ],
                        [
                            -76.2938784,
                            3.6030684
                        ],
                        [
                            -76.2942646,
                            3.6031674
                        ],
                        [
                            -76.2945677,
                            3.6033213
                        ],
                        [
                            -76.2952115,
                            3.6036586
                        ],
                        [
                            -76.2954193,
                            3.6037162
                        ],
                        [
                            -76.2956755,
                            3.6036412
                        ],
                        [
                            -76.2961704,
                            3.603763
                        ],
                        [
                            -76.2962897,
                            3.6038969
                        ],
                        [
                            -76.2963219,
                            3.6039919
                        ],
                        [
                            -76.2960792,
                            3.6042087
                        ],
                        [
                            -76.2959974,
                            3.6043225
                        ],
                        [
                            -76.2958619,
                            3.6047441
                        ],
                        [
                            -76.2958592,
                            3.6050412
                        ],
                        [
                            -76.2958981,
                            3.6052648
                        ],
                        [
                            -76.2959491,
                            3.6055244
                        ],
                        [
                            -76.2959906,
                            3.6056235
                        ],
                        [
                            -76.2961704,
                            3.6057613
                        ],
                        [
                            -76.2963876,
                            3.6058791
                        ],
                        [
                            -76.2968483,
                            3.6060112
                        ],
                        [
                            -76.2971239,
                            3.6060571
                        ],
                        [
                            -76.2975973,
                            3.6060504
                        ],
                        [
                            -76.2980452,
                            3.6060411
                        ],
                        [
                            -76.2984449,
                            3.6060772
                        ],
                        [
                            -76.2987748,
                            3.6059982
                        ],
                        [
                            -76.2990849,
                            3.6057203
                        ],
                        [
                            -76.2990725,
                            3.6055565
                        ],
                        [
                            -76.2989384,
                            3.6052929
                        ],
                        [
                            -76.2990645,
                            3.6051376
                        ],
                        [
                            -76.2993327,
                            3.6050573
                        ],
                        [
                            -76.2996037,
                            3.6051081
                        ],
                        [
                            -76.2998477,
                            3.6055284
                        ],
                        [
                            -76.3000542,
                            3.6059554
                        ],
                        [
                            -76.3004592,
                            3.6069512
                        ],
                        [
                            -76.3006771,
                            3.607148
                        ],
                        [
                            -76.3008991,
                            3.6072048
                        ],
                        [
                            -76.3010989,
                            3.6070623
                        ],
                        [
                            -76.3013122,
                            3.6067531
                        ],
                        [
                            -76.30153,
                            3.6062839
                        ],
                        [
                            -76.3019733,
                            3.6058831
                        ],
                        [
                            -76.3024105,
                            3.6058604
                        ],
                        [
                            -76.3028061,
                            3.6059367
                        ],
                        [
                            -76.3032447,
                            3.6060196
                        ],
                        [
                            -76.3037315,
                            3.6060812
                        ],
                        [
                            -76.304107,
                            3.6061977
                        ],
                        [
                            -76.3044007,
                            3.6062351
                        ],
                        [
                            -76.3048714,
                            3.6061963
                        ],
                        [
                            -76.3054575,
                            3.606211
                        ],
                        [
                            -76.3059564,
                            3.6063502
                        ],
                        [
                            -76.3062702,
                            3.6066273
                        ],
                        [
                            -76.3063601,
                            3.6067344
                        ],
                        [
                            -76.3063695,
                            3.6070114
                        ],
                        [
                            -76.3063051,
                            3.6072791
                        ],
                        [
                            -76.3060986,
                            3.6076606
                        ],
                        [
                            -76.3059859,
                            3.6077034
                        ],
                        [
                            -76.3057901,
                            3.6076807
                        ],
                        [
                            -76.305483,
                            3.6076552
                        ],
                        [
                            -76.3053153,
                            3.6077101
                        ],
                        [
                            -76.3051638,
                            3.6079015
                        ],
                        [
                            -76.3052885,
                            3.6081223
                        ],
                        [
                            -76.3054267,
                            3.6083298
                        ],
                        [
                            -76.3056318,
                            3.6088009
                        ],
                        [
                            -76.3058263,
                            3.6090579
                        ],
                        [
                            -76.3061039,
                            3.6091891
                        ],
                        [
                            -76.3063453,
                            3.6093055
                        ],
                        [
                            -76.3065143,
                            3.6093136
                        ],
                        [
                            -76.306596,
                            3.6093035
                        ],
                        [
                            -76.3067852,
                            3.6091463
                        ],
                        [
                            -76.3070279,
                            3.6090593
                        ],
                        [
                            -76.3074088,
                            3.6090044
                        ],
                        [
                            -76.3076341,
                            3.6091436
                        ],
                        [
                            -76.3077682,
                            3.60943
                        ],
                        [
                            -76.3079412,
                            3.6096013
                        ],
                        [
                            -76.3082711,
                            3.6097713
                        ],
                        [
                            -76.3085045,
                            3.6097834
                        ],
                        [
                            -76.3087969,
                            3.6097847
                        ],
                        [
                            -76.3091107,
                            3.6099346
                        ],
                        [
                            -76.3093708,
                            3.6099908
                        ],
                        [
                            -76.3096806,
                            3.6099507
                        ],
                        [
                            -76.3101232,
                            3.610039
                        ],
                        [
                            -76.3105524,
                            3.6101835
                        ],
                        [
                            -76.3110057,
                            3.6101166
                        ],
                        [
                            -76.3113369,
                            3.6099895
                        ],
                        [
                            -76.311695,
                            3.6097231
                        ],
                        [
                            -76.3119149,
                            3.6093738
                        ],
                        [
                            -76.3122207,
                            3.6088652
                        ],
                        [
                            -76.3131031,
                            3.60837
                        ],
                        [
                            -76.3135189,
                            3.6081264
                        ],
                        [
                            -76.3138139,
                            3.6080862
                        ],
                        [
                            -76.314176,
                            3.6081986
                        ],
                        [
                            -76.3143021,
                            3.6083485
                        ],
                        [
                            -76.3143423,
                            3.6085145
                        ],
                        [
                            -76.3142967,
                            3.6086724
                        ],
                        [
                            -76.3138407,
                            3.6093952
                        ],
                        [
                            -76.3133419,
                            3.6096294
                        ],
                        [
                            -76.3131662,
                            3.60977
                        ],
                        [
                            -76.3131259,
                            3.6100029
                        ],
                        [
                            -76.3131675,
                            3.6100684
                        ],
                        [
                            -76.3132949,
                            3.6101862
                        ],
                        [
                            -76.313775,
                            3.6100872
                        ],
                        [
                            -76.3138917,
                            3.6100952
                        ],
                        [
                            -76.3139521,
                            3.6101715
                        ],
                        [
                            -76.3139252,
                            3.6103482
                        ],
                        [
                            -76.3138957,
                            3.6104767
                        ],
                        [
                            -76.3138153,
                            3.6105556
                        ],
                        [
                            -76.3137335,
                            3.6105878
                        ],
                        [
                            -76.3136718,
                            3.6106587
                        ],
                        [
                            -76.3136557,
                            3.610735
                        ],
                        [
                            -76.3136208,
                            3.6110268
                        ],
                        [
                            -76.3136329,
                            3.6111499
                        ],
                        [
                            -76.3137791,
                            3.6112516
                        ],
                        [
                            -76.3139628,
                            3.611261
                        ],
                        [
                            -76.3140942,
                            3.611178
                        ],
                        [
                            -76.3141881,
                            3.6110549
                        ],
                        [
                            -76.3142886,
                            3.6109352
                        ],
                        [
                            -76.3144228,
                            3.610901
                        ],
                        [
                            -76.3147849,
                            3.6107952
                        ],
                        [
                            -76.3149257,
                            3.6108862
                        ],
                        [
                            -76.3150048,
                            3.6110776
                        ],
                        [
                            -76.3150249,
                            3.6112878
                        ],
                        [
                            -76.3150544,
                            3.6113507
                        ],
                        [
                            -76.3152811,
                            3.6113721
                        ],
                        [
                            -76.3154715,
                            3.6113453
                        ],
                        [
                            -76.3156633,
                            3.6112637
                        ],
                        [
                            -76.3159235,
                            3.6110589
                        ],
                        [
                            -76.3161327,
                            3.6108755
                        ],
                        [
                            -76.3163352,
                            3.610644
                        ],
                        [
                            -76.3163875,
                            3.6103442
                        ],
                        [
                            -76.3165163,
                            3.6100671
                        ],
                        [
                            -76.3169105,
                            3.6097646
                        ],
                        [
                            -76.3174644,
                            3.6093189
                        ],
                        [
                            -76.3180263,
                            3.608995
                        ],
                        [
                            -76.3182651,
                            3.6089522
                        ],
                        [
                            -76.3183925,
                            3.6089776
                        ],
                        [
                            -76.3185976,
                            3.6092078
                        ],
                        [
                            -76.3186392,
                            3.6094608
                        ],
                        [
                            -76.3185936,
                            3.6095786
                        ],
                        [
                            -76.3184166,
                            3.6096616
                        ],
                        [
                            -76.3182852,
                            3.6097593
                        ],
                        [
                            -76.3182369,
                            3.6099386
                        ],
                        [
                            -76.3181685,
                            3.6103107
                        ],
                        [
                            -76.3181873,
                            3.6104312
                        ],
                        [
                            -76.3182718,
                            3.6104887
                        ],
                        [
                            -76.3183442,
                            3.6105128
                        ],
                        [
                            -76.3184997,
                            3.6104459
                        ],
                        [
                            -76.3185681,
                            3.610399
                        ],
                        [
                            -76.3187063,
                            3.610474
                        ],
                        [
                            -76.318721,
                            3.6106132
                        ],
                        [
                            -76.3187385,
                            3.6112302
                        ],
                        [
                            -76.3187478,
                            3.6114778
                        ],
                        [
                            -76.3188712,
                            3.6115488
                        ],
                        [
                            -76.3189986,
                            3.611609
                        ],
                        [
                            -76.3191167,
                            3.6115648
                        ],
                        [
                            -76.3191274,
                            3.6114109
                        ],
                        [
                            -76.3191663,
                            3.6113359
                        ],
                        [
                            -76.3192897,
                            3.6112958
                        ],
                        [
                            -76.319519,
                            3.6112262
                        ],
                        [
                            -76.3198529,
                            3.6111151
                        ],
                        [
                            -76.3200286,
                            3.6109598
                        ],
                        [
                            -76.3201681,
                            3.61066
                        ],
                        [
                            -76.3202915,
                            3.6105115
                        ],
                        [
                            -76.3205597,
                            3.6101822
                        ],
                        [
                            -76.3207394,
                            3.6097499
                        ],
                        [
                            -76.3207126,
                            3.6094969
                        ],
                        [
                            -76.320565,
                            3.6090258
                        ],
                        [
                            -76.3206321,
                            3.6089401
                        ],
                        [
                            -76.3207743,
                            3.6089214
                        ],
                        [
                            -76.3209164,
                            3.6089562
                        ],
                        [
                            -76.3209513,
                            3.6090445
                        ],
                        [
                            -76.3208507,
                            3.6095411
                        ],
                        [
                            -76.3210022,
                            3.6098824
                        ],
                        [
                            -76.3213187,
                            3.6100203
                        ],
                        [
                            -76.3215052,
                            3.6100631
                        ],
                        [
                            -76.3216594,
                            3.6102103
                        ],
                        [
                            -76.3218015,
                            3.6103401
                        ],
                        [
                            -76.3219504,
                            3.6103977
                        ],
                        [
                            -76.3221194,
                            3.6103816
                        ],
                        [
                            -76.3223568,
                            3.6102197
                        ],
                        [
                            -76.3228047,
                            3.6093952
                        ],
                        [
                            -76.3230836,
                            3.6089964
                        ],
                        [
                            -76.3234511,
                            3.6090231
                        ],
                        [
                            -76.3239017,
                            3.6091623
                        ],
                        [
                            -76.3240036,
                            3.6094113
                        ],
                        [
                            -76.3239768,
                            3.6102036
                        ],
                        [
                            -76.3240841,
                            3.6107015
                        ],
                        [
                            -76.3244811,
                            3.6115635
                        ],
                        [
                            -76.3246554,
                            3.6116679
                        ],
                        [
                            -76.3250685,
                            3.611692
                        ],
                        [
                            -76.3256907,
                            3.6118713
                        ],
                        [
                            -76.3258544,
                            3.6116117
                        ],
                        [
                            -76.3258919,
                            3.6113413
                        ],
                        [
                            -76.3257337,
                            3.6107337
                        ],
                        [
                            -76.3258866,
                            3.6103937
                        ],
                        [
                            -76.3260743,
                            3.6102732
                        ],
                        [
                            -76.3261279,
                            3.6101795
                        ],
                        [
                            -76.3260609,
                            3.6098583
                        ],
                        [
                            -76.3258866,
                            3.6090954
                        ],
                        [
                            -76.3258222,
                            3.6087019
                        ],
                        [
                            -76.3258946,
                            3.6083967
                        ],
                        [
                            -76.3260689,
                            3.6082254
                        ],
                        [
                            -76.326305,
                            3.6081799
                        ],
                        [
                            -76.3265437,
                            3.6082334
                        ],
                        [
                            -76.3267575,
                            3.6084055
                        ],
                        [
                            -76.3266966,
                            3.6085627
                        ],
                        [
                            -76.3264874,
                            3.6089134
                        ],
                        [
                            -76.3264337,
                            3.6091516
                        ],
                        [
                            -76.3264874,
                            3.6094247
                        ],
                        [
                            -76.3265356,
                            3.6095933
                        ],
                        [
                            -76.3267234,
                            3.609695
                        ],
                        [
                            -76.326938,
                            3.609695
                        ],
                        [
                            -76.3270855,
                            3.6095933
                        ],
                        [
                            -76.3274476,
                            3.6095879
                        ],
                        [
                            -76.3276407,
                            3.6096335
                        ],
                        [
                            -76.3276809,
                            3.6097298
                        ],
                        [
                            -76.327638,
                            3.6098396
                        ],
                        [
                            -76.3273215,
                            3.6101046
                        ],
                        [
                            -76.327225,
                            3.6102358
                        ],
                        [
                            -76.3272706,
                            3.6103642
                        ],
                        [
                            -76.3273859,
                            3.6104097
                        ],
                        [
                            -76.3276407,
                            3.6103964
                        ],
                        [
                            -76.3281825,
                            3.6105356
                        ],
                        [
                            -76.32866,
                            3.6105543
                        ],
                        [
                            -76.3289174,
                            3.6104767
                        ],
                        [
                            -76.3291186,
                            3.6103589
                        ],
                        [
                            -76.3292152,
                            3.6104044
                        ],
                        [
                            -76.3292742,
                            3.6106212
                        ],
                        [
                            -76.329293,
                            3.6107925
                        ],
                        [
                            -76.3294646,
                            3.6109866
                        ],
                        [
                            -76.3297382,
                            3.6110402
                        ],
                        [
                            -76.3300051,
                            3.6111258
                        ],
                        [
                            -76.3301928,
                            3.6116291
                        ],
                        [
                            -76.3302666,
                            3.611961
                        ],
                        [
                            -76.3303216,
                            3.61206
                        ],
                        [
                            -76.3305509,
                            3.6120052
                        ],
                        [
                            -76.330626,
                            3.6119008
                        ],
                        [
                            -76.3307185,
                            3.6118218
                        ],
                        [
                            -76.3308661,
                            3.611878
                        ],
                        [
                            -76.3309948,
                            3.6120774
                        ],
                        [
                            -76.3311946,
                            3.6123358
                        ],
                        [
                            -76.3315004,
                            3.61257
                        ],
                        [
                            -76.3316613,
                            3.6126021
                        ],
                        [
                            -76.332002,
                            3.6125165
                        ],
                        [
                            -76.3323802,
                            3.6122166
                        ],
                        [
                            -76.3325062,
                            3.6119275
                        ],
                        [
                            -76.3326564,
                            3.6115662
                        ],
                        [
                            -76.332745,
                            3.6115193
                        ],
                        [
                            -76.3328187,
                            3.6115956
                        ],
                        [
                            -76.3330051,
                            3.6116625
                        ],
                        [
                            -76.3334101,
                            3.6116585
                        ],
                        [
                            -76.333496,
                            3.6115033
                        ],
                        [
                            -76.3334799,
                            3.6113145
                        ],
                        [
                            -76.3335322,
                            3.6111338
                        ],
                        [
                            -76.3337454,
                            3.6111512
                        ],
                        [
                            -76.3341424,
                            3.6113159
                        ],
                        [
                            -76.3344857,
                            3.6116973
                        ],
                        [
                            -76.3347472,
                            3.6119637
                        ],
                        [
                            -76.3349846,
                            3.612135
                        ],
                        [
                            -76.3350651,
                            3.6124495
                        ],
                        [
                            -76.3351361,
                            3.6130318
                        ],
                        [
                            -76.334998,
                            3.6135698
                        ],
                        [
                            -76.3347285,
                            3.6140409
                        ],
                        [
                            -76.3347217,
                            3.6143876
                        ],
                        [
                            -76.3346735,
                            3.614587
                        ],
                        [
                            -76.3346084,
                            3.6149102
                        ],
                        [
                            -76.3346245,
                            3.615008
                        ],
                        [
                            -76.3349685,
                            3.6151706
                        ],
                        [
                            -76.335289,
                            3.6152308
                        ],
                        [
                            -76.3355237,
                            3.6154516
                        ],
                        [
                            -76.3356847,
                            3.6155186
                        ],
                        [
                            -76.3360883,
                            3.6156136
                        ],
                        [
                            -76.3362707,
                            3.6155159
                        ],
                        [
                            -76.3366382,
                            3.6153004
                        ],
                        [
                            -76.3369212,
                            3.6152669
                        ],
                        [
                            -76.337066,
                            3.615101
                        ],
                        [
                            -76.3370338,
                            3.6148654
                        ],
                        [
                            -76.337007,
                            3.6146178
                        ],
                        [
                            -76.3371035,
                            3.6144652
                        ],
                        [
                            -76.3373503,
                            3.6144679
                        ],
                        [
                            -76.3374455,
                            3.6146218
                        ],
                        [
                            -76.3375394,
                            3.6148239
                        ],
                        [
                            -76.3379578,
                            3.615117
                        ],
                        [
                            -76.338509,
                            3.615362
                        ],
                        [
                            -76.3387746,
                            3.6154409
                        ],
                        [
                            -76.3390991,
                            3.6154624
                        ],
                        [
                            -76.3392399,
                            3.6153727
                        ],
                        [
                            -76.3392963,
                            3.615279
                        ],
                        [
                            -76.3393231,
                            3.6150876
                        ],
                        [
                            -76.3393928,
                            3.6149457
                        ],
                        [
                            -76.339594,
                            3.6148065
                        ],
                        [
                            -76.3396785,
                            3.6147289
                        ],
                        [
                            -76.3396584,
                            3.6145736
                        ],
                        [
                            -76.3395296,
                            3.6145188
                        ],
                        [
                            -76.3394062,
                            3.6145067
                        ],
                        [
                            -76.3391514,
                            3.6145455
                        ],
                        [
                            -76.3387652,
                            3.6145121
                        ],
                        [
                            -76.3386109,
                            3.6143113
                        ],
                        [
                            -76.3385466,
                            3.6139901
                        ],
                        [
                            -76.3385251,
                            3.6136233
                        ],
                        [
                            -76.3385573,
                            3.6134293
                        ],
                        [
                            -76.3387424,
                            3.613262
                        ],
                        [
                            -76.3391863,
                            3.6131857
                        ],
                        [
                            -76.3394518,
                            3.6132191
                        ],
                        [
                            -76.3398448,
                            3.613274
                        ],
                        [
                            -76.3400097,
                            3.6132365
                        ],
                        [
                            -76.3400956,
                            3.6131482
                        ],
                        [
                            -76.3401304,
                            3.6130144
                        ],
                        [
                            -76.3400567,
                            3.6128296
                        ],
                        [
                            -76.3399641,
                            3.6126142
                        ],
                        [
                            -76.3399293,
                            3.6123465
                        ],
                        [
                            -76.3399775,
                            3.6122073
                        ],
                        [
                            -76.3400929,
                            3.6120413
                        ],
                        [
                            -76.3403906,
                            3.6119583
                        ],
                        [
                            -76.3404791,
                            3.611886
                        ],
                        [
                            -76.3405502,
                            3.6116491
                        ],
                        [
                            -76.3405314,
                            3.6114363
                        ],
                        [
                            -76.3406119,
                            3.6112275
                        ],
                        [
                            -76.3407983,
                            3.6110937
                        ],
                        [
                            -76.3409968,
                            3.6110883
                        ],
                        [
                            -76.3410558,
                            3.6111914
                        ],
                        [
                            -76.3410249,
                            3.611613
                        ],
                        [
                            -76.3409995,
                            3.6118834
                        ],
                        [
                            -76.3409324,
                            3.6123572
                        ],
                        [
                            -76.3411832,
                            3.612736
                        ],
                        [
                            -76.3414072,
                            3.6128752
                        ],
                        [
                            -76.3416982,
                            3.6130077
                        ],
                        [
                            -76.3417733,
                            3.6131094
                        ],
                        [
                            -76.3417357,
                            3.6131763
                        ],
                        [
                            -76.3414527,
                            3.6133302
                        ],
                        [
                            -76.3413294,
                            3.6134708
                        ],
                        [
                            -76.3411953,
                            3.6137318
                        ],
                        [
                            -76.3410638,
                            3.6139058
                        ],
                        [
                            -76.3410665,
                            3.6140811
                        ],
                        [
                            -76.3412999,
                            3.6143086
                        ],
                        [
                            -76.3419369,
                            3.6146727
                        ],
                        [
                            -76.3421193,
                            3.6146245
                        ],
                        [
                            -76.3421984,
                            3.6144679
                        ],
                        [
                            -76.3423942,
                            3.6143863
                        ],
                        [
                            -76.3427509,
                            3.6142792
                        ],
                        [
                            -76.3428435,
                            3.6141882
                        ],
                        [
                            -76.3429441,
                            3.6141895
                        ],
                        [
                            -76.3430701,
                            3.6142805
                        ],
                        [
                            -76.3430862,
                            3.6144023
                        ],
                        [
                            -76.3429588,
                            3.6146379
                        ],
                        [
                            -76.3428448,
                            3.6148601
                        ],
                        [
                            -76.3428824,
                            3.6150903
                        ],
                        [
                            -76.3427563,
                            3.6152241
                        ],
                        [
                            -76.3427483,
                            3.6153272
                        ],
                        [
                            -76.3428247,
                            3.6154255
                        ],
                        [
                            -76.3430379,
                            3.6154644
                        ],
                        [
                            -76.3431264,
                            3.6154148
                        ],
                        [
                            -76.3433934,
                            3.6151398
                        ],
                        [
                            -76.3437272,
                            3.6149711
                        ],
                        [
                            -76.3438064,
                            3.615022
                        ],
                        [
                            -76.3439646,
                            3.6153486
                        ],
                        [
                            -76.3441256,
                            3.6155038
                        ],
                        [
                            -76.3445105,
                            3.6156859
                        ],
                        [
                            -76.3446566,
                            3.6156792
                        ],
                        [
                            -76.3447773,
                            3.6155882
                        ],
                        [
                            -76.3447981,
                            3.6152221
                        ],
                        [
                            -76.3449034,
                            3.6146446
                        ],
                        [
                            -76.3449866,
                            3.6140048
                        ],
                        [
                            -76.3451904,
                            3.6137987
                        ],
                        [
                            -76.345692,
                            3.6137237
                        ],
                        [
                            -76.3459119,
                            3.6139245
                        ],
                        [
                            -76.3460004,
                            3.6145027
                        ],
                        [
                            -76.3459092,
                            3.614856
                        ],
                        [
                            -76.3458931,
                            3.615196
                        ],
                        [
                            -76.3460889,
                            3.6155788
                        ],
                        [
                            -76.3462874,
                            3.6157367
                        ],
                        [
                            -76.3466764,
                            3.6158411
                        ],
                        [
                            -76.3469312,
                            3.6159429
                        ],
                        [
                            -76.3471618,
                            3.615627
                        ],
                        [
                            -76.3471028,
                            3.6153299
                        ],
                        [
                            -76.3470519,
                            3.6150274
                        ],
                        [
                            -76.3471216,
                            3.6149016
                        ],
                        [
                            -76.3474274,
                            3.6148373
                        ],
                        [
                            -76.34765,
                            3.614848
                        ],
                        [
                            -76.3478753,
                            3.6147302
                        ],
                        [
                            -76.3482723,
                            3.6145964
                        ],
                        [
                            -76.3484198,
                            3.614682
                        ],
                        [
                            -76.3484305,
                            3.6148186
                        ],
                        [
                            -76.3483608,
                            3.6149765
                        ],
                        [
                            -76.3482374,
                            3.6151612
                        ],
                        [
                            -76.3483259,
                            3.6155574
                        ],
                        [
                            -76.3484681,
                            3.6160473
                        ],
                        [
                            -76.3485083,
                            3.6163738
                        ],
                        [
                            -76.3485646,
                            3.6164729
                        ],
                        [
                            -76.3487041,
                            3.6165652
                        ],
                        [
                            -76.3488422,
                            3.6165612
                        ],
                        [
                            -76.3489629,
                            3.616406
                        ],
                        [
                            -76.3491064,
                            3.6162694
                        ],
                        [
                            -76.3493224,
                            3.6161583
                        ],
                        [
                            -76.3494886,
                            3.6161891
                        ],
                        [
                            -76.3496241,
                            3.616343
                        ],
                        [
                            -76.3498521,
                            3.6164434
                        ],
                        [
                            -76.3501833,
                            3.6164541
                        ],
                        [
                            -76.3505441,
                            3.6164019
                        ],
                        [
                            -76.3509223,
                            3.6164595
                        ],
                        [
                            -76.3510913,
                            3.6165425
                        ],
                        [
                            -76.3511261,
                            3.6166603
                        ],
                        [
                            -76.3511154,
                            3.6167111
                        ],
                        [
                            -76.3510403,
                            3.6167539
                        ],
                        [
                            -76.3506916,
                            3.6166683
                        ],
                        [
                            -76.3505656,
                            3.6166843
                        ],
                        [
                            -76.3504717,
                            3.6167834
                        ],
                        [
                            -76.3504905,
                            3.616936
                        ],
                        [
                            -76.350638,
                            3.6170618
                        ],
                        [
                            -76.3514292,
                            3.6171234
                        ],
                        [
                            -76.3515043,
                            3.6171903
                        ],
                        [
                            -76.3515298,
                            3.6172572
                        ],
                        [
                            -76.3514869,
                            3.6173736
                        ],
                        [
                            -76.35122,
                            3.6175235
                        ],
                        [
                            -76.3510604,
                            3.6178234
                        ],
                        [
                            -76.3510188,
                            3.6182369
                        ],
                        [
                            -76.3511315,
                            3.6183681
                        ],
                        [
                            -76.351684,
                            3.6186144
                        ],
                        [
                            -76.3522232,
                            3.6186438
                        ],
                        [
                            -76.3524994,
                            3.618684
                        ],
                        [
                            -76.3528803,
                            3.6188553
                        ],
                        [
                            -76.3531485,
                            3.6190614
                        ],
                        [
                            -76.3540095,
                            3.6192943
                        ],
                        [
                            -76.3545728,
                            3.6195272
                        ],
                        [
                            -76.3549295,
                            3.6198912
                        ],
                        [
                            -76.355128,
                            3.6199528
                        ],
                        [
                            -76.3553345,
                            3.6199314
                        ],
                        [
                            -76.3556819,
                            3.6197373
                        ],
                        [
                            -76.3559286,
                            3.6195071
                        ],
                        [
                            -76.3559608,
                            3.6193144
                        ],
                        [
                            -76.3559541,
                            3.6191658
                        ],
                        [
                            -76.3560976,
                            3.6190627
                        ],
                        [
                            -76.3562116,
                            3.6189249
                        ],
                        [
                            -76.3562813,
                            3.6187549
                        ],
                        [
                            -76.3564275,
                            3.618684
                        ],
                        [
                            -76.3566099,
                            3.6187616
                        ],
                        [
                            -76.3569291,
                            3.6190842
                        ],
                        [
                            -76.3570257,
                            3.6193478
                        ],
                        [
                            -76.3570324,
                            3.6195178
                        ],
                        [
                            -76.3567936,
                            3.6198765
                        ],
                        [
                            -76.3565697,
                            3.6200438
                        ],
                        [
                            -76.3564141,
                            3.6202392
                        ],
                        [
                            -76.3563605,
                            3.6203704
                        ],
                        [
                            -76.356339,
                            3.6205765
                        ],
                        [
                            -76.356453,
                            3.6206943
                        ],
                        [
                            -76.356575,
                            3.6207545
                        ],
                        [
                            -76.3567936,
                            3.6206916
                        ],
                        [
                            -76.3569143,
                            3.6206782
                        ],
                        [
                            -76.3569841,
                            3.6208268
                        ],
                        [
                            -76.3570927,
                            3.6213555
                        ],
                        [
                            -76.3572764,
                            3.621484
                        ],
                        [
                            -76.357491,
                            3.6214933
                        ],
                        [
                            -76.3581012,
                            3.6211427
                        ],
                        [
                            -76.3585612,
                            3.6207786
                        ],
                        [
                            -76.3589475,
                            3.6204373
                        ],
                        [
                            -76.3591553,
                            3.6204386
                        ],
                        [
                            -76.3592546,
                            3.6206287
                        ],
                        [
                            -76.3593377,
                            3.6207398
                        ],
                        [
                            -76.3594423,
                            3.6207933
                        ],
                        [
                            -76.3595829,
                            3.6207587
                        ],
                        [
                            -76.3598031,
                            3.6206568
                        ],
                        [
                            -76.3597816,
                            3.6203342
                        ],
                        [
                            -76.359842,
                            3.6199006
                        ],
                        [
                            -76.3601558,
                            3.6193799
                        ],
                        [
                            -76.3604334,
                            3.6191149
                        ],
                        [
                            -76.3606077,
                            3.6190935
                        ],
                        [
                            -76.3607217,
                            3.6193344
                        ],
                        [
                            -76.3608921,
                            3.6202312
                        ],
                        [
                            -76.3610181,
                            3.6212109
                        ],
                        [
                            -76.3609698,
                            3.6216606
                        ],
                        [
                            -76.3609886,
                            3.6225547
                        ],
                        [
                            -76.3610476,
                            3.6229616
                        ],
                        [
                            -76.361222,
                            3.6231195
                        ],
                        [
                            -76.361568,
                            3.6231664
                        ],
                        [
                            -76.361804,
                            3.6230579
                        ],
                        [
                            -76.3619287,
                            3.6226725
                        ],
                        [
                            -76.3621621,
                            3.6224811
                        ],
                        [
                            -76.3627025,
                            3.6221853
                        ],
                        [
                            -76.3629091,
                            3.6221184
                        ],
                        [
                            -76.3630794,
                            3.6220421
                        ],
                        [
                            -76.3631894,
                            3.6220862
                        ],
                        [
                            -76.3631572,
                            3.6222375
                        ],
                        [
                            -76.3630807,
                            3.6224383
                        ],
                        [
                            -76.3631022,
                            3.6226216
                        ],
                        [
                            -76.3631585,
                            3.6226966
                        ],
                        [
                            -76.3632698,
                            3.6229107
                        ],
                        [
                            -76.3635622,
                            3.6232855
                        ],
                        [
                            -76.3635394,
                            3.6233912
                        ],
                        [
                            -76.36329,
                            3.6235023
                        ],
                        [
                            -76.3629305,
                            3.6234327
                        ],
                        [
                            -76.3626342,
                            3.6234514
                        ],
                        [
                            -76.3625295,
                            3.6235344
                        ],
                        [
                            -76.3628165,
                            3.6238824
                        ],
                        [
                            -76.3629882,
                            3.6242076
                        ],
                        [
                            -76.3630231,
                            3.6244512
                        ],
                        [
                            -76.3632162,
                            3.6247899
                        ],
                        [
                            -76.3634066,
                            3.6249384
                        ],
                        [
                            -76.3635716,
                            3.6250187
                        ],
                        [
                            -76.3637848,
                            3.6250816
                        ],
                        [
                            -76.3640329,
                            3.6250642
                        ],
                        [
                            -76.3643293,
                            3.6251553
                        ],
                        [
                            -76.3643561,
                            3.625265
                        ],
                        [
                            -76.3642931,
                            3.6254791
                        ],
                        [
                            -76.364277,
                            3.6256893
                        ],
                        [
                            -76.3643575,
                            3.6258285
                        ],
                        [
                            -76.3645157,
                            3.625961
                        ],
                        [
                            -76.3647947,
                            3.6260145
                        ],
                        [
                            -76.3649757,
                            3.6259436
                        ],
                        [
                            -76.3651031,
                            3.6259864
                        ],
                        [
                            -76.3651876,
                            3.6260707
                        ],
                        [
                            -76.3652775,
                            3.6262728
                        ],
                        [
                            -76.3649972,
                            3.6267854
                        ],
                        [
                            -76.3649945,
                            3.6269461
                        ],
                        [
                            -76.365201,
                            3.6271495
                        ],
                        [
                            -76.3653807,
                            3.6273998
                        ],
                        [
                            -76.3654411,
                            3.6275095
                        ],
                        [
                            -76.3655779,
                            3.6275872
                        ],
                        [
                            -76.3657764,
                            3.6277277
                        ],
                        [
                            -76.3659869,
                            3.6278575
                        ],
                        [
                            -76.366176,
                            3.6279017
                        ],
                        [
                            -76.3662712,
                            3.6278709
                        ],
                        [
                            -76.3663504,
                            3.6277063
                        ],
                        [
                            -76.3665247,
                            3.627725
                        ],
                        [
                            -76.3666172,
                            3.6276648
                        ],
                        [
                            -76.3668948,
                            3.6276822
                        ],
                        [
                            -76.367096,
                            3.627812
                        ],
                        [
                            -76.3675225,
                            3.6280931
                        ],
                        [
                            -76.3678323,
                            3.628168
                        ],
                        [
                            -76.3680992,
                            3.6281158
                        ],
                        [
                            -76.3684063,
                            3.6280208
                        ],
                        [
                            -76.3685082,
                            3.6280449
                        ],
                        [
                            -76.3687255,
                            3.6280944
                        ],
                        [
                            -76.3686758,
                            3.6283179
                        ],
                        [
                            -76.3686866,
                            3.6284973
                        ],
                        [
                            -76.3688582,
                            3.6286592
                        ],
                        [
                            -76.3691358,
                            3.6286472
                        ],
                        [
                            -76.3693625,
                            3.6285575
                        ],
                        [
                            -76.3695019,
                            3.6286686
                        ],
                        [
                            -76.3695127,
                            3.6288787
                        ],
                        [
                            -76.3694537,
                            3.6292521
                        ],
                        [
                            -76.3694765,
                            3.6294516
                        ],
                        [
                            -76.3694242,
                            3.6296323
                        ],
                        [
                            -76.3691559,
                            3.6298183
                        ],
                        [
                            -76.3688421,
                            3.6300405
                        ],
                        [
                            -76.3685203,
                            3.6300512
                        ],
                        [
                            -76.3680509,
                            3.630003
                        ],
                        [
                            -76.3674702,
                            3.6297353
                        ],
                        [
                            -76.3669847,
                            3.6295185
                        ],
                        [
                            -76.3664992,
                            3.6294837
                        ],
                        [
                            -76.3663262,
                            3.6295265
                        ],
                        [
                            -76.366349,
                            3.6297915
                        ],
                        [
                            -76.3666199,
                            3.6301529
                        ],
                        [
                            -76.366801,
                            3.6305129
                        ],
                        [
                            -76.3668479,
                            3.6306575
                        ],
                        [
                            -76.366923,
                            3.6307391
                        ],
                        [
                            -76.3671698,
                            3.6307793
                        ],
                        [
                            -76.3673428,
                            3.630707
                        ],
                        [
                            -76.3674903,
                            3.6305049
                        ],
                        [
                            -76.3676459,
                            3.6305343
                        ],
                        [
                            -76.3677934,
                            3.6307003
                        ],
                        [
                            -76.3677961,
                            3.630881
                        ],
                        [
                            -76.3677987,
                            3.6310122
                        ],
                        [
                            -76.3679557,
                            3.631225
                        ],
                        [
                            -76.3681112,
                            3.6313949
                        ],
                        [
                            -76.3682896,
                            3.631411
                        ],
                        [
                            -76.368641,
                            3.6312678
                        ],
                        [
                            -76.368877,
                            3.6313642
                        ],
                        [
                            -76.3687979,
                            3.6316011
                        ],
                        [
                            -76.368468,
                            3.6318795
                        ],
                        [
                            -76.3681568,
                            3.6323479
                        ],
                        [
                            -76.3678926,
                            3.6327066
                        ],
                        [
                            -76.3678081,
                            3.6329555
                        ],
                        [
                            -76.3677277,
                            3.6333116
                        ],
                        [
                            -76.3676593,
                            3.6338897
                        ],
                        [
                            -76.3677759,
                            3.6341333
                        ],
                        [
                            -76.3680133,
                            3.6340825
                        ],
                        [
                            -76.3682145,
                            3.6339312
                        ],
                        [
                            -76.3684371,
                            3.63378
                        ],
                        [
                            -76.3684733,
                            3.6336836
                        ],
                        [
                            -76.3683995,
                            3.6333383
                        ],
                        [
                            -76.3683727,
                            3.6332366
                        ],
                        [
                            -76.3683754,
                            3.6330626
                        ],
                        [
                            -76.3684237,
                            3.6329395
                        ],
                        [
                            -76.3685001,
                            3.6328645
                        ],
                        [
                            -76.3686048,
                            3.6328404
                        ],
                        [
                            -76.3687228,
                            3.6328846
                        ],
                        [
                            -76.3689387,
                            3.6330425
                        ],
                        [
                            -76.3691372,
                            3.6332326
                        ],
                        [
                            -76.3693062,
                            3.6334802
                        ],
                        [
                            -76.3694295,
                            3.6336448
                        ],
                        [
                            -76.3695542,
                            3.6337291
                        ],
                        [
                            -76.3697152,
                            3.6337318
                        ],
                        [
                            -76.3700531,
                            3.6336876
                        ],
                        [
                            -76.3704515,
                            3.6338442
                        ],
                        [
                            -76.3706513,
                            3.6339272
                        ],
                        [
                            -76.3709222,
                            3.6339286
                        ],
                        [
                            -76.3710416,
                            3.6339875
                        ],
                        [
                            -76.3712199,
                            3.634211
                        ],
                        [
                            -76.3713634,
                            3.6346018
                        ],
                        [
                            -76.3716008,
                            3.634828
                        ],
                        [
                            -76.3717618,
                            3.6350743
                        ],
                        [
                            -76.3718891,
                            3.6352937
                        ],
                        [
                            -76.3720514,
                            3.6353619
                        ],
                        [
                            -76.3722646,
                            3.6354236
                        ],
                        [
                            -76.3723317,
                            3.6354329
                        ],
                        [
                            -76.3723639,
                            3.6353687
                        ],
                        [
                            -76.3723062,
                            3.6351291
                        ],
                        [
                            -76.3722847,
                            3.6349485
                        ],
                        [
                            -76.3724202,
                            3.6348815
                        ],
                        [
                            -76.3725221,
                            3.6348909
                        ],
                        [
                            -76.3725919,
                            3.6349525
                        ],
                        [
                            -76.3726509,
                            3.6351639
                        ],
                        [
                            -76.3726563,
                            3.6353325
                        ],
                        [
                            -76.3726146,
                            3.6355815
                        ],
                        [
                            -76.372565,
                            3.6357702
                        ],
                        [
                            -76.3724577,
                            3.6360097
                        ],
                        [
                            -76.3723035,
                            3.6361343
                        ],
                        [
                            -76.371928,
                            3.6362842
                        ],
                        [
                            -76.3718408,
                            3.6363859
                        ],
                        [
                            -76.3717631,
                            3.6365947
                        ],
                        [
                            -76.3717255,
                            3.6368316
                        ],
                        [
                            -76.3718972,
                            3.6371996
                        ],
                        [
                            -76.3720728,
                            3.6372799
                        ],
                        [
                            -76.3721962,
                            3.6373763
                        ],
                        [
                            -76.3724349,
                            3.6377952
                        ],
                        [
                            -76.3726375,
                            3.6378193
                        ],
                        [
                            -76.3729258,
                            3.6375021
                        ],
                        [
                            -76.3733147,
                            3.637118
                        ],
                        [
                            -76.3733952,
                            3.6371113
                        ],
                        [
                            -76.3734394,
                            3.6371193
                        ],
                        [
                            -76.3735092,
                            3.6372036
                        ],
                        [
                            -76.3735092,
                            3.637308
                        ],
                        [
                            -76.3734797,
                            3.6375235
                        ],
                        [
                            -76.3734167,
                            3.6377364
                        ],
                        [
                            -76.3734783,
                            3.6378032
                        ],
                        [
                            -76.3739719,
                            3.6378595
                        ],
                        [
                            -76.3740751,
                            3.6379036
                        ],
                        [
                            -76.3744426,
                            3.6382757
                        ],
                        [
                            -76.3745687,
                            3.6383319
                        ],
                        [
                            -76.3746961,
                            3.6383145
                        ],
                        [
                            -76.3747926,
                            3.6382329
                        ],
                        [
                            -76.3748422,
                            3.638174
                        ],
                        [
                            -76.3748717,
                            3.637917
                        ],
                        [
                            -76.3749978,
                            3.6375971
                        ],
                        [
                            -76.3749468,
                            3.6373576
                        ],
                        [
                            -76.3749602,
                            3.6371836
                        ],
                        [
                            -76.3750045,
                            3.6371019
                        ],
                        [
                            -76.3752043,
                            3.6370631
                        ],
                        [
                            -76.3754497,
                            3.6371354
                        ],
                        [
                            -76.3755959,
                            3.6372585
                        ],
                        [
                            -76.3756093,
                            3.6373803
                        ],
                        [
                            -76.3754927,
                            3.6375891
                        ],
                        [
                            -76.375443,
                            3.6377885
                        ],
                        [
                            -76.3754927,
                            3.6380388
                        ],
                        [
                            -76.3756375,
                            3.6380964
                        ],
                        [
                            -76.3757019,
                            3.6383386
                        ],
                        [
                            -76.3757797,
                            3.6385608
                        ],
                        [
                            -76.3756523,
                            3.638807
                        ],
                        [
                            -76.3755289,
                            3.6390533
                        ],
                        [
                            -76.3751024,
                            3.6394963
                        ],
                        [
                            -76.3747242,
                            3.6396944
                        ],
                        [
                            -76.3737559,
                            3.6402539
                        ],
                        [
                            -76.3734663,
                            3.6405296
                        ],
                        [
                            -76.3734502,
                            3.6406768
                        ],
                        [
                            -76.3736245,
                            3.6407464
                        ],
                        [
                            -76.3740832,
                            3.640559
                        ],
                        [
                            -76.374464,
                            3.6404975
                        ],
                        [
                            -76.3747939,
                            3.6404091
                        ],
                        [
                            -76.3749723,
                            3.6403837
                        ],
                        [
                            -76.3752472,
                            3.6406353
                        ],
                        [
                            -76.3754927,
                            3.640899
                        ],
                        [
                            -76.3756523,
                            3.6414196
                        ],
                        [
                            -76.3757354,
                            3.6419242
                        ],
                        [
                            -76.3756804,
                            3.6424287
                        ],
                        [
                            -76.3757823,
                            3.6427861
                        ],
                        [
                            -76.375663,
                            3.6436855
                        ],
                        [
                            -76.3757341,
                            3.6442048
                        ],
                        [
                            -76.3759258,
                            3.6443855
                        ],
                        [
                            -76.3761941,
                            3.6444872
                        ],
                        [
                            -76.3763872,
                            3.6445447
                        ],
                        [
                            -76.3765602,
                            3.6447268
                        ],
                        [
                            -76.3767158,
                            3.6450292
                        ],
                        [
                            -76.3769102,
                            3.6452621
                        ],
                        [
                            -76.3771167,
                            3.6454201
                        ],
                        [
                            -76.3773903,
                            3.6454696
                        ],
                        [
                            -76.3776022,
                            3.6456436
                        ],
                        [
                            -76.3778611,
                            3.6462017
                        ],
                        [
                            -76.3780367,
                            3.6463984
                        ],
                        [
                            -76.3783036,
                            3.6464627
                        ],
                        [
                            -76.378604,
                            3.6464854
                        ],
                        [
                            -76.3786751,
                            3.6464827
                        ],
                        [
                            -76.3787904,
                            3.6466032
                        ],
                        [
                            -76.3789313,
                            3.6467999
                        ],
                        [
                            -76.3790238,
                            3.6469953
                        ],
                        [
                            -76.3791713,
                            3.6473246
                        ],
                        [
                            -76.3791432,
                            3.6476779
                        ],
                        [
                            -76.3790157,
                            3.6480072
                        ],
                        [
                            -76.3786939,
                            3.6482668
                        ],
                        [
                            -76.3786483,
                            3.6484341
                        ],
                        [
                            -76.3787395,
                            3.6486429
                        ],
                        [
                            -76.3790989,
                            3.6490658
                        ],
                        [
                            -76.3793859,
                            3.6492478
                        ],
                        [
                            -76.3796487,
                            3.6492452
                        ],
                        [
                            -76.3799518,
                            3.649189
                        ],
                        [
                            -76.3801584,
                            3.6490979
                        ],
                        [
                            -76.3802362,
                            3.6489668
                        ],
                        [
                            -76.3802791,
                            3.6487553
                        ],
                        [
                            -76.3804212,
                            3.6486188
                        ],
                        [
                            -76.3806331,
                            3.648592
                        ],
                        [
                            -76.3809416,
                            3.6486268
                        ],
                        [
                            -76.381183,
                            3.648766
                        ],
                        [
                            -76.3814378,
                            3.6488651
                        ],
                        [
                            -76.3815638,
                            3.6490069
                        ],
                        [
                            -76.3816041,
                            3.6491354
                        ],
                        [
                            -76.3817114,
                            3.6494325
                        ],
                        [
                            -76.3819528,
                            3.6497591
                        ],
                        [
                            -76.3820118,
                            3.6501339
                        ],
                        [
                            -76.3819581,
                            3.6504497
                        ],
                        [
                            -76.3818723,
                            3.6506317
                        ],
                        [
                            -76.3815934,
                            3.6507816
                        ],
                        [
                            -76.38125,
                            3.6509315
                        ],
                        [
                            -76.3810676,
                            3.6511885
                        ],
                        [
                            -76.3810194,
                            3.6515579
                        ],
                        [
                            -76.3810408,
                            3.6518845
                        ],
                        [
                            -76.3811374,
                            3.6520879
                        ],
                        [
                            -76.3813144,
                            3.6521307
                        ],
                        [
                            -76.3814914,
                            3.652013
                        ],
                        [
                            -76.3816202,
                            3.6518202
                        ],
                        [
                            -76.3818294,
                            3.6517292
                        ],
                        [
                            -76.3820601,
                            3.6518791
                        ],
                        [
                            -76.3824141,
                            3.6520879
                        ],
                        [
                            -76.3826984,
                            3.6521254
                        ],
                        [
                            -76.3828325,
                            3.6520397
                        ],
                        [
                            -76.3829452,
                            3.6518952
                        ],
                        [
                            -76.382913,
                            3.6517078
                        ],
                        [
                            -76.3827413,
                            3.6514134
                        ],
                        [
                            -76.3826233,
                            3.6510921
                        ],
                        [
                            -76.3825858,
                            3.6508566
                        ],
                        [
                            -76.3825965,
                            3.6507228
                        ],
                        [
                            -76.382736,
                            3.6506692
                        ],
                        [
                            -76.3829505,
                            3.6507067
                        ],
                        [
                            -76.3831437,
                            3.6509048
                        ],
                        [
                            -76.3833153,
                            3.6511564
                        ],
                        [
                            -76.3834763,
                            3.6512528
                        ],
                        [
                            -76.3836801,
                            3.6512313
                        ],
                        [
                            -76.3839644,
                            3.6509262
                        ],
                        [
                            -76.3843024,
                            3.650605
                        ],
                        [
                            -76.3843507,
                            3.6504015
                        ],
                        [
                            -76.384297,
                            3.650257
                        ],
                        [
                            -76.3841844,
                            3.6500857
                        ],
                        [
                            -76.3840449,
                            3.6499518
                        ],
                        [
                            -76.3840234,
                            3.6497645
                        ],
                        [
                            -76.3841629,
                            3.6495932
                        ],
                        [
                            -76.3844687,
                            3.649561
                        ],
                        [
                            -76.3853699,
                            3.6494914
                        ],
                        [
                            -76.3859868,
                            3.6495824
                        ],
                        [
                            -76.3863462,
                            3.6497109
                        ],
                        [
                            -76.3866949,
                            3.6499679
                        ],
                        [
                            -76.3869578,
                            3.6503052
                        ],
                        [
                            -76.3871026,
                            3.6505889
                        ],
                        [
                            -76.387167,
                            3.6508726
                        ],
                        [
                            -76.3872474,
                            3.6512902
                        ],
                        [
                            -76.3873065,
                            3.6516757
                        ],
                        [
                            -76.3874674,
                            3.6518149
                        ],
                        [
                            -76.3876659,
                            3.6517667
                        ],
                        [
                            -76.3878053,
                            3.6516703
                        ],
                        [
                            -76.387859,
                            3.6514776
                        ],
                        [
                            -76.3878644,
                            3.651226
                        ],
                        [
                            -76.3878214,
                            3.6509048
                        ],
                        [
                            -76.3878858,
                            3.6506746
                        ],
                        [
                            -76.3882291,
                            3.6503373
                        ],
                        [
                            -76.3886476,
                            3.6498662
                        ],
                        [
                            -76.3889372,
                            3.6497484
                        ],
                        [
                            -76.3892645,
                            3.6497109
                        ],
                        [
                            -76.3894308,
                            3.6497805
                        ],
                        [
                            -76.3895059,
                            3.6499144
                        ],
                        [
                            -76.3895059,
                            3.6500803
                        ],
                        [
                            -76.3894039,
                            3.6502249
                        ],
                        [
                            -76.3892537,
                            3.6503908
                        ],
                        [
                            -76.3892162,
                            3.6505889
                        ],
                        [
                            -76.3893074,
                            3.6508298
                        ],
                        [
                            -76.3894576,
                            3.6509315
                        ],
                        [
                            -76.3897312,
                            3.650969
                        ],
                        [
                            -76.3899779,
                            3.6509369
                        ],
                        [
                            -76.3901818,
                            3.6508512
                        ],
                        [
                            -76.3903642,
                            3.6507174
                        ],
                        [
                            -76.3904393,
                            3.6504979
                        ],
                        [
                            -76.3905305,
                            3.6503373
                        ],
                        [
                            -76.3906217,
                            3.6503052
                        ],
                        [
                            -76.3907719,
                            3.6504015
                        ],
                        [
                            -76.390965,
                            3.6507495
                        ],
                        [
                            -76.3911849,
                            3.6509851
                        ],
                        [
                            -76.3912332,
                            3.6511243
                        ],
                        [
                            -76.3912547,
                            3.6512849
                        ],
                        [
                            -76.3913029,
                            3.6514776
                        ],
                        [
                            -76.3912922,
                            3.6518363
                        ],
                        [
                            -76.3912278,
                            3.6520879
                        ],
                        [
                            -76.3910723,
                            3.6523449
                        ],
                        [
                            -76.3910025,
                            3.6526286
                        ],
                        [
                            -76.3909596,
                            3.6529819
                        ],
                        [
                            -76.3910669,
                            3.6532817
                        ],
                        [
                            -76.3912815,
                            3.6534049
                        ],
                        [
                            -76.3914692,
                            3.6533567
                        ],
                        [
                            -76.3915819,
                            3.6532228
                        ],
                        [
                            -76.3918072,
                            3.6531854
                        ],
                        [
                            -76.3921291,
                            3.6533085
                        ],
                        [
                            -76.3925636,
                            3.6535708
                        ],
                        [
                            -76.3930249,
                            3.6538813
                        ],
                        [
                            -76.3932771,
                            3.6541437
                        ],
                        [
                            -76.393438,
                            3.6541811
                        ],
                        [
                            -76.393497,
                            3.6541008
                        ],
                        [
                            -76.3935453,
                            3.6539938
                        ],
                        [
                            -76.393556,
                            3.653876
                        ],
                        [
                            -76.3934541,
                            3.6535708
                        ],
                        [
                            -76.3934326,
                            3.6534102
                        ],
                        [
                            -76.3934702,
                            3.6532603
                        ],
                        [
                            -76.3935882,
                            3.6531854
                        ],
                        [
                            -76.3937062,
                            3.65318
                        ],
                        [
                            -76.3938135,
                            3.6532389
                        ],
                        [
                            -76.3939422,
                            3.6533406
                        ],
                        [
                            -76.3941032,
                            3.6534102
                        ],
                        [
                            -76.3942051,
                            3.6535494
                        ],
                        [
                            -76.3942319,
                            3.6537528
                        ],
                        [
                            -76.3942105,
                            3.6539563
                        ],
                        [
                            -76.3940817,
                            3.6541437
                        ],
                        [
                            -76.393835,
                            3.6543846
                        ],
                        [
                            -76.3935453,
                            3.6545987
                        ],
                        [
                            -76.3934246,
                            3.6548155
                        ],
                        [
                            -76.3934085,
                            3.6549494
                        ],
                        [
                            -76.3933951,
                            3.6551046
                        ],
                        [
                            -76.3932985,
                            3.6553937
                        ],
                        [
                            -76.3933092,
                            3.6555275
                        ],
                        [
                            -76.3934058,
                            3.6556292
                        ],
                        [
                            -76.3934997,
                            3.6556694
                        ],
                        [
                            -76.3936096,
                            3.6556533
                        ],
                        [
                            -76.3937196,
                            3.6555891
                        ],
                        [
                            -76.3938752,
                            3.6554365
                        ],
                        [
                            -76.3940308,
                            3.6553348
                        ],
                        [
                            -76.3941273,
                            3.6553107
                        ],
                        [
                            -76.3942373,
                            3.6553535
                        ],
                        [
                            -76.394366,
                            3.6554633
                        ],
                        [
                            -76.3944894,
                            3.6556453
                        ],
                        [
                            -76.3946182,
                            3.6556828
                        ],
                        [
                            -76.3947362,
                            3.655648
                        ],
                        [
                            -76.3948005,
                            3.6555704
                        ],
                        [
                            -76.3948542,
                            3.6554419
                        ],
                        [
                            -76.3949695,
                            3.6553964
                        ],
                        [
                            -76.3951466,
                            3.6554124
                        ],
                        [
                            -76.3951895,
                            3.6554793
                        ],
                        [
                            -76.3951787,
                            3.6555891
                        ],
                        [
                            -76.395117,
                            3.6557042
                        ],
                        [
                            -76.3949508,
                            3.6558113
                        ],
                        [
                            -76.3947979,
                            3.655921
                        ],
                        [
                            -76.3947281,
                            3.6560522
                        ],
                        [
                            -76.3947147,
                            3.656194
                        ],
                        [
                            -76.3946182,
                            3.6565153
                        ],
                        [
                            -76.3946423,
                            3.6565982
                        ],
                        [
                            -76.3947549,
                            3.6566384
                        ],
                        [
                            -76.3948703,
                            3.6566544
                        ],
                        [
                            -76.3950178,
                            3.656617
                        ],
                        [
                            -76.39516,
                            3.6565313
                        ],
                        [
                            -76.3952458,
                            3.6564376
                        ],
                        [
                            -76.3953263,
                            3.6563145
                        ],
                        [
                            -76.3954577,
                            3.6562101
                        ],
                        [
                            -76.3955918,
                            3.6561833
                        ],
                        [
                            -76.3957742,
                            3.6561994
                        ],
                        [
                            -76.3958761,
                            3.6562797
                        ],
                        [
                            -76.3959646,
                            3.6563948
                        ],
                        [
                            -76.3961148,
                            3.6567508
                        ],
                        [
                            -76.3962168,
                            3.6568552
                        ],
                        [
                            -76.3964045,
                            3.6569221
                        ],
                        [
                            -76.3965735,
                            3.6569194
                        ],
                        [
                            -76.3967344,
                            3.6568552
                        ],
                        [
                            -76.3968873,
                            3.6566973
                        ],
                        [
                            -76.3969758,
                            3.6566785
                        ],
                        [
                            -76.3970429,
                            3.6567347
                        ],
                        [
                            -76.3970885,
                            3.6568365
                        ],
                        [
                            -76.3970804,
                            3.6569596
                        ],
                        [
                            -76.397008,
                            3.6570613
                        ],
                        [
                            -76.3969383,
                            3.6571523
                        ],
                        [
                            -76.3968954,
                            3.6572995
                        ],
                        [
                            -76.3968337,
                            3.6575431
                        ],
                        [
                            -76.3967237,
                            3.6576796
                        ],
                        [
                            -76.3966566,
                            3.6578162
                        ],
                        [
                            -76.3966754,
                            3.658132
                        ],
                        [
                            -76.3967827,
                            3.6587129
                        ],
                        [
                            -76.3968873,
                            3.6590715
                        ],
                        [
                            -76.3970107,
                            3.6592562
                        ],
                        [
                            -76.3972199,
                            3.6594222
                        ],
                        [
                            -76.3973647,
                            3.6594383
                        ],
                        [
                            -76.3974613,
                            3.6594008
                        ],
                        [
                            -76.3975444,
                            3.659291
                        ],
                        [
                            -76.3975954,
                            3.6591331
                        ],
                        [
                            -76.3975874,
                            3.6589645
                        ],
                        [
                            -76.3975498,
                            3.6588413
                        ],
                        [
                            -76.3973889,
                            3.6585978
                        ],
                        [
                            -76.3973406,
                            3.6584612
                        ],
                        [
                            -76.3973969,
                            3.6583649
                        ],
                        [
                            -76.3975471,
                            3.6583247
                        ],
                        [
                            -76.3977107,
                            3.6583167
                        ],
                        [
                            -76.3978475,
                            3.6582578
                        ],
                        [
                            -76.3980272,
                            3.6582364
                        ],
                        [
                            -76.398164,
                            3.6583087
                        ],
                        [
                            -76.3982767,
                            3.6584853
                        ],
                        [
                            -76.3982713,
                            3.6586486
                        ],
                        [
                            -76.3982606,
                            3.6588146
                        ],
                        [
                            -76.3983035,
                            3.6590234
                        ],
                        [
                            -76.398207,
                            3.6593312
                        ],
                        [
                            -76.3982096,
                            3.6595908
                        ],
                        [
                            -76.3982794,
                            3.6596899
                        ],
                        [
                            -76.3984162,
                            3.6597059
                        ],
                        [
                            -76.3985208,
                            3.6596444
                        ],
                        [
                            -76.3985851,
                            3.65954
                        ],
                        [
                            -76.3986066,
                            3.6593767
                        ],
                        [
                            -76.3985932,
                            3.6590314
                        ],
                        [
                            -76.3986361,
                            3.6588467
                        ],
                        [
                            -76.3987702,
                            3.6586727
                        ],
                        [
                            -76.3988104,
                            3.6585201
                        ],
                        [
                            -76.3988024,
                            3.6584345
                        ],
                        [
                            -76.3988158,
                            3.658298
                        ],
                        [
                            -76.3988856,
                            3.6582551
                        ],
                        [
                            -76.3989741,
                            3.6582551
                        ],
                        [
                            -76.3991243,
                            3.6583649
                        ],
                        [
                            -76.3992181,
                            3.6585148
                        ],
                        [
                            -76.3994327,
                            3.6587477
                        ],
                        [
                            -76.3996017,
                            3.6588681
                        ],
                        [
                            -76.399776,
                            3.6589136
                        ],
                        [
                            -76.4000067,
                            3.6589002
                        ],
                        [
                            -76.4002267,
                            3.6588119
                        ],
                        [
                            -76.4003608,
                            3.6587717
                        ],
                        [
                            -76.4004278,
                            3.658828
                        ],
                        [
                            -76.4004359,
                            3.6589377
                        ],
                        [
                            -76.4003822,
                            3.6590715
                        ],
                        [
                            -76.4003152,
                            3.6591545
                        ],
                        [
                            -76.4001864,
                            3.6591947
                        ],
                        [
                            -76.3999745,
                            3.6592803
                        ],
                        [
                            -76.3998485,
                            3.6594061
                        ],
                        [
                            -76.3997975,
                            3.6595319
                        ],
                        [
                            -76.3998216,
                            3.6596337
                        ],
                        [
                            -76.3999102,
                            3.6597595
                        ],
                        [
                            -76.3999906,
                            3.659821
                        ],
                        [
                            -76.4001408,
                            3.6600512
                        ],
                        [
                            -76.4002749,
                            3.6601877
                        ],
                        [
                            -76.4004627,
                            3.6602761
                        ],
                        [
                            -76.40057,
                            3.6603831
                        ],
                        [
                            -76.4005995,
                            3.6605143
                        ],
                        [
                            -76.4005432,
                            3.6606749
                        ],
                        [
                            -76.400409,
                            3.6608221
                        ],
                        [
                            -76.4002401,
                            3.6609158
                        ],
                        [
                            -76.4000952,
                            3.6609292
                        ],
                        [
                            -76.3999584,
                            3.6609372
                        ],
                        [
                            -76.3998511,
                            3.6609827
                        ],
                        [
                            -76.3997787,
                            3.6610737
                        ],
                        [
                            -76.3997519,
                            3.6612103
                        ],
                        [
                            -76.399717,
                            3.6613869
                        ],
                        [
                            -76.3996151,
                            3.6615689
                        ],
                        [
                            -76.3994005,
                            3.6617617
                        ],
                        [
                            -76.399143,
                            3.6619223
                        ],
                        [
                            -76.3990358,
                            3.6620481
                        ],
                        [
                            -76.3989741,
                            3.6622381
                        ],
                        [
                            -76.3989821,
                            3.6624041
                        ],
                        [
                            -76.3990009,
                            3.6625486
                        ],
                        [
                            -76.3989741,
                            3.6626477
                        ],
                        [
                            -76.3989714,
                            3.6627949
                        ],
                        [
                            -76.3990331,
                            3.6628939
                        ],
                        [
                            -76.3991377,
                            3.6629394
                        ],
                        [
                            -76.3992906,
                            3.6629207
                        ],
                        [
                            -76.39954,
                            3.6629314
                        ],
                        [
                            -76.39965,
                            3.6629956
                        ],
                        [
                            -76.3996929,
                            3.6631107
                        ],
                        [
                            -76.3997868,
                            3.663258
                        ],
                        [
                            -76.3999128,
                            3.6632874
                        ],
                        [
                            -76.4000443,
                            3.6632499
                        ],
                        [
                            -76.4001569,
                            3.663191
                        ],
                        [
                            -76.4002588,
                            3.6630572
                        ],
                        [
                            -76.4005244,
                            3.6625031
                        ],
                        [
                            -76.4006022,
                            3.6623693
                        ],
                        [
                            -76.4007524,
                            3.662297
                        ],
                        [
                            -76.400924,
                            3.6622809
                        ],
                        [
                            -76.4010125,
                            3.6623345
                        ],
                        [
                            -76.4010689,
                            3.6624282
                        ],
                        [
                            -76.4011171,
                            3.6625219
                        ],
                        [
                            -76.4011976,
                            3.6625486
                        ],
                        [
                            -76.4013022,
                            3.6625219
                        ],
                        [
                            -76.4014417,
                            3.6624469
                        ],
                        [
                            -76.4015275,
                            3.6623586
                        ],
                        [
                            -76.401616,
                            3.6622247
                        ],
                        [
                            -76.4017099,
                            3.6621659
                        ],
                        [
                            -76.4018655,
                            3.6621096
                        ],
                        [
                            -76.402013,
                            3.6621257
                        ],
                        [
                            -76.4021122,
                            3.6622114
                        ],
                        [
                            -76.4021659,
                            3.6623505
                        ],
                        [
                            -76.4021739,
                            3.6624737
                        ],
                        [
                            -76.4020988,
                            3.6627119
                        ],
                        [
                            -76.4020774,
                            3.663001
                        ],
                        [
                            -76.4021257,
                            3.6632151
                        ],
                        [
                            -76.4022169,
                            3.663282
                        ],
                        [
                            -76.4023134,
                            3.6632767
                        ],
                        [
                            -76.4024636,
                            3.6632151
                        ],
                        [
                            -76.4026031,
                            3.6630974
                        ],
                        [
                            -76.4027801,
                            3.6629367
                        ],
                        [
                            -76.402925,
                            3.6628779
                        ],
                        [
                            -76.4030725,
                            3.6628993
                        ],
                        [
                            -76.4032736,
                            3.663001
                        ],
                        [
                            -76.403456,
                            3.6631669
                        ],
                        [
                            -76.4036921,
                            3.6634266
                        ],
                        [
                            -76.4038503,
                            3.66363
                        ],
                        [
                            -76.403963,
                            3.6636434
                        ],
                        [
                            -76.4040756,
                            3.6635845
                        ],
                        [
                            -76.4041641,
                            3.6634855
                        ],
                        [
                            -76.4043331,
                            3.6631402
                        ],
                        [
                            -76.4044485,
                            3.6630813
                        ],
                        [
                            -76.4045665,
                            3.6631375
                        ],
                        [
                            -76.4046496,
                            3.663266
                        ],
                        [
                            -76.4047515,
                            3.6635283
                        ],
                        [
                            -76.4047515,
                            3.66363
                        ],
                        [
                            -76.4046577,
                            3.6637424
                        ],
                        [
                            -76.4043948,
                            3.6639486
                        ],
                        [
                            -76.4042902,
                            3.6640797
                        ],
                        [
                            -76.4042687,
                            3.6642671
                        ],
                        [
                            -76.404309,
                            3.6643929
                        ],
                        [
                            -76.4043975,
                            3.6644946
                        ],
                        [
                            -76.4045343,
                            3.6645428
                        ],
                        [
                            -76.4047462,
                            3.6645669
                        ],
                        [
                            -76.4049152,
                            3.6645348
                        ],
                        [
                            -76.4051029,
                            3.6644464
                        ],
                        [
                            -76.405237,
                            3.6643367
                        ],
                        [
                            -76.4053416,
                            3.6641573
                        ],
                        [
                            -76.405457,
                            3.6638575
                        ],
                        [
                            -76.4055187,
                            3.6635738
                        ],
                        [
                            -76.4056098,
                            3.6633463
                        ],
                        [
                            -76.4056259,
                            3.6631803
                        ],
                        [
                            -76.4056018,
                            3.6629903
                        ],
                        [
                            -76.4056313,
                            3.6628136
                        ],
                        [
                            -76.4057493,
                            3.6626075
                        ],
                        [
                            -76.4059103,
                            3.662479
                        ],
                        [
                            -76.4060792,
                            3.6624496
                        ],
                        [
                            -76.4063314,
                            3.6625031
                        ],
                        [
                            -76.4065272,
                            3.6626182
                        ],
                        [
                            -76.4066854,
                            3.6627387
                        ],
                        [
                            -76.4068007,
                            3.6629234
                        ],
                        [
                            -76.4068973,
                            3.6631455
                        ],
                        [
                            -76.4069885,
                            3.6634186
                        ],
                        [
                            -76.4070448,
                            3.6637746
                        ],
                        [
                            -76.4071736,
                            3.6639191
                        ],
                        [
                            -76.4073318,
                            3.6640155
                        ],
                        [
                            -76.4075115,
                            3.6641038
                        ],
                        [
                            -76.4077422,
                            3.6641386
                        ],
                        [
                            -76.407997,
                            3.6641279
                        ],
                        [
                            -76.4082304,
                            3.6641413
                        ],
                        [
                            -76.4084503,
                            3.6642216
                        ],
                        [
                            -76.4085495,
                            3.664342
                        ],
                        [
                            -76.4086354,
                            3.6645133
                        ],
                        [
                            -76.4086488,
                            3.6646097
                        ],
                        [
                            -76.4086488,
                            3.6648024
                        ],
                        [
                            -76.4085764,
                            3.6651076
                        ],
                        [
                            -76.4085066,
                            3.6653806
                        ],
                        [
                            -76.4085066,
                            3.6655118
                        ],
                        [
                            -76.4085683,
                            3.6656081
                        ],
                        [
                            -76.4086783,
                            3.6656938
                        ],
                        [
                            -76.4087614,
                            3.6657741
                        ],
                        [
                            -76.4087883,
                            3.6658865
                        ],
                        [
                            -76.4087909,
                            3.6660471
                        ],
                        [
                            -76.4088714,
                            3.666205
                        ],
                        [
                            -76.4089572,
                            3.6664031
                        ],
                        [
                            -76.4090002,
                            3.666652
                        ],
                        [
                            -76.408976,
                            3.6668448
                        ],
                        [
                            -76.4088956,
                            3.667075
                        ],
                        [
                            -76.4087534,
                            3.6673239
                        ],
                        [
                            -76.4087105,
                            3.6675139
                        ],
                        [
                            -76.4087212,
                            3.6676799
                        ],
                        [
                            -76.4088017,
                            3.6678459
                        ],
                        [
                            -76.4089224,
                            3.6680332
                        ],
                        [
                            -76.409027,
                            3.6683009
                        ],
                        [
                            -76.409196,
                            3.6685017
                        ],
                        [
                            -76.4095151,
                            3.6686917
                        ],
                        [
                            -76.4096895,
                            3.6688844
                        ],
                        [
                            -76.4098156,
                            3.6690638
                        ],
                        [
                            -76.4099148,
                            3.6692003
                        ],
                        [
                            -76.4100435,
                            3.6692163
                        ],
                        [
                            -76.4101106,
                            3.6691521
                        ],
                        [
                            -76.4101294,
                            3.6690343
                        ],
                        [
                            -76.4100972,
                            3.6689058
                        ],
                        [
                            -76.410065,
                            3.668673
                        ],
                        [
                            -76.4101321,
                            3.668515
                        ],
                        [
                            -76.4102608,
                            3.6683732
                        ],
                        [
                            -76.4102849,
                            3.6682286
                        ],
                        [
                            -76.4102715,
                            3.6680306
                        ],
                        [
                            -76.410403,
                            3.6677896
                        ],
                        [
                            -76.4106363,
                            3.6675327
                        ],
                        [
                            -76.4108053,
                            3.6674738
                        ],
                        [
                            -76.4110172,
                            3.6675434
                        ],
                        [
                            -76.4112613,
                            3.6676665
                        ],
                        [
                            -76.4113095,
                            3.6677548
                        ],
                        [
                            -76.4112961,
                            3.667886
                        ],
                        [
                            -76.4111754,
                            3.6679958
                        ],
                        [
                            -76.4109662,
                            3.6681456
                        ],
                        [
                            -76.4108831,
                            3.6682447
                        ],
                        [
                            -76.4108723,
                            3.6683357
                        ],
                        [
                            -76.4109367,
                            3.668416
                        ],
                        [
                            -76.4110896,
                            3.6684749
                        ],
                        [
                            -76.4111996,
                            3.6684642
                        ],
                        [
                            -76.4113793,
                            3.6683678
                        ],
                        [
                            -76.4115483,
                            3.6683384
                        ],
                        [
                            -76.4117011,
                            3.6683866
                        ],
                        [
                            -76.4117521,
                            3.6684883
                        ],
                        [
                            -76.4117226,
                            3.6686997
                        ],
                        [
                            -76.4117414,
                            3.6689219
                        ],
                        [
                            -76.4118165,
                            3.6691307
                        ],
                        [
                            -76.4119881,
                            3.6692913
                        ],
                        [
                            -76.412259,
                            3.6694519
                        ],
                        [
                            -76.4124548,
                            3.669666
                        ],
                        [
                            -76.4125434,
                            3.6698828
                        ],
                        [
                            -76.4125568,
                            3.6700541
                        ],
                        [
                            -76.4125004,
                            3.6701318
                        ],
                        [
                            -76.4123449,
                            3.6701692
                        ],
                        [
                            -76.4121625,
                            3.6701184
                        ],
                        [
                            -76.4119479,
                            3.6701211
                        ],
                        [
                            -76.4117628,
                            3.6701799
                        ],
                        [
                            -76.4114866,
                            3.6701907
                        ],
                        [
                            -76.4113686,
                            3.6702656
                        ],
                        [
                            -76.4113364,
                            3.6703673
                        ],
                        [
                            -76.4113846,
                            3.6704851
                        ],
                        [
                            -76.4115027,
                            3.6705413
                        ],
                        [
                            -76.4116448,
                            3.6705547
                        ],
                        [
                            -76.4118299,
                            3.6705493
                        ],
                        [
                            -76.412082,
                            3.6706323
                        ],
                        [
                            -76.4123154,
                            3.6707126
                        ],
                        [
                            -76.4123744,
                            3.6707902
                        ],
                        [
                            -76.4123824,
                            3.6709
                        ],
                        [
                            -76.4123341,
                            3.670999
                        ],
                        [
                            -76.412259,
                            3.6710713
                        ],
                        [
                            -76.4122617,
                            3.6711436
                        ],
                        [
                            -76.41231,
                            3.6712694
                        ],
                        [
                            -76.4125058,
                            3.6714755
                        ],
                        [
                            -76.4127043,
                            3.6715772
                        ],
                        [
                            -76.412892,
                            3.671604
                        ],
                        [
                            -76.4131147,
                            3.6715611
                        ],
                        [
                            -76.4132595,
                            3.6715183
                        ],
                        [
                            -76.4133453,
                            3.6714487
                        ],
                        [
                            -76.4133722,
                            3.6713416
                        ],
                        [
                            -76.4133748,
                            3.6711757
                        ],
                        [
                            -76.4133722,
                            3.6710231
                        ],
                        [
                            -76.4133936,
                            3.6708679
                        ],
                        [
                            -76.4133346,
                            3.6705574
                        ],
                        [
                            -76.4132944,
                            3.6703165
                        ],
                        [
                            -76.4133292,
                            3.6701692
                        ],
                        [
                            -76.4134553,
                            3.6701237
                        ],
                        [
                            -76.413627,
                            3.6701585
                        ],
                        [
                            -76.413753,
                            3.6702736
                        ],
                        [
                            -76.4138201,
                            3.6704396
                        ],
                        [
                            -76.4139703,
                            3.670726
                        ],
                        [
                            -76.4141285,
                            3.6708786
                        ],
                        [
                            -76.4142868,
                            3.6709562
                        ],
                        [
                            -76.4144853,
                            3.6710071
                        ],
                        [
                            -76.4148876,
                            3.6710606
                        ],
                        [
                            -76.4150029,
                            3.6711382
                        ],
                        [
                            -76.4150432,
                            3.671248
                        ],
                        [
                            -76.4150056,
                            3.6713443
                        ],
                        [
                            -76.4149493,
                            3.6714648
                        ],
                        [
                            -76.4148286,
                            3.6715852
                        ],
                        [
                            -76.4147562,
                            3.6718208
                        ],
                        [
                            -76.4146704,
                            3.6719493
                        ],
                        [
                            -76.414496,
                            3.6720858
                        ],
                        [
                            -76.4143136,
                            3.6721714
                        ],
                        [
                            -76.4142278,
                            3.6722651
                        ],
                        [
                            -76.4142224,
                            3.6723508
                        ],
                        [
                            -76.4142895,
                            3.6724632
                        ],
                        [
                            -76.4144316,
                            3.6725836
                        ],
                        [
                            -76.4145684,
                            3.6726398
                        ],
                        [
                            -76.4148876,
                            3.672688
                        ],
                        [
                            -76.4149761,
                            3.6727523
                        ],
                        [
                            -76.4149788,
                            3.6728754
                        ],
                        [
                            -76.4148769,
                            3.6730092
                        ],
                        [
                            -76.4146918,
                            3.6731109
                        ],
                        [
                            -76.414378,
                            3.6732796
                        ],
                        [
                            -76.4141849,
                            3.6734562
                        ],
                        [
                            -76.4140534,
                            3.6736463
                        ],
                        [
                            -76.4139837,
                            3.6738203
                        ],
                        [
                            -76.4139542,
                            3.6739782
                        ],
                        [
                            -76.4139488,
                            3.6741415
                        ],
                        [
                            -76.4139006,
                            3.6742378
                        ],
                        [
                            -76.4138201,
                            3.6742566
                        ],
                        [
                            -76.4136753,
                            3.6742244
                        ],
                        [
                            -76.4135063,
                            3.6742244
                        ],
                        [
                            -76.4132917,
                            3.6742539
                        ],
                        [
                            -76.4131737,
                            3.6742111
                        ],
                        [
                            -76.4130852,
                            3.6741201
                        ],
                        [
                            -76.4130288,
                            3.6739568
                        ],
                        [
                            -76.4129886,
                            3.6737962
                        ],
                        [
                            -76.4129001,
                            3.6737346
                        ],
                        [
                            -76.4128062,
                            3.6737641
                        ],
                        [
                            -76.4127392,
                            3.6738551
                        ],
                        [
                            -76.4126533,
                            3.6740986
                        ],
                        [
                            -76.4125487,
                            3.6742164
                        ],
                        [
                            -76.412538,
                            3.6743208
                        ],
                        [
                            -76.4125836,
                            3.6743984
                        ],
                        [
                            -76.4126828,
                            3.6744386
                        ],
                        [
                            -76.4128143,
                            3.6744386
                        ],
                        [
                            -76.4130127,
                            3.67446
                        ],
                        [
                            -76.4131254,
                            3.6745349
                        ],
                        [
                            -76.4132354,
                            3.6747116
                        ],
                        [
                            -76.4133614,
                            3.6748695
                        ],
                        [
                            -76.4134714,
                            3.6749043
                        ],
                        [
                            -76.4135948,
                            3.6748856
                        ],
                        [
                            -76.4137369,
                            3.6747866
                        ],
                        [
                            -76.413981,
                            3.6746367
                        ],
                        [
                            -76.4142492,
                            3.6745858
                        ],
                        [
                            -76.4145979,
                            3.6745216
                        ],
                        [
                            -76.4149305,
                            3.6745269
                        ],
                        [
                            -76.4151183,
                            3.6745912
                        ],
                        [
                            -76.4151478,
                            3.6746554
                        ],
                        [
                            -76.4151263,
                            3.6747464
                        ],
                        [
                            -76.4150566,
                            3.6747973
                        ],
                        [
                            -76.414834,
                            3.6748347
                        ],
                        [
                            -76.4146569,
                            3.6749284
                        ],
                        [
                            -76.4145926,
                            3.6750489
                        ],
                        [
                            -76.4145792,
                            3.6752068
                        ],
                        [
                            -76.4146355,
                            3.6753326
                        ],
                        [
                            -76.4146972,
                            3.6754745
                        ],
                        [
                            -76.4146918,
                            3.6755976
                        ],
                        [
                            -76.4146194,
                            3.6756993
                        ],
                        [
                            -76.4144692,
                            3.6758813
                        ],
                        [
                            -76.4144182,
                            3.6760633
                        ],
                        [
                            -76.4144477,
                            3.6761998
                        ],
                        [
                            -76.4145309,
                            3.6762855
                        ],
                        [
                            -76.4146811,
                            3.6763123
                        ],
                        [
                            -76.4148903,
                            3.6763176
                        ],
                        [
                            -76.4152363,
                            3.6763551
                        ],
                        [
                            -76.4153087,
                            3.6764836
                        ],
                        [
                            -76.4153087,
                            3.6766522
                        ],
                        [
                            -76.4153785,
                            3.6767539
                        ],
                        [
                            -76.4154992,
                            3.6767486
                        ],
                        [
                            -76.4156091,
                            3.6766656
                        ],
                        [
                            -76.4156574,
                            3.6765157
                        ],
                        [
                            -76.4158291,
                            3.6762266
                        ],
                        [
                            -76.4158988,
                            3.6759054
                        ],
                        [
                            -76.4160383,
                            3.6758331
                        ],
                        [
                            -76.4161938,
                            3.6759161
                        ],
                        [
                            -76.4162636,
                            3.6761062
                        ],
                        [
                            -76.4164433,
                            3.6762694
                        ],
                        [
                            -76.4166632,
                            3.6762775
                        ],
                        [
                            -76.4169154,
                            3.6762453
                        ],
                        [
                            -76.4171138,
                            3.6762855
                        ],
                        [
                            -76.4171621,
                            3.6764006
                        ],
                        [
                            -76.4172265,
                            3.6765719
                        ],
                        [
                            -76.4173982,
                            3.6767272
                        ],
                        [
                            -76.4175725,
                            3.6767646
                        ],
                        [
                            -76.4177388,
                            3.6768128
                        ],
                        [
                            -76.4178836,
                            3.6769654
                        ],
                        [
                            -76.4179587,
                            3.6771822
                        ],
                        [
                            -76.4179507,
                            3.6774017
                        ],
                        [
                            -76.4179641,
                            3.6776105
                        ],
                        [
                            -76.4180687,
                            3.6777657
                        ],
                        [
                            -76.4182082,
                            3.6778112
                        ],
                        [
                            -76.4183369,
                            3.6778888
                        ],
                        [
                            -76.4184013,
                            3.6780093
                        ],
                        [
                            -76.4185649,
                            3.6780923
                        ],
                        [
                            -76.4186829,
                            3.6780548
                        ],
                        [
                            -76.4187875,
                            3.6779531
                        ],
                        [
                            -76.418758,
                            3.6778755
                        ],
                        [
                            -76.4186266,
                            3.6778112
                        ],
                        [
                            -76.4185542,
                            3.6777523
                        ],
                        [
                            -76.4185488,
                            3.6776479
                        ],
                        [
                            -76.4186776,
                            3.6776426
                        ],
                        [
                            -76.4187768,
                            3.6776131
                        ],
                        [
                            -76.4188385,
                            3.6774525
                        ],
                        [
                            -76.4188036,
                            3.6772063
                        ],
                        [
                            -76.4187393,
                            3.6770403
                        ],
                        [
                            -76.41864,
                            3.6769252
                        ],
                        [
                            -76.4184871,
                            3.6768663
                        ],
                        [
                            -76.4182887,
                            3.6768289
                        ],
                        [
                            -76.4181277,
                            3.6767245
                        ],
                        [
                            -76.4180473,
                            3.6765826
                        ],
                        [
                            -76.4180687,
                            3.6764836
                        ],
                        [
                            -76.4181465,
                            3.6764729
                        ],
                        [
                            -76.4183047,
                            3.6764916
                        ],
                        [
                            -76.4185354,
                            3.6765264
                        ],
                        [
                            -76.4187983,
                            3.6765077
                        ],
                        [
                            -76.4190316,
                            3.6764461
                        ],
                        [
                            -76.4192328,
                            3.6764434
                        ],
                        [
                            -76.4193589,
                            3.6765291
                        ],
                        [
                            -76.4194313,
                            3.6766843
                        ],
                        [
                            -76.4195225,
                            3.6769814
                        ],
                        [
                            -76.4197987,
                            3.6773749
                        ],
                        [
                            -76.4200053,
                            3.6774766
                        ],
                        [
                            -76.4201769,
                            3.6774713
                        ],
                        [
                            -76.4203325,
                            3.6775248
                        ],
                        [
                            -76.4204398,
                            3.6776747
                        ],
                        [
                            -76.4204827,
                            3.6778594
                        ],
                        [
                            -76.4204559,
                            3.6779772
                        ],
                        [
                            -76.4205283,
                            3.6780842
                        ],
                        [
                            -76.4207026,
                            3.678103
                        ],
                        [
                            -76.4209199,
                            3.678028
                        ],
                        [
                            -76.4210862,
                            3.6779317
                        ],
                        [
                            -76.421172,
                            3.6778005
                        ],
                        [
                            -76.4212069,
                            3.6776693
                        ],
                        [
                            -76.4211747,
                            3.6775034
                        ],
                        [
                            -76.4211291,
                            3.6772652
                        ],
                        [
                            -76.4211854,
                            3.6770751
                        ],
                        [
                            -76.4213491,
                            3.6769681
                        ],
                        [
                            -76.4214912,
                            3.6769788
                        ],
                        [
                            -76.4216307,
                            3.6770617
                        ],
                        [
                            -76.4217085,
                            3.6771983
                        ],
                        [
                            -76.4217594,
                            3.6774231
                        ],
                        [
                            -76.4217219,
                            3.6776372
                        ],
                        [
                            -76.4216924,
                            3.6778835
                        ],
                        [
                            -76.4217836,
                            3.6779986
                        ],
                        [
                            -76.4219686,
                            3.6780949
                        ],
                        [
                            -76.4222986,
                            3.6781056
                        ],
                        [
                            -76.4226687,
                            3.6781351
                        ],
                        [
                            -76.4229986,
                            3.6781565
                        ],
                        [
                            -76.4232883,
                            3.6782502
                        ],
                        [
                            -76.4234841,
                            3.6783867
                        ],
                        [
                            -76.4236799,
                            3.6784242
                        ],
                        [
                            -76.4239132,
                            3.6784483
                        ],
                        [
                            -76.423991,
                            3.6785286
                        ],
                        [
                            -76.4239964,
                            3.6786383
                        ],
                        [
                            -76.4239347,
                            3.6788872
                        ],
                        [
                            -76.4239669,
                            3.6790211
                        ],
                        [
                            -76.4241734,
                            3.6791281
                        ],
                        [
                            -76.4243531,
                            3.6791415
                        ],
                        [
                            -76.4245972,
                            3.6790532
                        ],
                        [
                            -76.424734,
                            3.6789274
                        ],
                        [
                            -76.4249325,
                            3.6787695
                        ],
                        [
                            -76.4251578,
                            3.6786678
                        ],
                        [
                            -76.4253911,
                            3.6786303
                        ],
                        [
                            -76.4255843,
                            3.6787293
                        ],
                        [
                            -76.425662,
                            3.6788765
                        ],
                        [
                            -76.4256728,
                            3.6790398
                        ],
                        [
                            -76.4255682,
                            3.6791924
                        ],
                        [
                            -76.4253697,
                            3.6793235
                        ],
                        [
                            -76.4252007,
                            3.6793985
                        ],
                        [
                            -76.4250907,
                            3.6795216
                        ],
                        [
                            -76.4250478,
                            3.6797117
                        ],
                        [
                            -76.4250746,
                            3.6798883
                        ],
                        [
                            -76.4251444,
                            3.6800864
                        ],
                        [
                            -76.4251256,
                            3.6802229
                        ],
                        [
                            -76.4250129,
                            3.6803139
                        ],
                        [
                            -76.4248627,
                            3.6803889
                        ],
                        [
                            -76.4247045,
                            3.6805896
                        ],
                        [
                            -76.4244229,
                            3.6809376
                        ],
                        [
                            -76.4242727,
                            3.6811383
                        ],
                        [
                            -76.4240634,
                            3.6812936
                        ],
                        [
                            -76.4238811,
                            3.6813284
                        ],
                        [
                            -76.4236906,
                            3.6813418
                        ],
                        [
                            -76.4235458,
                            3.6814461
                        ],
                        [
                            -76.4233848,
                            3.6814997
                        ],
                        [
                            -76.42324,
                            3.681497
                        ],
                        [
                            -76.4228913,
                            3.6815586
                        ],
                        [
                            -76.4227653,
                            3.6816228
                        ],
                        [
                            -76.422666,
                            3.6817218
                        ],
                        [
                            -76.4226472,
                            3.6818155
                        ],
                        [
                            -76.4226928,
                            3.6819253
                        ],
                        [
                            -76.422886,
                            3.6821126
                        ],
                        [
                            -76.4229557,
                            3.6822545
                        ],
                        [
                            -76.4229637,
                            3.6824472
                        ],
                        [
                            -76.4228699,
                            3.6826453
                        ],
                        [
                            -76.4226821,
                            3.6829023
                        ],
                        [
                            -76.42243,
                            3.6831565
                        ],
                        [
                            -76.4222744,
                            3.6832529
                        ],
                        [
                            -76.4219365,
                            3.6834001
                        ],
                        [
                            -76.421797,
                            3.6835179
                        ],
                        [
                            -76.4217755,
                            3.6836838
                        ],
                        [
                            -76.4218667,
                            3.6838766
                        ],
                        [
                            -76.4220464,
                            3.6839729
                        ],
                        [
                            -76.4221966,
                            3.6840291
                        ],
                        [
                            -76.4224139,
                            3.6839783
                        ],
                        [
                            -76.4225802,
                            3.6838498
                        ],
                        [
                            -76.4227197,
                            3.6836544
                        ],
                        [
                            -76.4228806,
                            3.683451
                        ],
                        [
                            -76.4231327,
                            3.683285
                        ],
                        [
                            -76.4233929,
                            3.6830816
                        ],
                        [
                            -76.4236907,
                            3.6830682
                        ],
                        [
                            -76.4239977,
                            3.6830803
                        ],
                        [
                            -76.4241091,
                            3.683111
                        ],
                        [
                            -76.4241922,
                            3.6832315
                        ],
                        [
                            -76.4243665,
                            3.6834135
                        ],
                        [
                            -76.4244819,
                            3.6836062
                        ],
                        [
                            -76.4245493,
                            3.6833779
                        ],
                        [
                            -76.4250048,
                            3.6822714
                        ],
                        [
                            -76.4262976,
                            3.6809786
                        ],
                        [
                            -76.4293044,
                            3.6798209
                        ],
                        [
                            -76.4327068,
                            3.6780435
                        ],
                        [
                            -76.4345007,
                            3.6762095
                        ],
                        [
                            -76.435153,
                            3.6734139
                        ],
                        [
                            -76.433932,
                            3.6671472
                        ],
                        [
                            -76.4360371,
                            3.664751
                        ],
                        [
                            -76.4388673,
                            3.6644062
                        ],
                        [
                            -76.4425752,
                            3.6648827
                        ],
                        [
                            -76.4453411,
                            3.6639041
                        ],
                        [
                            -76.4479836,
                            3.6620025
                        ],
                        [
                            -76.4476167,
                            3.6599907
                        ],
                        [
                            -76.4466017,
                            3.658193
                        ],
                        [
                            -76.4415645,
                            3.6548042
                        ],
                        [
                            -76.4398072,
                            3.6535761
                        ],
                        [
                            -76.4387611,
                            3.6523063
                        ],
                        [
                            -76.4391988,
                            3.6511328
                        ],
                        [
                            -76.4405066,
                            3.6494839
                        ],
                        [
                            -76.4407951,
                            3.6473875
                        ],
                        [
                            -76.4412028,
                            3.6465363
                        ],
                        [
                            -76.4418703,
                            3.6458553
                        ],
                        [
                            -76.4430696,
                            3.6456422
                        ],
                        [
                            -76.4444055,
                            3.6459184
                        ],
                        [
                            -76.446417,
                            3.6466701
                        ],
                        [
                            -76.4485452,
                            3.6469795
                        ],
                        [
                            -76.4492682,
                            3.6465282
                        ],
                        [
                            -76.4504656,
                            3.6437405
                        ],
                        [
                            -76.4525042,
                            3.6418989
                        ],
                        [
                            -76.4533087,
                            3.640614
                        ],
                        [
                            -76.4527509,
                            3.6382798
                        ],
                        [
                            -76.4503154,
                            3.634104
                        ],
                        [
                            -76.4507017,
                            3.6304743
                        ],
                        [
                            -76.4525631,
                            3.6283328
                        ],
                        [
                            -76.4552668,
                            3.626625
                        ],
                        [
                            -76.4583138,
                            3.6256131
                        ],
                        [
                            -76.4606848,
                            3.6253615
                        ],
                        [
                            -76.4610886,
                            3.6251342
                        ],
                        [
                            -76.4614305,
                            3.6245852
                        ],
                        [
                            -76.4606848,
                            3.623825
                        ],
                        [
                            -76.4584103,
                            3.6217531
                        ],
                        [
                            -76.4570317,
                            3.6198097
                        ],
                        [
                            -76.4564255,
                            3.6175611
                        ],
                        [
                            -76.4562768,
                            3.6150568
                        ],
                        [
                            -76.4565006,
                            3.6134869
                        ],
                        [
                            -76.4567152,
                            3.611142
                        ],
                        [
                            -76.4558408,
                            3.60676
                        ],
                        [
                            -76.4552296,
                            3.6043688
                        ],
                        [
                            -76.4547291,
                            3.6035328
                        ],
                        [
                            -76.4538091,
                            3.6027985
                        ],
                        [
                            -76.4529133,
                            3.6017259
                        ],
                        [
                            -76.4527294,
                            3.6003542
                        ],
                        [
                            -76.4531279,
                            3.5993488
                        ],
                        [
                            -76.453991,
                            3.5985473
                        ],
                        [
                            -76.4547935,
                            3.5978845
                        ],
                        [
                            -76.4560846,
                            3.5976074
                        ],
                        [
                            -76.4573528,
                            3.5980524
                        ],
                        [
                            -76.458658,
                            3.5988254
                        ],
                        [
                            -76.4600319,
                            3.6000716
                        ],
                        [
                            -76.460638,
                            3.6008907
                        ],
                        [
                            -76.4611074,
                            3.6012226
                        ],
                        [
                            -76.4616631,
                            3.6012946
                        ],
                        [
                            -76.4622313,
                            3.6010219
                        ],
                        [
                            -76.462844,
                            3.6005442
                        ],
                        [
                            -76.4630842,
                            3.5999324
                        ],
                        [
                            -76.4630831,
                            3.5996265
                        ],
                        [
                            -76.4626122,
                            3.5990409
                        ],
                        [
                            -76.4609197,
                            3.5977025
                        ],
                        [
                            -76.4603628,
                            3.5968263
                        ],
                        [
                            -76.4600329,
                            3.5958787
                        ],
                        [
                            -76.4600721,
                            3.5945036
                        ],
                        [
                            -76.4603121,
                            3.5932014
                        ],
                        [
                            -76.4602231,
                            3.59234
                        ],
                        [
                            -76.4602035,
                            3.5921505
                        ],
                        [
                            -76.4599508,
                            3.5913294
                        ],
                        [
                            -76.4593211,
                            3.590804
                        ],
                        [
                            -76.4570991,
                            3.5893512
                        ],
                        [
                            -76.4568481,
                            3.5888606
                        ],
                        [
                            -76.4569151,
                            3.5882582
                        ],
                        [
                            -76.4572007,
                            3.5877431
                        ],
                        [
                            -76.4589575,
                            3.586402
                        ],
                        [
                            -76.4599675,
                            3.5853109
                        ],
                        [
                            -76.4608032,
                            3.5838297
                        ],
                        [
                            -76.4614749,
                            3.582393
                        ],
                        [
                            -76.4615505,
                            3.5817336
                        ],
                        [
                            -76.4611696,
                            3.5806061
                        ],
                        [
                            -76.4597797,
                            3.5783615
                        ],
                        [
                            -76.4590341,
                            3.5769159
                        ],
                        [
                            -76.4587107,
                            3.575662
                        ],
                        [
                            -76.4586961,
                            3.5742978
                        ],
                        [
                            -76.4590287,
                            3.5729808
                        ],
                        [
                            -76.4597568,
                            3.5713948
                        ],
                        [
                            -76.461073,
                            3.5691978
                        ],
                        [
                            -76.4619416,
                            3.5679534
                        ],
                        [
                            -76.4622098,
                            3.5670967
                        ],
                        [
                            -76.4622436,
                            3.5663901
                        ],
                        [
                            -76.4610926,
                            3.5632566
                        ],
                        [
                            -76.4612067,
                            3.5623209
                        ],
                        [
                            -76.4617217,
                            3.5607093
                        ],
                        [
                            -76.4623026,
                            3.5597415
                        ],
                        [
                            -76.4630038,
                            3.5589478
                        ],
                        [
                            -76.4635027,
                            3.5588301
                        ],
                        [
                            -76.4640997,
                            3.5589566
                        ],
                        [
                            -76.4653319,
                            3.5595529
                        ],
                        [
                            -76.4667422,
                            3.56071
                        ],
                        [
                            -76.4684793,
                            3.562052
                        ],
                        [
                            -76.4702457,
                            3.5627439
                        ],
                        [
                            -76.4714129,
                            3.5629522
                        ],
                        [
                            -76.4738721,
                            3.562867
                        ],
                        [
                            -76.4762163,
                            3.5630116
                        ],
                        [
                            -76.4781904,
                            3.5626422
                        ],
                        [
                            -76.4811409,
                            3.5618605
                        ],
                        [
                            -76.4851534,
                            3.560977
                        ],
                        [
                            -76.4870385,
                            3.5599495
                        ],
                        [
                            -76.4877123,
                            3.5587658
                        ],
                        [
                            -76.4886403,
                            3.5529245
                        ],
                        [
                            -76.4882112,
                            3.5507025
                        ],
                        [
                            -76.4872241,
                            3.5492944
                        ],
                        [
                            -76.4856362,
                            3.5482236
                        ],
                        [
                            -76.4783353,
                            3.544738
                        ],
                        [
                            -76.473165,
                            3.5446436
                        ],
                        [
                            -76.4691956,
                            3.542
                        ],
                        [
                            -76.4682394,
                            3.5401067
                        ],
                        [
                            -76.4680754,
                            3.5387331
                        ],
                        [
                            -76.4683414,
                            3.5371994
                        ],
                        [
                            -76.4689713,
                            3.5358865
                        ],
                        [
                            -76.4702298,
                            3.5345765
                        ],
                        [
                            -76.4712788,
                            3.5343882
                        ],
                        [
                            -76.4724512,
                            3.5347835
                        ],
                        [
                            -76.473456,
                            3.535814
                        ],
                        [
                            -76.4754418,
                            3.5383647
                        ],
                        [
                            -76.4775699,
                            3.5398272
                        ],
                        [
                            -76.4801354,
                            3.5407784
                        ],
                        [
                            -76.4817824,
                            3.5405081
                        ],
                        [
                            -76.4836012,
                            3.5396184
                        ],
                        [
                            -76.4858789,
                            3.538157
                        ],
                        [
                            -76.4889806,
                            3.5351244
                        ],
                        [
                            -76.4904415,
                            3.53244
                        ],
                        [
                            -76.4895767,
                            3.5307751
                        ],
                        [
                            -76.4885277,
                            3.5280418
                        ],
                        [
                            -76.4883044,
                            3.5276511
                        ],
                        [
                            -76.4881998,
                            3.5272162
                        ],
                        [
                            -76.4881305,
                            3.5258669
                        ],
                        [
                            -76.4883157,
                            3.5247435
                        ],
                        [
                            -76.4886668,
                            3.5219296
                        ],
                        [
                            -76.4889734,
                            3.5211274
                        ],
                        [
                            -76.489654,
                            3.5203959
                        ],
                        [
                            -76.4908065,
                            3.5189505
                        ],
                        [
                            -76.4916341,
                            3.5169375
                        ],
                        [
                            -76.4917178,
                            3.5165764
                        ],
                        [
                            -76.4917422,
                            3.515927
                        ]
                    ]
                ]
            }
        }
    ]
}