{
    "type": "FeatureCollection",
    "licence": "Data © OpenStreetMap contributors, ODbL 1.0. http://osm.org/copyright",
    "features": [
        {
            "type": "Feature",
            "properties": {
                "place_id": 307840488,
                "osm_type": "relation",
                "osm_id": 1320727,
                "place_rank": 12,
                "category": "boundary",
                "type": "administrative",
                "importance": 0.41958999249091855,
                "addresstype": "town",
                "name": "Yumbo",
                "display_name": "Yumbo, Sur, Valle del Cauca, RAP Pacífico, Colombia"
            },
            "bbox": [
                -76.5978080,
                3.4902549,
                -76.4262976,
                3.6998903
            ],
            "geometry": {
                "type": "Polygon",
                "coordinates": [
                    [
                        [
                            -76.597808,
                            3.5463878
                        ],
                        [
                            -76.5974093,
                            3.5463068
                        ],
                        [
                            -76.5969694,
                            3.5462426
                        ],
                        [
                            -76.5964651,
                            3.5460391
                        ],
                        [
                            -76.5961969,
                            3.5463389
                        ],
                        [
                            -76.5957677,
                            3.5468958
                        ],
                        [
                            -76.5946627,
                            3.5478274
                        ],
                        [
                            -76.5937185,
                            3.5481808
                        ],
                        [
                            -76.593225,
                            3.5484378
                        ],
                        [
                            -76.5929568,
                            3.548577
                        ],
                        [
                            -76.5924096,
                            3.5484699
                        ],
                        [
                            -76.5922165,
                            3.547731
                        ],
                        [
                            -76.5921092,
                            3.5472277
                        ],
                        [
                            -76.5918303,
                            3.5469172
                        ],
                        [
                            -76.5914548,
                            3.5467887
                        ],
                        [
                            -76.5904677,
                            3.5468958
                        ],
                        [
                            -76.5897274,
                            3.5469065
                        ],
                        [
                            -76.5895879,
                            3.546703
                        ],
                        [
                            -76.5890622,
                            3.5465745
                        ],
                        [
                            -76.5883649,
                            3.5464139
                        ],
                        [
                            -76.5876138,
                            3.5460177
                        ],
                        [
                            -76.5870345,
                            3.5459748
                        ],
                        [
                            -76.5863156,
                            3.5459963
                        ],
                        [
                            -76.5859294,
                            3.5461462
                        ],
                        [
                            -76.5857685,
                            3.5455893
                        ],
                        [
                            -76.5859616,
                            3.5444543
                        ],
                        [
                            -76.5865839,
                            3.5427838
                        ],
                        [
                            -76.5866053,
                            3.54216
                        ],
                        [
                            -76.5866375,
                            3.5413649
                        ],
                        [
                            -76.5865195,
                            3.5409392
                        ],
                        [
                            -76.5864658,
                            3.5404386
                        ],
                        [
                            -76.5864337,
                            3.5391536
                        ],
                        [
                            -76.5861976,
                            3.536755
                        ],
                        [
                            -76.5860474,
                            3.5354914
                        ],
                        [
                            -76.5858543,
                            3.5342064
                        ],
                        [
                            -76.5861547,
                            3.5317327
                        ],
                        [
                            -76.5861011,
                            3.5311009
                        ],
                        [
                            -76.5849853,
                            3.529666
                        ],
                        [
                            -76.5833974,
                            3.5278455
                        ],
                        [
                            -76.5827107,
                            3.5269567
                        ],
                        [
                            -76.5819168,
                            3.5255378
                        ],
                        [
                            -76.5810639,
                            3.524906
                        ],
                        [
                            -76.5801385,
                            3.52421
                        ],
                        [
                            -76.5798059,
                            3.5238914
                        ],
                        [
                            -76.5796262,
                            3.5235808
                        ],
                        [
                            -76.5793124,
                            3.5232676
                        ],
                        [
                            -76.5790013,
                            3.5231927
                        ],
                        [
                            -76.5784541,
                            3.5229651
                        ],
                        [
                            -76.5780571,
                            3.5227509
                        ],
                        [
                            -76.5779015,
                            3.5225823
                        ],
                        [
                            -76.5777862,
                            3.5222182
                        ],
                        [
                            -76.5774992,
                            3.5219558
                        ],
                        [
                            -76.5765417,
                            3.5213669
                        ],
                        [
                            -76.5761581,
                            3.5210563
                        ],
                        [
                            -76.5758148,
                            3.5208528
                        ],
                        [
                            -76.5751952,
                            3.5205691
                        ],
                        [
                            -76.5748921,
                            3.5202451
                        ],
                        [
                            -76.5746588,
                            3.5201086
                        ],
                        [
                            -76.5743369,
                            3.5198195
                        ],
                        [
                            -76.573948,
                            3.5196481
                        ],
                        [
                            -76.5735671,
                            3.5195169
                        ],
                        [
                            -76.5732989,
                            3.5195089
                        ],
                        [
                            -76.5731755,
                            3.5196213
                        ],
                        [
                            -76.5730199,
                            3.519691
                        ],
                        [
                            -76.5726498,
                            3.5196481
                        ],
                        [
                            -76.5720892,
                            3.5198275
                        ],
                        [
                            -76.571593,
                            3.5199894
                        ],
                        [
                            -76.5712067,
                            3.5201046
                        ],
                        [
                            -76.5708581,
                            3.5201434
                        ],
                        [
                            -76.570606,
                            3.5200885
                        ],
                        [
                            -76.570382,
                            3.5201755
                        ],
                        [
                            -76.5700695,
                            3.5205717
                        ],
                        [
                            -76.5693641,
                            3.5206895
                        ],
                        [
                            -76.5685701,
                            3.5209546
                        ],
                        [
                            -76.567229,
                            3.5208957
                        ],
                        [
                            -76.5665585,
                            3.5206976
                        ],
                        [
                            -76.5661669,
                            3.5199158
                        ],
                        [
                            -76.5657699,
                            3.5188396
                        ],
                        [
                            -76.5655929,
                            3.5181275
                        ],
                        [
                            -76.565432,
                            3.5178517
                        ],
                        [
                            -76.5652643,
                            3.517493
                        ],
                        [
                            -76.5650605,
                            3.5174114
                        ],
                        [
                            -76.5648526,
                            3.5172025
                        ],
                        [
                            -76.5646648,
                            3.5169977
                        ],
                        [
                            -76.5645374,
                            3.5166042
                        ],
                        [
                            -76.5645374,
                            3.5163338
                        ],
                        [
                            -76.5645227,
                            3.5161491
                        ],
                        [
                            -76.5644744,
                            3.5160219
                        ],
                        [
                            -76.564346,
                            3.515892
                        ],
                        [
                            -76.564178,
                            3.515673
                        ],
                        [
                            -76.5637262,
                            3.5149057
                        ],
                        [
                            -76.5636392,
                            3.5147237
                        ],
                        [
                            -76.5635212,
                            3.5145347
                        ],
                        [
                            -76.563384,
                            3.51434
                        ],
                        [
                            -76.563293,
                            3.514209
                        ],
                        [
                            -76.563206,
                            3.513942
                        ],
                        [
                            -76.563179,
                            3.513785
                        ],
                        [
                            -76.563129,
                            3.513663
                        ],
                        [
                            -76.563038,
                            3.51357
                        ],
                        [
                            -76.5629895,
                            3.5135553
                        ],
                        [
                            -76.56289,
                            3.513525
                        ],
                        [
                            -76.5628195,
                            3.5134612
                        ],
                        [
                            -76.5622643,
                            3.5133541
                        ],
                        [
                            -76.5614837,
                            3.5135362
                        ],
                        [
                            -76.5606362,
                            3.5132631
                        ],
                        [
                            -76.5599576,
                            3.5132256
                        ],
                        [
                            -76.5594265,
                            3.5133434
                        ],
                        [
                            -76.5585843,
                            3.5131025
                        ],
                        [
                            -76.5580666,
                            3.5130489
                        ],
                        [
                            -76.5578091,
                            3.5129954
                        ],
                        [
                            -76.557101,
                            3.512717
                        ],
                        [
                            -76.5566531,
                            3.5125055
                        ],
                        [
                            -76.5561515,
                            3.5121976
                        ],
                        [
                            -76.555371,
                            3.5118281
                        ],
                        [
                            -76.5550464,
                            3.5117371
                        ],
                        [
                            -76.5546522,
                            3.5114801
                        ],
                        [
                            -76.5542847,
                            3.5114105
                        ],
                        [
                            -76.5538716,
                            3.51146
                        ],
                        [
                            -76.5533969,
                            3.5115725
                        ],
                        [
                            -76.5530643,
                            3.5115952
                        ],
                        [
                            -76.5527397,
                            3.5115725
                        ],
                        [
                            -76.5526392,
                            3.5115497
                        ],
                        [
                            -76.5524165,
                            3.511456
                        ],
                        [
                            -76.5523548,
                            3.5113516
                        ],
                        [
                            -76.5524004,
                            3.5110397
                        ],
                        [
                            -76.5523964,
                            3.5106301
                        ],
                        [
                            -76.5524085,
                            3.5103396
                        ],
                        [
                            -76.5523642,
                            3.5100826
                        ],
                        [
                            -76.5523642,
                            3.5096784
                        ],
                        [
                            -76.5521644,
                            3.5094401
                        ],
                        [
                            -76.5519056,
                            3.5094361
                        ],
                        [
                            -76.5517661,
                            3.5093865
                        ],
                        [
                            -76.5514067,
                            3.5093785
                        ],
                        [
                            -76.551176,
                            3.5093852
                        ],
                        [
                            -76.5509386,
                            3.5094039
                        ],
                        [
                            -76.5504438,
                            3.509586
                        ],
                        [
                            -76.5499355,
                            3.5096275
                        ],
                        [
                            -76.5495707,
                            3.5094147
                        ],
                        [
                            -76.5494339,
                            3.5092353
                        ],
                        [
                            -76.549383,
                            3.5090211
                        ],
                        [
                            -76.5492234,
                            3.5088043
                        ],
                        [
                            -76.5490919,
                            3.5084308
                        ],
                        [
                            -76.5488747,
                            3.5082862
                        ],
                        [
                            -76.5487003,
                            3.5079984
                        ],
                        [
                            -76.5486775,
                            3.5078887
                        ],
                        [
                            -76.5485246,
                            3.5076343
                        ],
                        [
                            -76.5482497,
                            3.507285
                        ],
                        [
                            -76.5480821,
                            3.5068941
                        ],
                        [
                            -76.5479922,
                            3.5064805
                        ],
                        [
                            -76.5480526,
                            3.5063413
                        ],
                        [
                            -76.548184,
                            3.506194
                        ],
                        [
                            -76.548349,
                            3.5061324
                        ],
                        [
                            -76.5483865,
                            3.5060267
                        ],
                        [
                            -76.5484304,
                            3.5058486
                        ],
                        [
                            -76.5484604,
                            3.5057306
                        ],
                        [
                            -76.5484564,
                            3.5055906
                        ],
                        [
                            -76.5484164,
                            3.5053546
                        ],
                        [
                            -76.5484534,
                            3.5050016
                        ],
                        [
                            -76.5484734,
                            3.5046106
                        ],
                        [
                            -76.5484634,
                            3.5045136
                        ],
                        [
                            -76.5484304,
                            3.5044026
                        ],
                        [
                            -76.5483304,
                            3.5041936
                        ],
                        [
                            -76.5481623,
                            3.5039029
                        ],
                        [
                            -76.5480194,
                            3.5035566
                        ],
                        [
                            -76.5478924,
                            3.5034316
                        ],
                        [
                            -76.5478354,
                            3.5033316
                        ],
                        [
                            -76.547854,
                            3.5031844
                        ],
                        [
                            -76.547845,
                            3.503082
                        ],
                        [
                            -76.547756,
                            3.502755
                        ],
                        [
                            -76.547762,
                            3.502704
                        ],
                        [
                            -76.547795,
                            3.502633
                        ],
                        [
                            -76.547921,
                            3.50244
                        ],
                        [
                            -76.54796,
                            3.502314
                        ],
                        [
                            -76.547952,
                            3.502067
                        ],
                        [
                            -76.547926,
                            3.501875
                        ],
                        [
                            -76.547938,
                            3.501558
                        ],
                        [
                            -76.547919,
                            3.501337
                        ],
                        [
                            -76.547921,
                            3.501232
                        ],
                        [
                            -76.548006,
                            3.500762
                        ],
                        [
                            -76.548014,
                            3.500673
                        ],
                        [
                            -76.5479735,
                            3.5004936
                        ],
                        [
                            -76.548055,
                            3.500258
                        ],
                        [
                            -76.548043,
                            3.500071
                        ],
                        [
                            -76.547965,
                            3.499854
                        ],
                        [
                            -76.54786,
                            3.499688
                        ],
                        [
                            -76.547677,
                            3.499479
                        ],
                        [
                            -76.547609,
                            3.499374
                        ],
                        [
                            -76.547516,
                            3.499181
                        ],
                        [
                            -76.547405,
                            3.498903
                        ],
                        [
                            -76.5470078,
                            3.4978315
                        ],
                        [
                            -76.546583,
                            3.496866
                        ],
                        [
                            -76.546481,
                            3.496733
                        ],
                        [
                            -76.546397,
                            3.496666
                        ],
                        [
                            -76.545954,
                            3.496381
                        ],
                        [
                            -76.545681,
                            3.49615
                        ],
                        [
                            -76.545576,
                            3.496083
                        ],
                        [
                            -76.545262,
                            3.495966
                        ],
                        [
                            -76.54503,
                            3.495772
                        ],
                        [
                            -76.54492,
                            3.495737
                        ],
                        [
                            -76.544724,
                            3.4957083
                        ],
                        [
                            -76.5443859,
                            3.4956603
                        ],
                        [
                            -76.5442638,
                            3.4957955
                        ],
                        [
                            -76.5439567,
                            3.4960257
                        ],
                        [
                            -76.5433452,
                            3.4967271
                        ],
                        [
                            -76.5431857,
                            3.4973097
                        ],
                        [
                            -76.542916,
                            3.4979587
                        ],
                        [
                            -76.5430275,
                            3.4985278
                        ],
                        [
                            -76.5429589,
                            3.498901
                        ],
                        [
                            -76.5425834,
                            3.4994151
                        ],
                        [
                            -76.5414033,
                            3.4996614
                        ],
                        [
                            -76.5403947,
                            3.4998327
                        ],
                        [
                            -76.5395794,
                            3.5001111
                        ],
                        [
                            -76.5385816,
                            3.4997042
                        ],
                        [
                            -76.5380532,
                            3.4999599
                        ],
                        [
                            -76.5379821,
                            3.5000241
                        ],
                        [
                            -76.5379352,
                            3.5000549
                        ],
                        [
                            -76.5378775,
                            3.5000615
                        ],
                        [
                            -76.5377622,
                            3.5000589
                        ],
                        [
                            -76.5376777,
                            3.5000656
                        ],
                        [
                            -76.5375731,
                            3.5001272
                        ],
                        [
                            -76.5374769,
                            3.5002587
                        ],
                        [
                            -76.5373813,
                            3.5003092
                        ],
                        [
                            -76.537211,
                            3.5003079
                        ],
                        [
                            -76.5371158,
                            3.5002624
                        ],
                        [
                            -76.5368784,
                            3.5002209
                        ],
                        [
                            -76.5363581,
                            3.5001687
                        ],
                        [
                            -76.5359651,
                            3.5001754
                        ],
                        [
                            -76.5356039,
                            3.5001665
                        ],
                        [
                            -76.535367,
                            3.5000696
                        ],
                        [
                            -76.5351564,
                            3.4999184
                        ],
                        [
                            -76.5349392,
                            3.4998702
                        ],
                        [
                            -76.534742,
                            3.4998983
                        ],
                        [
                            -76.5345911,
                            3.4999517
                        ],
                        [
                            -76.53416,
                            3.5001299
                        ],
                        [
                            -76.5340433,
                            3.50017
                        ],
                        [
                            -76.5339535,
                            3.500166
                        ],
                        [
                            -76.5339092,
                            3.5001326
                        ],
                        [
                            -76.5338784,
                            3.5000389
                        ],
                        [
                            -76.5337644,
                            3.4999478
                        ],
                        [
                            -76.5336223,
                            3.4999719
                        ],
                        [
                            -76.5334197,
                            3.4999692
                        ],
                        [
                            -76.5333324,
                            3.4998769
                        ],
                        [
                            -76.5333325,
                            3.4997912
                        ],
                        [
                            -76.53335,
                            3.4996988
                        ],
                        [
                            -76.5333473,
                            3.4994914
                        ],
                        [
                            -76.5333501,
                            3.499422
                        ],
                        [
                            -76.5333191,
                            3.4993789
                        ],
                        [
                            -76.5330295,
                            3.4992866
                        ],
                        [
                            -76.5328363,
                            3.4993281
                        ],
                        [
                            -76.5326607,
                            3.4993114
                        ],
                        [
                            -76.5325502,
                            3.4992853
                        ],
                        [
                            -76.5324408,
                            3.4992373
                        ],
                        [
                            -76.532127,
                            3.4987501
                        ],
                        [
                            -76.5319285,
                            3.4987393
                        ],
                        [
                            -76.5316093,
                            3.4987741
                        ],
                        [
                            -76.5311783,
                            3.4984528
                        ],
                        [
                            -76.5308341,
                            3.4981664
                        ],
                        [
                            -76.5307081,
                            3.4978291
                        ],
                        [
                            -76.5307564,
                            3.4975426
                        ],
                        [
                            -76.5306866,
                            3.4974596
                        ],
                        [
                            -76.5304372,
                            3.4973579
                        ],
                        [
                            -76.5302601,
                            3.4970634
                        ],
                        [
                            -76.5299732,
                            3.4971384
                        ],
                        [
                            -76.5298095,
                            3.4974998
                        ],
                        [
                            -76.5295564,
                            3.4977803
                        ],
                        [
                            -76.5291363,
                            3.4976738
                        ],
                        [
                            -76.5288869,
                            3.4976618
                        ],
                        [
                            -76.5286018,
                            3.4975152
                        ],
                        [
                            -76.5283611,
                            3.4974904
                        ],
                        [
                            -76.5281023,
                            3.4975507
                        ],
                        [
                            -76.5279897,
                            3.4976644
                        ],
                        [
                            -76.5278743,
                            3.4976765
                        ],
                        [
                            -76.5277322,
                            3.4976644
                        ],
                        [
                            -76.5276385,
                            3.4975805
                        ],
                        [
                            -76.5273768,
                            3.4976377
                        ],
                        [
                            -76.5271837,
                            3.4975989
                        ],
                        [
                            -76.5271166,
                            3.4976323
                        ],
                        [
                            -76.5270388,
                            3.4976939
                        ],
                        [
                            -76.5269972,
                            3.4976832
                        ],
                        [
                            -76.5269248,
                            3.4976109
                        ],
                        [
                            -76.5268403,
                            3.4974677
                        ],
                        [
                            -76.5267842,
                            3.4974208
                        ],
                        [
                            -76.5267196,
                            3.4973351
                        ],
                        [
                            -76.5266231,
                            3.4972562
                        ],
                        [
                            -76.5263267,
                            3.497125
                        ],
                        [
                            -76.5262355,
                            3.497133
                        ],
                        [
                            -76.5261939,
                            3.4971625
                        ],
                        [
                            -76.5260585,
                            3.4972495
                        ],
                        [
                            -76.5259351,
                            3.4972455
                        ],
                        [
                            -76.5259002,
                            3.497204
                        ],
                        [
                            -76.5258023,
                            3.4971183
                        ],
                        [
                            -76.5255582,
                            3.4971699
                        ],
                        [
                            -76.5252967,
                            3.4972776
                        ],
                        [
                            -76.5250312,
                            3.4972535
                        ],
                        [
                            -76.52483,
                            3.4970862
                        ],
                        [
                            -76.5245463,
                            3.4966992
                        ],
                        [
                            -76.5244277,
                            3.496619
                        ],
                        [
                            -76.5243593,
                            3.496623
                        ],
                        [
                            -76.5242855,
                            3.4966886
                        ],
                        [
                            -76.5242238,
                            3.4967769
                        ],
                        [
                            -76.5241796,
                            3.496785
                        ],
                        [
                            -76.5241179,
                            3.4967421
                        ],
                        [
                            -76.5241045,
                            3.4966699
                        ],
                        [
                            -76.5241165,
                            3.4965855
                        ],
                        [
                            -76.5241836,
                            3.496457
                        ],
                        [
                            -76.5242493,
                            3.496362
                        ],
                        [
                            -76.5242748,
                            3.4962455
                        ],
                        [
                            -76.5241916,
                            3.4960755
                        ],
                        [
                            -76.523442,
                            3.4955378
                        ],
                        [
                            -76.5230611,
                            3.495018
                        ],
                        [
                            -76.5227789,
                            3.4948605
                        ],
                        [
                            -76.5225253,
                            3.4947091
                        ],
                        [
                            -76.5224352,
                            3.494581
                        ],
                        [
                            -76.5223577,
                            3.494502
                        ],
                        [
                            -76.5221841,
                            3.4944325
                        ],
                        [
                            -76.5175638,
                            3.4930161
                        ],
                        [
                            -76.5167495,
                            3.4927561
                        ],
                        [
                            -76.515655,
                            3.4924191
                        ],
                        [
                            -76.5137274,
                            3.4918151
                        ],
                        [
                            -76.5106871,
                            3.490863
                        ],
                        [
                            -76.5100068,
                            3.4906503
                        ],
                        [
                            -76.5099608,
                            3.4906365
                        ],
                        [
                            -76.5099149,
                            3.4906228
                        ],
                        [
                            -76.5087923,
                            3.4902549
                        ],
                        [
                            -76.5078235,
                            3.4938775
                        ],
                        [
                            -76.5061036,
                            3.494514
                        ],
                        [
                            -76.5055857,
                            3.4947367
                        ],
                        [
                            -76.5043347,
                            3.4952746
                        ],
                        [
                            -76.5031844,
                            3.4957693
                        ],
                        [
                            -76.5029248,
                            3.4958874
                        ],
                        [
                            -76.5024534,
                            3.4960836
                        ],
                        [
                            -76.5016819,
                            3.4964153
                        ],
                        [
                            -76.5009069,
                            3.4967486
                        ],
                        [
                            -76.500729,
                            3.4968251
                        ],
                        [
                            -76.4994598,
                            3.4973709
                        ],
                        [
                            -76.4987428,
                            3.4976792
                        ],
                        [
                            -76.4972822,
                            3.4982108
                        ],
                        [
                            -76.4972377,
                            3.4984096
                        ],
                        [
                            -76.4972296,
                            3.4985416
                        ],
                        [
                            -76.4972322,
                            3.4987682
                        ],
                        [
                            -76.4972592,
                            3.4989638
                        ],
                        [
                            -76.4973161,
                            3.4992341
                        ],
                        [
                            -76.4973154,
                            3.4993414
                        ],
                        [
                            -76.4973869,
                            3.4995681
                        ],
                        [
                            -76.4973725,
                            3.4997969
                        ],
                        [
                            -76.4973376,
                            3.4999795
                        ],
                        [
                            -76.4973234,
                            3.5000872
                        ],
                        [
                            -76.4972953,
                            3.500121
                        ],
                        [
                            -76.4972218,
                            3.5002298
                        ],
                        [
                            -76.4971412,
                            3.5003451
                        ],
                        [
                            -76.4970474,
                            3.5004361
                        ],
                        [
                            -76.4969729,
                            3.5005241
                        ],
                        [
                            -76.4968929,
                            3.5005792
                        ],
                        [
                            -76.4968265,
                            3.5006161
                        ],
                        [
                            -76.4966757,
                            3.5006324
                        ],
                        [
                            -76.496526,
                            3.5006455
                        ],
                        [
                            -76.496381,
                            3.500651
                        ],
                        [
                            -76.4963125,
                            3.5007988
                        ],
                        [
                            -76.4963268,
                            3.5008892
                        ],
                        [
                            -76.4963609,
                            3.5010022
                        ],
                        [
                            -76.4964054,
                            3.5011099
                        ],
                        [
                            -76.4964645,
                            3.5011955
                        ],
                        [
                            -76.4965396,
                            3.5012785
                        ],
                        [
                            -76.4966206,
                            3.5013505
                        ],
                        [
                            -76.4967466,
                            3.5014335
                        ],
                        [
                            -76.4968512,
                            3.501546
                        ],
                        [
                            -76.4969017,
                            3.5016319
                        ],
                        [
                            -76.4969344,
                            3.5017226
                        ],
                        [
                            -76.4969392,
                            3.5018086
                        ],
                        [
                            -76.4968834,
                            3.5018993
                        ],
                        [
                            -76.4968003,
                            3.501977
                        ],
                        [
                            -76.496722,
                            3.5019987
                        ],
                        [
                            -76.4966353,
                            3.5020341
                        ],
                        [
                            -76.4965122,
                            3.5020152
                        ],
                        [
                            -76.4963349,
                            3.5019508
                        ],
                        [
                            -76.4961617,
                            3.5018728
                        ],
                        [
                            -76.4959849,
                            3.5018163
                        ],
                        [
                            -76.4958347,
                            3.5018056
                        ],
                        [
                            -76.4956952,
                            3.501819
                        ],
                        [
                            -76.495563,
                            3.5018783
                        ],
                        [
                            -76.4953344,
                            3.5019695
                        ],
                        [
                            -76.4952329,
                            3.502035
                        ],
                        [
                            -76.4951615,
                            3.5021124
                        ],
                        [
                            -76.4950611,
                            3.5021881
                        ],
                        [
                            -76.4949052,
                            3.5023488
                        ],
                        [
                            -76.4948698,
                            3.502478
                        ],
                        [
                            -76.4949322,
                            3.5025647
                        ],
                        [
                            -76.4950461,
                            3.5025778
                        ],
                        [
                            -76.495261,
                            3.5025273
                        ],
                        [
                            -76.4953593,
                            3.5025079
                        ],
                        [
                            -76.4955032,
                            3.5024819
                        ],
                        [
                            -76.4956136,
                            3.5025037
                        ],
                        [
                            -76.4956912,
                            3.5025914
                        ],
                        [
                            -76.4957234,
                            3.5026771
                        ],
                        [
                            -76.4957466,
                            3.5027164
                        ],
                        [
                            -76.4956684,
                            3.5028544
                        ],
                        [
                            -76.4956343,
                            3.5028849
                        ],
                        [
                            -76.4955122,
                            3.5029488
                        ],
                        [
                            -76.4954309,
                            3.503027
                        ],
                        [
                            -76.4953413,
                            3.5031028
                        ],
                        [
                            -76.4952689,
                            3.5031482
                        ],
                        [
                            -76.4952021,
                            3.5032231
                        ],
                        [
                            -76.4950555,
                            3.5034334
                        ],
                        [
                            -76.4949716,
                            3.5035897
                        ],
                        [
                            -76.4948544,
                            3.503847
                        ],
                        [
                            -76.4947934,
                            3.504036
                        ],
                        [
                            -76.4946938,
                            3.5041138
                        ],
                        [
                            -76.4945974,
                            3.5041301
                        ],
                        [
                            -76.494503,
                            3.5041084
                        ],
                        [
                            -76.4944319,
                            3.5040476
                        ],
                        [
                            -76.4944332,
                            3.5039519
                        ],
                        [
                            -76.4944778,
                            3.5038549
                        ],
                        [
                            -76.4945239,
                            3.5037622
                        ],
                        [
                            -76.494548,
                            3.5036711
                        ],
                        [
                            -76.4945578,
                            3.5035632
                        ],
                        [
                            -76.4945425,
                            3.5034759
                        ],
                        [
                            -76.4945165,
                            3.5034058
                        ],
                        [
                            -76.4944536,
                            3.5033444
                        ],
                        [
                            -76.4943407,
                            3.503329
                        ],
                        [
                            -76.4941653,
                            3.5034132
                        ],
                        [
                            -76.4940763,
                            3.5035516
                        ],
                        [
                            -76.4940409,
                            3.503634
                        ],
                        [
                            -76.4939907,
                            3.503744
                        ],
                        [
                            -76.4939625,
                            3.5039327
                        ],
                        [
                            -76.4939885,
                            3.5040442
                        ],
                        [
                            -76.4940149,
                            3.5041901
                        ],
                        [
                            -76.4940402,
                            3.5042701
                        ],
                        [
                            -76.4940833,
                            3.5044403
                        ],
                        [
                            -76.4942042,
                            3.5046125
                        ],
                        [
                            -76.4943303,
                            3.5048908
                        ],
                        [
                            -76.4944018,
                            3.5051042
                        ],
                        [
                            -76.4944554,
                            3.5052729
                        ],
                        [
                            -76.4943944,
                            3.5054252
                        ],
                        [
                            -76.4943192,
                            3.5055001
                        ],
                        [
                            -76.4942061,
                            3.5055165
                        ],
                        [
                            -76.4939802,
                            3.5055138
                        ],
                        [
                            -76.493832,
                            3.5055652
                        ],
                        [
                            -76.4936771,
                            3.5055142
                        ],
                        [
                            -76.4935395,
                            3.5054797
                        ],
                        [
                            -76.4933956,
                            3.5054781
                        ],
                        [
                            -76.4932244,
                            3.5055182
                        ],
                        [
                            -76.4930821,
                            3.5054672
                        ],
                        [
                            -76.4928622,
                            3.5055522
                        ],
                        [
                            -76.4924721,
                            3.5057125
                        ],
                        [
                            -76.4917337,
                            3.5059187
                        ],
                        [
                            -76.4912688,
                            3.5062328
                        ],
                        [
                            -76.4911541,
                            3.5071411
                        ],
                        [
                            -76.4908192,
                            3.508437
                        ],
                        [
                            -76.4903532,
                            3.5108886
                        ],
                        [
                            -76.4903175,
                            3.5122761
                        ],
                        [
                            -76.4903937,
                            3.5129399
                        ],
                        [
                            -76.4907649,
                            3.5139297
                        ],
                        [
                            -76.491134,
                            3.5146884
                        ],
                        [
                            -76.4913936,
                            3.5151069
                        ],
                        [
                            -76.4917422,
                            3.515927
                        ],
                        [
                            -76.4917178,
                            3.5165764
                        ],
                        [
                            -76.4916341,
                            3.5169375
                        ],
                        [
                            -76.4908065,
                            3.5189505
                        ],
                        [
                            -76.489654,
                            3.5203959
                        ],
                        [
                            -76.4889734,
                            3.5211274
                        ],
                        [
                            -76.4886668,
                            3.5219296
                        ],
                        [
                            -76.4883157,
                            3.5247435
                        ],
                        [
                            -76.4881305,
                            3.5258669
                        ],
                        [
                            -76.4881998,
                            3.5272162
                        ],
                        [
                            -76.4883044,
                            3.5276511
                        ],
                        [
                            -76.4885277,
                            3.5280418
                        ],
                        [
                            -76.4895767,
                            3.5307751
                        ],
                        [
                            -76.4904415,
                            3.53244
                        ],
                        [
                            -76.4889806,
                            3.5351244
                        ],
                        [
                            -76.4858789,
                            3.538157
                        ],
                        [
                            -76.4836012,
                            3.5396184
                        ],
                        [
                            -76.4817824,
                            3.5405081
                        ],
                        [
                            -76.4801354,
                            3.5407784
                        ],
                        [
                            -76.4775699,
                            3.5398272
                        ],
                        [
                            -76.4754418,
                            3.5383647
                        ],
                        [
                            -76.473456,
                            3.535814
                        ],
                        [
                            -76.4724512,
                            3.5347835
                        ],
                        [
                            -76.4712788,
                            3.5343882
                        ],
                        [
                            -76.4702298,
                            3.5345765
                        ],
                        [
                            -76.4689713,
                            3.5358865
                        ],
                        [
                            -76.4683414,
                            3.5371994
                        ],
                        [
                            -76.4680754,
                            3.5387331
                        ],
                        [
                            -76.4682394,
                            3.5401067
                        ],
                        [
                            -76.4691956,
                            3.542
                        ],
                        [
                            -76.473165,
                            3.5446436
                        ],
                        [
                            -76.4783353,
                            3.544738
                        ],
                        [
                            -76.4856362,
                            3.5482236
                        ],
                        [
                            -76.4872241,
                            3.5492944
                        ],
                        [
                            -76.4882112,
                            3.5507025
                        ],
                        [
                            -76.4886403,
                            3.5529245
                        ],
                        [
                            -76.4877123,
                            3.5587658
                        ],
                        [
                            -76.4870385,
                            3.5599495
                        ],
                        [
                            -76.4851534,
                            3.560977
                        ],
                        [
                            -76.4811409,
                            3.5618605
                        ],
                        [
                            -76.4781904,
                            3.5626422
                        ],
                        [
                            -76.4762163,
                            3.5630116
                        ],
                        [
                            -76.4738721,
                            3.562867
                        ],
                        [
                            -76.4714129,
                            3.5629522
                        ],
                        [
                            -76.4702457,
                            3.5627439
                        ],
                        [
                            -76.4684793,
                            3.562052
                        ],
                        [
                            -76.4667422,
                            3.56071
                        ],
                        [
                            -76.4653319,
                            3.5595529
                        ],
                        [
                            -76.4640997,
                            3.5589566
                        ],
                        [
                            -76.4635027,
                            3.5588301
                        ],
                        [
                            -76.4630038,
                            3.5589478
                        ],
                        [
                            -76.4623026,
                            3.5597415
                        ],
                        [
                            -76.4617217,
                            3.5607093
                        ],
                        [
                            -76.4612067,
                            3.5623209
                        ],
                        [
                            -76.4610926,
                            3.5632566
                        ],
                        [
                            -76.4622436,
                            3.5663901
                        ],
                        [
                            -76.4622098,
                            3.5670967
                        ],
                        [
                            -76.4619416,
                            3.5679534
                        ],
                        [
                            -76.461073,
                            3.5691978
                        ],
                        [
                            -76.4597568,
                            3.5713948
                        ],
                        [
                            -76.4590287,
                            3.5729808
                        ],
                        [
                            -76.4586961,
                            3.5742978
                        ],
                        [
                            -76.4587107,
                            3.575662
                        ],
                        [
                            -76.4590341,
                            3.5769159
                        ],
                        [
                            -76.4597797,
                            3.5783615
                        ],
                        [
                            -76.4611696,
                            3.5806061
                        ],
                        [
                            -76.4615505,
                            3.5817336
                        ],
                        [
                            -76.4614749,
                            3.582393
                        ],
                        [
                            -76.4608032,
                            3.5838297
                        ],
                        [
                            -76.4599675,
                            3.5853109
                        ],
                        [
                            -76.4589575,
                            3.586402
                        ],
                        [
                            -76.4572007,
                            3.5877431
                        ],
                        [
                            -76.4569151,
                            3.5882582
                        ],
                        [
                            -76.4568481,
                            3.5888606
                        ],
                        [
                            -76.4570991,
                            3.5893512
                        ],
                        [
                            -76.4593211,
                            3.590804
                        ],
                        [
                            -76.4599508,
                            3.5913294
                        ],
                        [
                            -76.4602035,
                            3.5921505
                        ],
                        [
                            -76.4602231,
                            3.59234
                        ],
                        [
                            -76.4603121,
                            3.5932014
                        ],
                        [
                            -76.4600721,
                            3.5945036
                        ],
                        [
                            -76.4600329,
                            3.5958787
                        ],
                        [
                            -76.4603628,
                            3.5968263
                        ],
                        [
                            -76.4609197,
                            3.5977025
                        ],
                        [
                            -76.4626122,
                            3.5990409
                        ],
                        [
                            -76.4630831,
                            3.5996265
                        ],
                        [
                            -76.4630842,
                            3.5999324
                        ],
                        [
                            -76.462844,
                            3.6005442
                        ],
                        [
                            -76.4622313,
                            3.6010219
                        ],
                        [
                            -76.4616631,
                            3.6012946
                        ],
                        [
                            -76.4611074,
                            3.6012226
                        ],
                        [
                            -76.460638,
                            3.6008907
                        ],
                        [
                            -76.4600319,
                            3.6000716
                        ],
                        [
                            -76.458658,
                            3.5988254
                        ],
                        [
                            -76.4573528,
                            3.5980524
                        ],
                        [
                            -76.4560846,
                            3.5976074
                        ],
                        [
                            -76.4547935,
                            3.5978845
                        ],
                        [
                            -76.453991,
                            3.5985473
                        ],
                        [
                            -76.4531279,
                            3.5993488
                        ],
                        [
                            -76.4527294,
                            3.6003542
                        ],
                        [
                            -76.4529133,
                            3.6017259
                        ],
                        [
                            -76.4538091,
                            3.6027985
                        ],
                        [
                            -76.4547291,
                            3.6035328
                        ],
                        [
                            -76.4552296,
                            3.6043688
                        ],
                        [
                            -76.4558408,
                            3.60676
                        ],
                        [
                            -76.4567152,
                            3.611142
                        ],
                        [
                            -76.4565006,
                            3.6134869
                        ],
                        [
                            -76.4562768,
                            3.6150568
                        ],
                        [
                            -76.4564255,
                            3.6175611
                        ],
                        [
                            -76.4570317,
                            3.6198097
                        ],
                        [
                            -76.4584103,
                            3.6217531
                        ],
                        [
                            -76.4606848,
                            3.623825
                        ],
                        [
                            -76.4614305,
                            3.6245852
                        ],
                        [
                            -76.4610886,
                            3.6251342
                        ],
                        [
                            -76.4606848,
                            3.6253615
                        ],
                        [
                            -76.4583138,
                            3.6256131
                        ],
                        [
                            -76.4552668,
                            3.626625
                        ],
                        [
                            -76.4525631,
                            3.6283328
                        ],
                        [
                            -76.4507017,
                            3.6304743
                        ],
                        [
                            -76.4503154,
                            3.634104
                        ],
                        [
                            -76.4527509,
                            3.6382798
                        ],
                        [
                            -76.4533087,
                            3.640614
                        ],
                        [
                            -76.4525042,
                            3.6418989
                        ],
                        [
                            -76.4504656,
                            3.6437405
                        ],
                        [
                            -76.4492682,
                            3.6465282
                        ],
                        [
                            -76.4485452,
                            3.6469795
                        ],
                        [
                            -76.446417,
                            3.6466701
                        ],
                        [
                            -76.4444055,
                            3.6459184
                        ],
                        [
                            -76.4430696,
                            3.6456422
                        ],
                        [
                            -76.4418703,
                            3.6458553
                        ],
                        [
                            -76.4412028,
                            3.6465363
                        ],
                        [
                            -76.4407951,
                            3.6473875
                        ],
                        [
                            -76.4405066,
                            3.6494839
                        ],
                        [
                            -76.4391988,
                            3.6511328
                        ],
                        [
                            -76.4387611,
                            3.6523063
                        ],
                        [
                            -76.4398072,
                            3.6535761
                        ],
                        [
                            -76.4415645,
                            3.6548042
                        ],
                        [
                            -76.4466017,
                            3.658193
                        ],
                        [
                            -76.4476167,
                            3.6599907
                        ],
                        [
                            -76.4479836,
                            3.6620025
                        ],
                        [
                            -76.4453411,
                            3.6639041
                        ],
                        [
                            -76.4425752,
                            3.6648827
                        ],
                        [
                            -76.4388673,
                            3.6644062
                        ],
                        [
                            -76.4360371,
                            3.664751
                        ],
                        [
                            -76.433932,
                            3.6671472
                        ],
                        [
                            -76.435153,
                            3.6734139
                        ],
                        [
                            -76.4345007,
                            3.6762095
                        ],
                        [
                            -76.4327068,
                            3.6780435
                        ],
                        [
                            -76.4293044,
                            3.6798209
                        ],
                        [
                            -76.4262976,
                            3.6809786
                        ],
                        [
                            -76.4272046,
                            3.6819807
                        ],
                        [
                            -76.4275074,
                            3.6822813
                        ],
                        [
                            -76.4280241,
                            3.6825224
                        ],
                        [
                            -76.4292059,
                            3.6829709
                        ],
                        [
                            -76.4301134,
                            3.6830565
                        ],
                        [
                            -76.4310657,
                            3.6830508
                        ],
                        [
                            -76.4320158,
                            3.6826806
                        ],
                        [
                            -76.4329629,
                            3.6818092
                        ],
                        [
                            -76.4341845,
                            3.6813462
                        ],
                        [
                            -76.4350909,
                            3.6812496
                        ],
                        [
                            -76.4360432,
                            3.6812439
                        ],
                        [
                            -76.437724,
                            3.6817348
                        ],
                        [
                            -76.4385881,
                            3.6821396
                        ],
                        [
                            -76.4395885,
                            3.6825891
                        ],
                        [
                            -76.4408614,
                            3.6831281
                        ],
                        [
                            -76.4416801,
                            3.6835332
                        ],
                        [
                            -76.442728,
                            3.6843469
                        ],
                        [
                            -76.4434118,
                            3.684935
                        ],
                        [
                            -76.443777,
                            3.6853428
                        ],
                        [
                            -76.4446867,
                            3.6857929
                        ],
                        [
                            -76.4456862,
                            3.6861057
                        ],
                        [
                            -76.4466388,
                            3.6861455
                        ],
                        [
                            -76.4475457,
                            3.68614
                        ],
                        [
                            -76.448589,
                            3.6861792
                        ],
                        [
                            -76.449907,
                            3.6866723
                        ],
                        [
                            -76.4508612,
                            3.6869855
                        ],
                        [
                            -76.4517692,
                            3.6871622
                        ],
                        [
                            -76.452813,
                            3.6872925
                        ],
                        [
                            -76.4536317,
                            3.6876975
                        ],
                        [
                            -76.4543605,
                            3.6882398
                        ],
                        [
                            -76.4549995,
                            3.6889193
                        ],
                        [
                            -76.455141,
                            3.6898295
                        ],
                        [
                            -76.4552383,
                            3.6909223
                        ],
                        [
                            -76.4565149,
                            3.6920535
                        ],
                        [
                            -76.4573335,
                            3.6924585
                        ],
                        [
                            -76.4582408,
                            3.6924985
                        ],
                        [
                            -76.4591477,
                            3.692493
                        ],
                        [
                            -76.4600549,
                            3.692533
                        ],
                        [
                            -76.4608735,
                            3.6929381
                        ],
                        [
                            -76.4616925,
                            3.6933886
                        ],
                        [
                            -76.4626932,
                            3.6938836
                        ],
                        [
                            -76.4637344,
                            3.693604
                        ],
                        [
                            -76.4646394,
                            3.6932795
                        ],
                        [
                            -76.4656832,
                            3.6934098
                        ],
                        [
                            -76.4665945,
                            3.6941332
                        ],
                        [
                            -76.4674149,
                            3.6948115
                        ],
                        [
                            -76.4680088,
                            3.6955368
                        ],
                        [
                            -76.4689657,
                            3.6963054
                        ],
                        [
                            -76.4698762,
                            3.6968921
                        ],
                        [
                            -76.4708765,
                            3.6973415
                        ],
                        [
                            -76.4717856,
                            3.6977004
                        ],
                        [
                            -76.4726491,
                            3.698014
                        ],
                        [
                            -76.4736484,
                            3.6982812
                        ],
                        [
                            -76.4755529,
                            3.6982696
                        ],
                        [
                            -76.4764584,
                            3.6980362
                        ],
                        [
                            -76.4773636,
                            3.6977574
                        ],
                        [
                            -76.4782705,
                            3.6977518
                        ],
                        [
                            -76.4792695,
                            3.6979735
                        ],
                        [
                            -76.4801772,
                            3.6981046
                        ],
                        [
                            -76.4810844,
                            3.6981446
                        ],
                        [
                            -76.4843038,
                            3.6981248
                        ],
                        [
                            -76.4854352,
                            3.6977534
                        ],
                        [
                            -76.4863869,
                            3.6976565
                        ],
                        [
                            -76.4891982,
                            3.6976392
                        ],
                        [
                            -76.4905148,
                            3.6979045
                        ],
                        [
                            -76.4915137,
                            3.6981261
                        ],
                        [
                            -76.4923324,
                            3.6985311
                        ],
                        [
                            -76.4934237,
                            3.6990255
                        ],
                        [
                            -76.4944218,
                            3.6991104
                        ],
                        [
                            -76.4963262,
                            3.6990987
                        ],
                        [
                            -76.497686,
                            3.6989993
                        ],
                        [
                            -76.4985909,
                            3.6986748
                        ],
                        [
                            -76.4994972,
                            3.6985781
                        ],
                        [
                            -76.5005384,
                            3.6982984
                        ],
                        [
                            -76.5013983,
                            3.6980198
                        ],
                        [
                            -76.5022117,
                            3.6975593
                        ],
                        [
                            -76.5030253,
                            3.6971443
                        ],
                        [
                            -76.503977,
                            3.6970473
                        ],
                        [
                            -76.5048402,
                            3.6973153
                        ],
                        [
                            -76.5055239,
                            3.6979033
                        ],
                        [
                            -76.5065378,
                            3.6993873
                        ],
                        [
                            -76.5065961,
                            3.6998903
                        ],
                        [
                            -76.5072304,
                            3.6990995
                        ],
                        [
                            -76.5082831,
                            3.6989972
                        ],
                        [
                            -76.5091863,
                            3.6989008
                        ],
                        [
                            -76.5098148,
                            3.6982159
                        ],
                        [
                            -76.5104879,
                            3.69744
                        ],
                        [
                            -76.5110255,
                            3.6966649
                        ],
                        [
                            -76.5116537,
                            3.6959347
                        ],
                        [
                            -76.512326,
                            3.6950225
                        ],
                        [
                            -76.5129084,
                            3.6942017
                        ],
                        [
                            -76.5134455,
                            3.6933358
                        ],
                        [
                            -76.5138921,
                            3.6924705
                        ],
                        [
                            -76.5147041,
                            3.6922385
                        ],
                        [
                            -76.5153808,
                            3.6920528
                        ],
                        [
                            -76.5160548,
                            3.691413
                        ],
                        [
                            -76.5165017,
                            3.6905931
                        ],
                        [
                            -76.5167221,
                            3.6896837
                        ],
                        [
                            -76.5171687,
                            3.6888184
                        ],
                        [
                            -76.5176156,
                            3.6879985
                        ],
                        [
                            -76.5184689,
                            3.6871307
                        ],
                        [
                            -76.519234,
                            3.6866266
                        ],
                        [
                            -76.5200449,
                            3.686213
                        ],
                        [
                            -76.5207191,
                            3.6856186
                        ],
                        [
                            -76.5215273,
                            3.6847511
                        ],
                        [
                            -76.5221557,
                            3.6840662
                        ],
                        [
                            -76.5226467,
                            3.6830645
                        ],
                        [
                            -76.5226191,
                            3.6785248
                        ],
                        [
                            -76.5227488,
                            3.6775706
                        ],
                        [
                            -76.5226529,
                            3.6766632
                        ],
                        [
                            -76.5220716,
                            3.6758705
                        ],
                        [
                            -76.5219655,
                            3.6755133
                        ],
                        [
                            -76.5219772,
                            3.6752105
                        ],
                        [
                            -76.5221178,
                            3.6748337
                        ],
                        [
                            -76.5220442,
                            3.6731713
                        ],
                        [
                            -76.5218425,
                            3.6722282
                        ],
                        [
                            -76.5219757,
                            3.6712204
                        ],
                        [
                            -76.5225224,
                            3.6705196
                        ],
                        [
                            -76.5231998,
                            3.6699863
                        ],
                        [
                            -76.524009,
                            3.6693004
                        ],
                        [
                            -76.5244099,
                            3.6683445
                        ],
                        [
                            -76.5244044,
                            3.6674366
                        ],
                        [
                            -76.5247606,
                            3.6665718
                        ],
                        [
                            -76.5252075,
                            3.6657519
                        ],
                        [
                            -76.5255642,
                            3.6649598
                        ],
                        [
                            -76.5259202,
                            3.6640497
                        ],
                        [
                            -76.5264126,
                            3.6632749
                        ],
                        [
                            -76.526995,
                            3.6624541
                        ],
                        [
                            -76.527442,
                            3.6616342
                        ],
                        [
                            -76.5275268,
                            3.6607258
                        ],
                        [
                            -76.527515,
                            3.6587737
                        ],
                        [
                            -76.5277803,
                            3.6578187
                        ],
                        [
                            -76.5282267,
                            3.656908
                        ],
                        [
                            -76.5284471,
                            3.6559987
                        ],
                        [
                            -76.5283055,
                            3.6550008
                        ],
                        [
                            -76.5278939,
                            3.6541862
                        ],
                        [
                            -76.527798,
                            3.6532788
                        ],
                        [
                            -76.5285632,
                            3.6527747
                        ],
                        [
                            -76.5303706,
                            3.6527637
                        ],
                        [
                            -76.5307288,
                            3.6527207
                        ],
                        [
                            -76.5312729,
                            3.6525312
                        ],
                        [
                            -76.5314126,
                            3.6524042
                        ],
                        [
                            -76.5314933,
                            3.6523335
                        ],
                        [
                            -76.5319909,
                            3.6517097
                        ],
                        [
                            -76.5328924,
                            3.651341
                        ],
                        [
                            -76.5334752,
                            3.6505656
                        ],
                        [
                            -76.5338769,
                            3.649746
                        ],
                        [
                            -76.5341428,
                            3.6488818
                        ],
                        [
                            -76.5345439,
                            3.6479714
                        ],
                        [
                            -76.5350358,
                            3.6471059
                        ],
                        [
                            -76.5355733,
                            3.6463308
                        ],
                        [
                            -76.5381485,
                            3.6454122
                        ],
                        [
                            -76.538801,
                            3.6445313
                        ],
                        [
                            -76.5402366,
                            3.6430631
                        ],
                        [
                            -76.5407586,
                            3.6423453
                        ],
                        [
                            -76.5411501,
                            3.6417906
                        ],
                        [
                            -76.5416069,
                            3.6411054
                        ],
                        [
                            -76.5419006,
                            3.6405508
                        ],
                        [
                            -76.542651,
                            3.6396046
                        ],
                        [
                            -76.543173,
                            3.6387889
                        ],
                        [
                            -76.5437929,
                            3.6380711
                        ],
                        [
                            -76.5446086,
                            3.6375817
                        ],
                        [
                            -76.5457506,
                            3.6372228
                        ],
                        [
                            -76.5472514,
                            3.6368639
                        ],
                        [
                            -76.548165,
                            3.6369618
                        ],
                        [
                            -76.5491111,
                            3.6372881
                        ],
                        [
                            -76.5506446,
                            3.637647
                        ],
                        [
                            -76.5519497,
                            3.6377775
                        ],
                        [
                            -76.5531569,
                            3.6375491
                        ],
                        [
                            -76.5536789,
                            3.6368639
                        ],
                        [
                            -76.554984,
                            3.6336665
                        ],
                        [
                            -76.5562891,
                            3.6293271
                        ],
                        [
                            -76.5569417,
                            3.6264559
                        ],
                        [
                            -76.5570395,
                            3.6238131
                        ],
                        [
                            -76.5568438,
                            3.6210724
                        ],
                        [
                            -76.5569416,
                            3.6179728
                        ],
                        [
                            -76.5575289,
                            3.6147754
                        ],
                        [
                            -76.5599107,
                            3.6119368
                        ],
                        [
                            -76.5613789,
                            3.6105665
                        ],
                        [
                            -76.5649027,
                            3.6064229
                        ],
                        [
                            -76.5656531,
                            3.6044326
                        ],
                        [
                            -76.565751,
                            3.6030296
                        ],
                        [
                            -76.5673823,
                            3.5999953
                        ],
                        [
                            -76.5682632,
                            3.5974178
                        ],
                        [
                            -76.568198,
                            3.5946771
                        ],
                        [
                            -76.5681001,
                            3.5916428
                        ],
                        [
                            -76.5693399,
                            3.588478
                        ],
                        [
                            -76.5710039,
                            3.5849216
                        ],
                        [
                            -76.5722764,
                            3.5827356
                        ],
                        [
                            -76.5731899,
                            3.5813653
                        ],
                        [
                            -76.5736467,
                            3.5804843
                        ],
                        [
                            -76.573973,
                            3.5786899
                        ],
                        [
                            -76.5741307,
                            3.5778327
                        ],
                        [
                            -76.5743342,
                            3.5773395
                        ],
                        [
                            -76.5745688,
                            3.576346
                        ],
                        [
                            -76.5747814,
                            3.5756718
                        ],
                        [
                            -76.5752506,
                            3.5741838
                        ],
                        [
                            -76.5753124,
                            3.574059
                        ],
                        [
                            -76.5758756,
                            3.5729229
                        ],
                        [
                            -76.5766457,
                            3.5699826
                        ],
                        [
                            -76.5771827,
                            3.5693751
                        ],
                        [
                            -76.5772215,
                            3.569301
                        ],
                        [
                            -76.577418,
                            3.5693354
                        ],
                        [
                            -76.5776419,
                            3.5692939
                        ],
                        [
                            -76.5777916,
                            3.5692731
                        ],
                        [
                            -76.5779364,
                            3.5691848
                        ],
                        [
                            -76.5781712,
                            3.5689198
                        ],
                        [
                            -76.578261,
                            3.5688983
                        ],
                        [
                            -76.5783978,
                            3.5689211
                        ],
                        [
                            -76.5784715,
                            3.5689117
                        ],
                        [
                            -76.5785386,
                            3.5688809
                        ],
                        [
                            -76.5786096,
                            3.5688408
                        ],
                        [
                            -76.5787049,
                            3.5687752
                        ],
                        [
                            -76.5788122,
                            3.5687899
                        ],
                        [
                            -76.5788537,
                            3.5688247
                        ],
                        [
                            -76.5788953,
                            3.5689157
                        ],
                        [
                            -76.5789919,
                            3.5691272
                        ],
                        [
                            -76.5797335,
                            3.5692008
                        ],
                        [
                            -76.5803353,
                            3.5689344
                        ],
                        [
                            -76.5805963,
                            3.568086
                        ],
                        [
                            -76.5806289,
                            3.5663895
                        ],
                        [
                            -76.5826192,
                            3.5608755
                        ],
                        [
                            -76.5839569,
                            3.5597009
                        ],
                        [
                            -76.5856209,
                            3.5589178
                        ],
                        [
                            -76.5881005,
                            3.5573191
                        ],
                        [
                            -76.5903518,
                            3.5553941
                        ],
                        [
                            -76.5916895,
                            3.5541869
                        ],
                        [
                            -76.5924725,
                            3.5528818
                        ],
                        [
                            -76.593223,
                            3.5517399
                        ],
                        [
                            -76.5947238,
                            3.5505653
                        ],
                        [
                            -76.5955721,
                            3.549978
                        ],
                        [
                            -76.5965835,
                            3.5491623
                        ],
                        [
                            -76.597334,
                            3.5480204
                        ],
                        [
                            -76.5976656,
                            3.5470603
                        ],
                        [
                            -76.597808,
                            3.5463878
                        ]
                    ]
                ]
            }
        }
    ]
}